2025-09-15 19:40:29,559 [INFO] Activator:176 - 


2025-09-15 19:40:29,561 [INFO] Activator:177 - !SESSION log4j initialized
2025-09-15 19:40:31,770 [INFO] LogOutputStream:77 - [STDOUT_REDIRECT] 
2025-09-15 19:40:33,847 [INFO] ApplicationProperties:184 - Using Application install path: /opt/st/stm32cubeide_1.16.0/plugins/com.st.stm32cube.common.mx_6.12.0.202406281431
2025-09-15 19:40:33,866 [INFO] DbMcusXml:78 - Set database path to: /opt/st/stm32cubeide_1.16.0/plugins/com.st.stm32cube.common.mx_6.12.0.202406281431//db//mcu/
2025-09-15 19:40:33,867 [INFO] ApiDb:274 - Set plugin database path to: /opt/st/stm32cubeide_1.16.0/plugins/com.st.stm32cube.common.mx_6.12.0.202406281431//db//plugins/boardmanager/
2025-09-15 19:40:33,867 [WARN] ApiDb:259 - Overriding images path with different value:  => /opt/st/stm32cubeide_1.16.0/plugins/com.st.stm32cube.common.mx_6.12.0.202406281431//db//plugins/mcufinder/images/
2025-09-15 19:40:33,872 [INFO] ApiDb:250 - Set database path to: /home/kailas/.stmcufinder/plugins/mcufinder//mcu/
2025-09-15 19:40:33,873 [INFO] DbMcusAds:125 - Set database path to: /home/kailas/.stmcufinder/plugins/mcufinder//mcu/
2025-09-15 19:40:33,875 [INFO] CrossReferenceDbSqlite:203 - Set database path to: /home/kailas/.stmcufinder/plugins/mcufinder//mcu/cs/
2025-09-15 19:40:34,010 [INFO] RulesReader:64 - Compatibility file has been processed (297 Rules)
2025-09-15 19:40:34,075 [INFO] DbMcusXml:78 - Set database path to: /opt/st/stm32cubeide_1.16.0/plugins/com.st.stm32cube.common.mx_6.12.0.202406281431//db//mcu/
2025-09-15 19:40:34,076 [INFO] ApiDb:274 - Set plugin database path to: /opt/st/stm32cubeide_1.16.0/plugins/com.st.stm32cube.common.mx_6.12.0.202406281431//db//plugins/boardmanager/
2025-09-15 19:40:34,076 [INFO] ApiDb:261 - Set plugin images path to: /opt/st/stm32cubeide_1.16.0/plugins/com.st.stm32cube.common.mx_6.12.0.202406281431//db//plugins/mcufinder/images/
2025-09-15 19:40:34,076 [WARN] DbFile:41 - Overriding database path with different value: /home/kailas/.stmcufinder/plugins/mcufinder/ => /home/kailas/.stmcufinder/plugins/mcufinder
2025-09-15 19:40:34,076 [INFO] ApiDb:250 - Set database path to: /home/kailas/.stmcufinder/plugins/mcufinder//mcu/
2025-09-15 19:40:34,076 [WARN] DbFile:41 - Overriding database path with different value: /home/kailas/.stmcufinder/plugins/mcufinder/ => /home/kailas/.stmcufinder/plugins/mcufinder
2025-09-15 19:40:34,077 [INFO] DbMcusAds:125 - Set database path to: /home/kailas/.stmcufinder/plugins/mcufinder//mcu/
2025-09-15 19:40:34,077 [WARN] DbFile:41 - Overriding database path with different value: /home/kailas/.stmcufinder/plugins/mcufinder/ => /home/kailas/.stmcufinder/plugins/mcufinder
2025-09-15 19:40:34,077 [WARN] DbFile:41 - Overriding database path with different value: /home/kailas/.stmcufinder/plugins/mcufinder/ => /home/kailas/.stmcufinder/plugins/mcufinder
2025-09-15 19:40:34,077 [INFO] CrossReferenceDbSqlite:203 - Set database path to: /home/kailas/.stmcufinder/plugins/mcufinder//mcu/cs/
2025-09-15 19:40:34,140 [INFO] MainPanel:268 - HeapMemory: 268435456
2025-09-15 19:40:34,274 [INFO] DbMcusXml:78 - Set database path to: /opt/st/stm32cubeide_1.16.0/plugins/com.st.stm32cube.common.mx_6.12.0.202406281431//db//mcu/
2025-09-15 19:40:34,274 [INFO] ApiDb:274 - Set plugin database path to: /opt/st/stm32cubeide_1.16.0/plugins/com.st.stm32cube.common.mx_6.12.0.202406281431//db//plugins/boardmanager/
2025-09-15 19:40:34,275 [INFO] ApiDb:261 - Set plugin images path to: /opt/st/stm32cubeide_1.16.0/plugins/com.st.stm32cube.common.mx_6.12.0.202406281431//db//plugins/mcufinder/images/
2025-09-15 19:40:34,275 [WARN] DbFile:41 - Overriding database path with different value: /home/kailas/.stmcufinder/plugins/mcufinder/ => /home/kailas/.stmcufinder/plugins/mcufinder
2025-09-15 19:40:34,275 [INFO] ApiDb:250 - Set database path to: /home/kailas/.stmcufinder/plugins/mcufinder//mcu/
2025-09-15 19:40:34,275 [WARN] DbFile:41 - Overriding database path with different value: /home/kailas/.stmcufinder/plugins/mcufinder/ => /home/kailas/.stmcufinder/plugins/mcufinder
2025-09-15 19:40:34,276 [INFO] DbMcusAds:125 - Set database path to: /home/kailas/.stmcufinder/plugins/mcufinder//mcu/
2025-09-15 19:40:34,276 [WARN] DbFile:41 - Overriding database path with different value: /home/kailas/.stmcufinder/plugins/mcufinder/ => /home/kailas/.stmcufinder/plugins/mcufinder
2025-09-15 19:40:34,276 [WARN] DbFile:41 - Overriding database path with different value: /home/kailas/.stmcufinder/plugins/mcufinder/ => /home/kailas/.stmcufinder/plugins/mcufinder
2025-09-15 19:40:34,276 [INFO] CrossReferenceDbSqlite:203 - Set database path to: /home/kailas/.stmcufinder/plugins/mcufinder//mcu/cs/
2025-09-15 19:40:34,298 [INFO] ApplicationProperties:184 - Using Application install path: /opt/st/stm32cubeide_1.16.0/plugins/com.st.stm32cube.common.mx_6.12.0.202406281431
2025-09-15 19:40:34,300 [INFO] PluginManage:196 - Search for loadable plugins [exclusion list=, ]
2025-09-15 19:40:34,304 [INFO] PluginManage:310 - Check plugin analytics
2025-09-15 19:40:34,562 [INFO] AnalyticsPlugin:253 - Accepted Software Licenses: 
2025-09-15 19:40:34,562 [INFO] AnalyticsPlugin:255 - Accepted CMSIS Pack Licenses: 
2025-09-15 19:40:34,563 [INFO] AnalyticsPlugin:257 - Accepted Firmware Licenses: FW.F4.1.28.0
2025-09-15 19:40:34,566 [INFO] PluginManage:359 - Loaded plugin analytics (category:tool,tabindex:-1)
2025-09-15 19:40:34,567 [INFO] PluginManage:310 - Check plugin cadmodel
2025-09-15 19:40:34,570 [INFO] CADModel:105 - Init CAD model plugin
2025-09-15 19:40:34,571 [INFO] PluginManage:359 - Loaded plugin cadmodel (category:power,tabindex:5)
2025-09-15 19:40:34,571 [INFO] PluginManage:310 - Check plugin clock
2025-09-15 19:40:34,580 [INFO] PluginManage:359 - Loaded plugin clock (category:base,tabindex:2)
2025-09-15 19:40:34,580 [INFO] PluginManage:310 - Check plugin ddr
2025-09-15 19:40:34,583 [INFO] PluginManage:359 - Loaded plugin ddr (category:tool,tabindex:6)
2025-09-15 19:40:34,583 [INFO] PluginManage:310 - Check plugin filemanager
2025-09-15 19:40:34,720 [INFO] PluginManage:359 - Loaded plugin filemanager (category:base,tabindex:10)
2025-09-15 19:40:34,720 [INFO] PluginManage:310 - Check plugin ipmanager
2025-09-15 19:40:34,726 [INFO] PluginManage:359 - Loaded plugin ipmanager (category:base,tabindex:5)
2025-09-15 19:40:34,726 [INFO] PluginManage:310 - Check plugin lpbam
2025-09-15 19:40:34,738 [INFO] PluginManage:359 - Loaded plugin lpbam (category:base,tabindex:0)
2025-09-15 19:40:34,739 [INFO] PluginManage:310 - Check plugin memorymap
2025-09-15 19:40:34,754 [INFO] PluginManage:359 - Loaded plugin memorymap (category:base,tabindex:4)
2025-09-15 19:40:34,754 [INFO] PluginManage:310 - Check plugin pinoutandconfiguration
2025-09-15 19:40:34,769 [INFO] PluginManage:359 - Loaded plugin pinoutandconfiguration (category:base,tabindex:1)
2025-09-15 19:40:34,769 [INFO] PluginManage:310 - Check plugin pinoutconfig
2025-09-15 19:40:34,891 [WARN] SupportedApi:132 - Cannot load RTOS API schema: s4s-elt-must-match.1: The content of 'definitions' must match (annotation?, (simpleType | complexType)?, (unique | key | keyref)*)). A problem was found starting at: attribute.
2025-09-15 19:40:35,035 [INFO] PluginManage:359 - Loaded plugin pinoutconfig (category:base,tabindex:0)
2025-09-15 19:40:35,035 [INFO] PluginManage:310 - Check plugin power
2025-09-15 19:40:35,043 [INFO] PluginManage:359 - Loaded plugin power (category:power,tabindex:4)
2025-09-15 19:40:35,043 [INFO] PluginManage:310 - Check plugin projectmanager
2025-09-15 19:40:35,060 [INFO] PluginManage:359 - Loaded plugin projectmanager (category:projectmanager,tabindex:4)
2025-09-15 19:40:35,060 [INFO] PluginManage:310 - Check plugin rif
2025-09-15 19:40:35,064 [INFO] PluginManage:359 - Loaded plugin rif (category:base,tabindex:3)
2025-09-15 19:40:35,064 [INFO] PluginManage:310 - Check plugin thirdparty
2025-09-15 19:40:35,176 [WARN] IntegrityCheckThread:84 - waiting for thirdparty lock release [integrity check]
2025-09-15 19:40:35,177 [INFO] IntegrityCheckThread:86 - entering critical section [integrity check]
2025-09-15 19:40:35,177 [INFO] ThirdPartyUpdaterWithRetryManager:70 - Updater plugin not ready yet. [1/15]
2025-09-15 19:40:35,178 [INFO] PluginManage:359 - Loaded plugin thirdparty (category:base,tabindex:-1)
2025-09-15 19:40:35,178 [INFO] PluginManage:310 - Check plugin tools
2025-09-15 19:40:35,180 [INFO] PluginManage:359 - Loaded plugin tools (category:base,tabindex:7)
2025-09-15 19:40:35,180 [INFO] PluginManage:310 - Check plugin tutovideos
2025-09-15 19:40:35,331 [INFO] PluginManage:359 - Loaded plugin tutovideos (category:base,tabindex:-1)
2025-09-15 19:40:35,331 [INFO] PluginManage:310 - Check plugin updater
2025-09-15 19:40:35,345 [INFO] PluginManage:359 - Loaded plugin updater (category:base,tabindex:12)
2025-09-15 19:40:35,345 [INFO] PluginManage:310 - Check plugin userauth
2025-09-15 19:40:35,350 [INFO] UserAuth:113 - Init User Auth plugin
2025-09-15 19:40:35,350 [INFO] PluginManage:359 - Loaded plugin userauth (category:base,tabindex:14)
2025-09-15 19:40:35,351 [INFO] PluginManage:283 - PluginManage : Loaded plugins [18]
2025-09-15 19:40:35,513 [INFO] PinOutPanel:1561 - setPackage(No Configuration,No Configuration)
2025-09-15 19:40:35,603 [INFO] CADModel:165 - CPN selected for project level
2025-09-15 19:40:35,604 [INFO] CADModel:114 - Register for checkConnection events
2025-09-15 19:40:35,616 [INFO] IPUIPlugin:80 - create IPUIPlugin
2025-09-15 19:40:35,616 [INFO] PluginManager:220 - loadIPPluginJar : add ltdc
2025-09-15 19:40:35,622 [INFO] IPUIPlugin:80 - create IPUIPlugin
2025-09-15 19:40:35,623 [INFO] PluginManager:220 - loadIPPluginJar : add ipddr
2025-09-15 19:40:35,625 [INFO] IPUIPlugin:80 - create IPUIPlugin
2025-09-15 19:40:35,625 [INFO] PluginManager:220 - loadIPPluginJar : add cryp
2025-09-15 19:40:35,627 [INFO] IPUIPlugin:80 - create IPUIPlugin
2025-09-15 19:40:35,627 [INFO] PluginManager:220 - loadIPPluginJar : add sai
2025-09-15 19:40:35,629 [INFO] IPUIPlugin:80 - create IPUIPlugin
2025-09-15 19:40:35,629 [INFO] PluginManager:220 - loadIPPluginJar : add radio
2025-09-15 19:40:35,632 [INFO] IPUIPlugin:80 - create IPUIPlugin
2025-09-15 19:40:35,632 [INFO] PluginManager:220 - loadIPPluginJar : add touchsensing
2025-09-15 19:40:35,635 [INFO] IPUIPlugin:80 - create IPUIPlugin
2025-09-15 19:40:35,635 [INFO] PluginManager:220 - loadIPPluginJar : add ddr_ctrl_phy
2025-09-15 19:40:35,637 [INFO] IPUIPlugin:80 - create IPUIPlugin
2025-09-15 19:40:35,639 [INFO] PluginManager:220 - loadIPPluginJar : add ts
2025-09-15 19:40:35,649 [INFO] IPUIPlugin:80 - create IPUIPlugin
2025-09-15 19:40:35,650 [INFO] PluginManager:220 - loadIPPluginJar : add resmgrutility
2025-09-15 19:40:35,652 [INFO] IPUIPlugin:80 - create IPUIPlugin
2025-09-15 19:40:35,652 [INFO] PluginManager:220 - loadIPPluginJar : add gfxmmu
2025-09-15 19:40:35,653 [INFO] IPUIPlugin:80 - create IPUIPlugin
2025-09-15 19:40:35,653 [INFO] PluginManager:220 - loadIPPluginJar : add tracer_emb
2025-09-15 19:40:35,659 [INFO] IPUIPlugin:80 - create IPUIPlugin
2025-09-15 19:40:35,660 [INFO] PluginManager:220 - loadIPPluginJar : add adc
2025-09-15 19:40:35,662 [INFO] IPUIPlugin:80 - create IPUIPlugin
2025-09-15 19:40:35,662 [INFO] PluginManager:220 - loadIPPluginJar : add hash
2025-09-15 19:40:35,665 [INFO] IPUIPlugin:80 - create IPUIPlugin
2025-09-15 19:40:35,666 [INFO] PluginManager:220 - loadIPPluginJar : add fmc
2025-09-15 19:40:35,667 [INFO] IPUIPlugin:80 - create IPUIPlugin
2025-09-15 19:40:35,667 [INFO] PluginManager:220 - loadIPPluginJar : add fatfs
2025-09-15 19:40:35,669 [INFO] IPUIPlugin:80 - create IPUIPlugin
2025-09-15 19:40:35,669 [INFO] PluginManager:220 - loadIPPluginJar : add i3c
2025-09-15 19:40:35,674 [INFO] IPUIPlugin:80 - create IPUIPlugin
2025-09-15 19:40:35,675 [INFO] PluginManager:220 - loadIPPluginJar : add gic
2025-09-15 19:40:35,676 [INFO] IPUIPlugin:80 - create IPUIPlugin
2025-09-15 19:40:35,676 [INFO] PluginManager:220 - loadIPPluginJar : add genericplugin
2025-09-15 19:40:35,678 [INFO] IPUIPlugin:80 - create IPUIPlugin
2025-09-15 19:40:35,678 [INFO] PluginManager:220 - loadIPPluginJar : add aes
2025-09-15 19:40:35,681 [INFO] IPUIPlugin:80 - create IPUIPlugin
2025-09-15 19:40:35,682 [INFO] PluginManager:220 - loadIPPluginJar : add nvic
2025-09-15 19:40:35,685 [INFO] IPUIPlugin:80 - create IPUIPlugin
2025-09-15 19:40:35,686 [INFO] PluginManager:220 - loadIPPluginJar : add gpio
2025-09-15 19:40:35,691 [INFO] IPUIPlugin:80 - create IPUIPlugin
2025-09-15 19:40:35,691 [INFO] PluginManager:220 - loadIPPluginJar : add dma
2025-09-15 19:40:35,693 [INFO] IPUIPlugin:80 - create IPUIPlugin
2025-09-15 19:40:35,693 [INFO] PluginManager:220 - loadIPPluginJar : add tim
2025-09-15 19:40:35,695 [INFO] IPUIPlugin:80 - create IPUIPlugin
2025-09-15 19:40:35,695 [INFO] PluginManager:220 - loadIPPluginJar : add i2s
2025-09-15 19:40:35,697 [INFO] IPUIPlugin:80 - create IPUIPlugin
2025-09-15 19:40:35,698 [INFO] PluginManager:220 - loadIPPluginJar : add extmemmanager
2025-09-15 19:40:35,700 [INFO] IPUIPlugin:80 - create IPUIPlugin
2025-09-15 19:40:35,700 [INFO] PluginManager:220 - loadIPPluginJar : add usart
2025-09-15 19:40:35,702 [INFO] IPUIPlugin:80 - create IPUIPlugin
2025-09-15 19:40:35,703 [INFO] PluginManager:220 - loadIPPluginJar : add lorawan
2025-09-15 19:40:35,705 [INFO] IPUIPlugin:80 - create IPUIPlugin
2025-09-15 19:40:35,706 [INFO] PluginManager:220 - loadIPPluginJar : add usbx
2025-09-15 19:40:35,707 [INFO] IPUIPlugin:80 - create IPUIPlugin
2025-09-15 19:40:35,708 [INFO] PluginManager:220 - loadIPPluginJar : add dfsdm
2025-09-15 19:40:35,710 [INFO] IPUIPlugin:80 - create IPUIPlugin
2025-09-15 19:40:35,710 [INFO] PluginManager:220 - loadIPPluginJar : add opamp
2025-09-15 19:40:35,713 [INFO] IPUIPlugin:80 - create IPUIPlugin
2025-09-15 19:40:35,713 [INFO] PluginManager:220 - loadIPPluginJar : add i2c
2025-09-15 19:40:35,715 [INFO] IPUIPlugin:80 - create IPUIPlugin
2025-09-15 19:40:35,715 [INFO] PluginManager:220 - loadIPPluginJar : add quadspi
2025-09-15 19:40:35,717 [INFO] IPUIPlugin:80 - create IPUIPlugin
2025-09-15 19:40:35,717 [INFO] PluginManager:220 - loadIPPluginJar : add ucpd
2025-09-15 19:40:35,719 [INFO] IPUIPlugin:80 - create IPUIPlugin
2025-09-15 19:40:35,719 [INFO] PluginManager:220 - loadIPPluginJar : add spi
2025-09-15 19:40:35,720 [INFO] IPUIPlugin:80 - create IPUIPlugin
2025-09-15 19:40:35,720 [INFO] PluginManager:220 - loadIPPluginJar : add tsc
2025-09-15 19:40:35,722 [INFO] IPUIPlugin:80 - create IPUIPlugin
2025-09-15 19:40:35,722 [INFO] PluginManager:220 - loadIPPluginJar : add dma3
2025-09-15 19:40:35,724 [INFO] IPUIPlugin:80 - create IPUIPlugin
2025-09-15 19:40:35,725 [INFO] PluginManager:220 - loadIPPluginJar : add openamp
2025-09-15 19:40:35,726 [INFO] IPUIPlugin:80 - create IPUIPlugin
2025-09-15 19:40:35,726 [INFO] PluginManager:220 - loadIPPluginJar : add comp
2025-09-15 19:40:35,731 [INFO] IPUIPlugin:80 - create IPUIPlugin
2025-09-15 19:40:35,732 [INFO] PluginManager:220 - loadIPPluginJar : add mdma
2025-09-15 19:40:35,734 [INFO] IPUIPlugin:80 - create IPUIPlugin
2025-09-15 19:40:35,734 [INFO] PluginManager:220 - loadIPPluginJar : add can
2025-09-15 19:40:35,739 [INFO] IPUIPlugin:80 - create IPUIPlugin
2025-09-15 19:40:35,739 [INFO] PluginManager:220 - loadIPPluginJar : add freertos
2025-09-15 19:40:35,742 [INFO] IPUIPlugin:80 - create IPUIPlugin
2025-09-15 19:40:35,743 [INFO] PluginManager:220 - loadIPPluginJar : add pdm2pcm
2025-09-15 19:40:35,745 [INFO] IPUIPlugin:80 - create IPUIPlugin
2025-09-15 19:40:35,745 [INFO] PluginManager:220 - loadIPPluginJar : add gtzc
2025-09-15 19:40:35,749 [INFO] IPUIPlugin:80 - create IPUIPlugin
2025-09-15 19:40:35,749 [INFO] PluginManager:220 - loadIPPluginJar : add stm32_wpan
2025-09-15 19:40:35,756 [INFO] IPUIPlugin:80 - create IPUIPlugin
2025-09-15 19:40:35,756 [INFO] PluginManager:220 - loadIPPluginJar : add linkedlist
2025-09-15 19:40:35,761 [INFO] IPUIPlugin:80 - create IPUIPlugin
2025-09-15 19:40:35,764 [INFO] PluginManager:220 - loadIPPluginJar : add plateformsettings
2025-09-15 19:40:35,866 [INFO] CADModel:165 - CPN selected for project level
2025-09-15 19:40:35,867 [INFO] CADModel:114 - Register for checkConnection events
2025-09-15 19:40:35,868 [FATAL] Updater:334 - Updater called before beeing initialized
2025-09-15 19:40:35,868 [ERROR] CADModel:125 - Updater not yet initialized, retry later 
2025-09-15 19:40:35,954 [ERROR] ConfigurationRetriever:142 - IOException on connection: Read timed out
2025-09-15 19:40:35,996 [INFO] CADModel:165 - CPN selected for project level
2025-09-15 19:40:35,996 [INFO] CADModel:114 - Register for checkConnection events
2025-09-15 19:40:35,996 [FATAL] Updater:334 - Updater called before beeing initialized
2025-09-15 19:40:35,997 [ERROR] CADModel:125 - Updater not yet initialized, retry later 
2025-09-15 19:40:36,001 [FATAL] Updater:334 - Updater called before beeing initialized
2025-09-15 19:40:36,100 [FATAL] Updater:334 - Updater called before beeing initialized
2025-09-15 19:40:36,107 [INFO] DbMcusAds:53 - JSON generation date=Tue Jul 08 13:44:23 IST 2025 (1751962463582)
2025-09-15 19:40:36,107 [FATAL] Updater:334 - Updater called before beeing initialized
2025-09-15 19:40:36,148 [WARN] DetailPanel:346 - Failed to get advertising image, set to default
2025-09-15 19:40:36,242 [FATAL] Updater:334 - Updater called before beeing initialized
2025-09-15 19:40:36,245 [FATAL] Updater:334 - Updater called before beeing initialized
2025-09-15 19:40:36,246 [FATAL] Updater:334 - Updater called before beeing initialized
2025-09-15 19:40:36,246 [WARN] DetailPanel:346 - Failed to get advertising image, set to default
2025-09-15 19:40:36,248 [FATAL] Updater:334 - Updater called before beeing initialized
2025-09-15 19:40:36,303 [ERROR] Updater:1164 - MainUpdater not yet initialized. External WinMGr cannot be set.
2025-09-15 19:40:36,306 [INFO] Updater:1100 - Updater Version found : 6.12.0
2025-09-15 19:40:36,327 [INFO] ApplicationProperties:184 - Using Application install path: /opt/st/stm32cubeide_1.16.0/plugins/com.st.stm32cube.common.mx_6.12.0.202406281431
2025-09-15 19:40:36,340 [ERROR] LogOutputStream:75 - [STDERR_REDIRECT] Sep 15, 2025 7:40:36 PM java.util.prefs.FileSystemPreferences$2 run
2025-09-15 19:40:36,341 [ERROR] LogOutputStream:75 - [STDERR_REDIRECT] WARNING: Could not create system preferences directory. System preferences are unusable.
2025-09-15 19:40:36,341 [ERROR] LogOutputStream:75 - [STDERR_REDIRECT] 
2025-09-15 19:40:37,234 [INFO] MainUpdater:2873 - connection check result : 10
2025-09-15 19:40:37,236 [INFO] MainUpdater:290 - Updater Check For Update Now.
2025-09-15 19:40:37,237 [INFO] MicroXplorer:498 - Change Database Version : DB.6.0.120
2025-09-15 19:40:37,242 [INFO] McuFinderGlobals:63 - Set McuFinder mode to 2 (CubeIDE integrated)
2025-09-15 19:40:37,242 [INFO] UserAuth:417 - Internet connection configuration mode: 1
2025-09-15 19:40:37,261 [INFO] JxBrowserEngine:152 - Initiate JxBrowser Engine with user profile folder
2025-09-15 19:40:37,444 [INFO] CheckServerUpdateThread:120 - End of CheckServer Thread
2025-09-15 19:40:37,846 [INFO] WebApp:167 - Instantiating new browser for Auth
2025-09-15 19:40:38,340 [WARN] PackLoader:240 - Cannot read IP mode file for STMicroelectronics.FP-SNS-MOTENVWB1.1.4.0
2025-09-15 19:40:38,348 [WARN] PackLoader:240 - Cannot read IP mode file for STMicroelectronics.FP-ATR-ASTRA1.2.0.2
2025-09-15 19:40:38,356 [WARN] PackLoader:240 - Cannot read IP mode file for STMicroelectronics.X-CUBE-SMBUS.2.1.0
2025-09-15 19:40:38,363 [ERROR] Engine:466 - /home/kailas/.stm32cubemx/thirdparties/pdsc/STMicroelectronics.X-CUBE-ST60.1.0.0.pdsc: PDSC version is not supported
2025-09-15 19:40:38,399 [WARN] PackLoader:240 - Cannot read IP mode file for STMicroelectronics.X-CUBE-AZRTOS-F7.1.1.0
2025-09-15 19:40:38,436 [WARN] PackLoader:240 - Cannot read IP mode file for Infineon.AIROC-Wi-Fi-Bluetooth-STM32.1.7.1
2025-09-15 19:40:38,500 [WARN] PackLoader:240 - Cannot read IP mode file for STMicroelectronics.X-CUBE-AZRTOS-H7.3.4.0
2025-09-15 19:40:38,513 [WARN] PackLoader:240 - Cannot read IP mode file for STMicroelectronics.X-CUBE-DISPLAY.3.0.0
2025-09-15 19:40:38,532 [WARN] PackLoader:240 - Cannot read IP mode file for STMicroelectronics.X-CUBE-NFC10.1.0.0
2025-09-15 19:40:38,545 [WARN] PackLoader:240 - Cannot read IP mode file for emotas.I-CUBE-CANOPEN.1.3.0
2025-09-15 19:40:38,549 [ERROR] Engine:466 - /home/kailas/.stm32cubemx/thirdparties/pdsc/STMicroelectronics.FP-SNS-STBOX1.2.1.0.pdsc: PDSC version is not supported
2025-09-15 19:40:38,553 [WARN] PackLoader:240 - Cannot read IP mode file for STMicroelectronics.FP-SNS-SMARTAG2.1.2.0
2025-09-15 19:40:38,555 [ERROR] Engine:466 - /home/kailas/.stm32cubemx/thirdparties/pdsc/STMicroelectronics.FP-SNS-FLIGHT1.5.1.0.pdsc: PDSC version is not supported
2025-09-15 19:40:38,564 [INFO] LogOutputStream:77 - [STDOUT_REDIRECT] 1 : Invalid condition id : UX_CORESTACK_Condition cause : null
2025-09-15 19:40:38,564 [INFO] LogOutputStream:77 - [STDOUT_REDIRECT] 1 : Invalid condition id : UX_CORESTACK_Condition cause : null
2025-09-15 19:40:38,565 [INFO] LogOutputStream:77 - [STDOUT_REDIRECT] 1 : Invalid condition id : UX_CORESTACK_Condition cause : null
2025-09-15 19:40:38,565 [INFO] LogOutputStream:77 - [STDOUT_REDIRECT] 1 : Invalid condition id : UX_CORESTACK_Condition cause : null
2025-09-15 19:40:38,565 [INFO] LogOutputStream:77 - [STDOUT_REDIRECT] 1 : Invalid condition id : UX_CORESTACK_Condition cause : null
2025-09-15 19:40:38,573 [WARN] PackLoader:240 - Cannot read IP mode file for STMicroelectronics.X-CUBE-AZRTOS-WL.2.0.0
2025-09-15 19:40:38,581 [WARN] PackLoader:240 - Cannot read IP mode file for STMicroelectronics.FP-SNS-MOTENV1.5.0.0
2025-09-15 19:40:38,593 [WARN] PackLoader:240 - Cannot read IP mode file for WES.I-CUBE-Cesium.1.3.0
2025-09-15 19:40:38,600 [WARN] PackLoader:240 - Cannot read IP mode file for STMicroelectronics.X-CUBE-BLE2.3.3.0
2025-09-15 19:40:38,612 [WARN] PackLoader:240 - Cannot read IP mode file for STMicroelectronics.X-CUBE-NFC9.1.0.0
2025-09-15 19:40:38,622 [WARN] PackLoader:240 - Cannot read IP mode file for wolfSSL.I-CUBE-wolfSSL.5.8.2
2025-09-15 19:40:38,629 [WARN] PackLoader:240 - Cannot read IP mode file for STMicroelectronics.X-CUBE-BLE1.7.1.0
2025-09-15 19:40:38,635 [WARN] PackLoader:240 - Cannot read IP mode file for wolfSSL.I-CUBE-wolfMQTT.1.19.2
2025-09-15 19:40:38,647 [WARN] PackLoader:240 - Cannot read IP mode file for STMicroelectronics.X-CUBE-EEPRMA1.5.2.0
2025-09-15 19:40:38,685 [WARN] PackLoader:240 - Cannot read IP mode file for STMicroelectronics.X-CUBE-AZRTOS-G0.1.1.0
2025-09-15 19:40:38,693 [WARN] PackLoader:240 - Cannot read IP mode file for STMicroelectronics.X-CUBE-SAFEA1.1.2.2
2025-09-15 19:40:38,697 [WARN] PackLoader:240 - Cannot read IP mode file for STMicroelectronics.X-CUBE-NFC4.3.0.0
2025-09-15 19:40:38,705 [WARN] PackLoader:240 - Cannot read IP mode file for EmbeddedOffice.I-CUBE-FS-RTOS.1.0.1
2025-09-15 19:40:38,705 [ERROR] ConditionMgr:805 - Attr not supported : Dmpu
2025-09-15 19:40:38,705 [ERROR] ConditionMgr:805 - Attr not supported : Dmpu
2025-09-15 19:40:38,705 [ERROR] ConditionMgr:805 - Attr not supported : Dmpu
2025-09-15 19:40:38,705 [ERROR] ConditionMgr:805 - Attr not supported : Dmpu
2025-09-15 19:40:38,706 [ERROR] ConditionMgr:805 - Attr not supported : Dmpu
2025-09-15 19:40:38,706 [ERROR] ConditionMgr:805 - Attr not supported : Dmpu
2025-09-15 19:40:38,706 [ERROR] ConditionMgr:805 - Attr not supported : Dmpu
2025-09-15 19:40:38,706 [ERROR] ConditionMgr:805 - Attr not supported : Dmpu
2025-09-15 19:40:38,706 [ERROR] ConditionMgr:805 - Attr not supported : Dmpu
2025-09-15 19:40:38,706 [ERROR] ConditionMgr:805 - Attr not supported : Dmpu
2025-09-15 19:40:38,706 [ERROR] ConditionMgr:805 - Attr not supported : Dmpu
2025-09-15 19:40:38,706 [ERROR] ConditionMgr:805 - Attr not supported : Dmpu
2025-09-15 19:40:38,706 [ERROR] ConditionMgr:805 - Attr not supported : Dmpu
2025-09-15 19:40:38,706 [ERROR] ConditionMgr:805 - Attr not supported : Dmpu
2025-09-15 19:40:38,706 [ERROR] ConditionMgr:805 - Attr not supported : Dmpu
2025-09-15 19:40:38,706 [ERROR] ConditionMgr:805 - Attr not supported : Dmpu
2025-09-15 19:40:38,707 [ERROR] ConditionMgr:805 - Attr not supported : Dmpu
2025-09-15 19:40:38,707 [ERROR] ConditionMgr:805 - Attr not supported : Dmpu
2025-09-15 19:40:38,707 [ERROR] ConditionMgr:805 - Attr not supported : Dmpu
2025-09-15 19:40:38,707 [ERROR] ConditionMgr:805 - Attr not supported : Dmpu
2025-09-15 19:40:38,707 [ERROR] ConditionMgr:805 - Attr not supported : Dmpu
2025-09-15 19:40:38,707 [ERROR] ConditionMgr:805 - Attr not supported : Dmpu
2025-09-15 19:40:38,707 [ERROR] ConditionMgr:805 - Attr not supported : Dmpu
2025-09-15 19:40:38,707 [ERROR] ConditionMgr:805 - Attr not supported : Dmpu
2025-09-15 19:40:38,708 [ERROR] ConditionMgr:805 - Attr not supported : Dmpu
2025-09-15 19:40:38,708 [ERROR] ConditionMgr:805 - Attr not supported : Dmpu
2025-09-15 19:40:38,708 [ERROR] ConditionMgr:805 - Attr not supported : Dmpu
2025-09-15 19:40:38,708 [ERROR] ConditionMgr:805 - Attr not supported : Dmpu
2025-09-15 19:40:38,708 [ERROR] ConditionMgr:805 - Attr not supported : Dmpu
2025-09-15 19:40:38,708 [ERROR] ConditionMgr:805 - Attr not supported : Dmpu
2025-09-15 19:40:38,708 [ERROR] ConditionMgr:805 - Attr not supported : Dmpu
2025-09-15 19:40:38,708 [ERROR] ConditionMgr:805 - Attr not supported : Dmpu
2025-09-15 19:40:38,708 [ERROR] ConditionMgr:805 - Attr not supported : Dmpu
2025-09-15 19:40:38,708 [ERROR] ConditionMgr:805 - Attr not supported : Dmpu
2025-09-15 19:40:38,708 [ERROR] ConditionMgr:805 - Attr not supported : Dmpu
2025-09-15 19:40:38,708 [ERROR] ConditionMgr:805 - Attr not supported : Dmpu
2025-09-15 19:40:38,709 [ERROR] ConditionMgr:805 - Attr not supported : Dmpu
2025-09-15 19:40:38,709 [ERROR] ConditionMgr:805 - Attr not supported : Dmpu
2025-09-15 19:40:38,709 [ERROR] ConditionMgr:805 - Attr not supported : Dmpu
2025-09-15 19:40:38,709 [ERROR] ConditionMgr:805 - Attr not supported : Dmpu
2025-09-15 19:40:38,709 [ERROR] ConditionMgr:805 - Attr not supported : Dmpu
2025-09-15 19:40:38,709 [ERROR] ConditionMgr:805 - Attr not supported : Dmpu
2025-09-15 19:40:38,709 [ERROR] ConditionMgr:805 - Attr not supported : Dmpu
2025-09-15 19:40:38,709 [ERROR] ConditionMgr:805 - Attr not supported : Dmpu
2025-09-15 19:40:38,709 [ERROR] ConditionMgr:805 - Attr not supported : Dmpu
2025-09-15 19:40:38,709 [ERROR] ConditionMgr:805 - Attr not supported : Dmpu
2025-09-15 19:40:38,709 [ERROR] ConditionMgr:805 - Attr not supported : Dmpu
2025-09-15 19:40:38,709 [ERROR] ConditionMgr:805 - Attr not supported : Dmpu
2025-09-15 19:40:38,709 [ERROR] ConditionMgr:805 - Attr not supported : Dmpu
2025-09-15 19:40:38,710 [ERROR] ConditionMgr:805 - Attr not supported : Dmpu
2025-09-15 19:40:38,710 [ERROR] ConditionMgr:805 - Attr not supported : Dmpu
2025-09-15 19:40:38,710 [ERROR] ConditionMgr:805 - Attr not supported : Dmpu
2025-09-15 19:40:38,711 [ERROR] ConditionMgr:805 - Attr not supported : Dmpu
2025-09-15 19:40:38,711 [ERROR] ConditionMgr:805 - Attr not supported : Dmpu
2025-09-15 19:40:38,711 [ERROR] ConditionMgr:805 - Attr not supported : Dmpu
2025-09-15 19:40:38,711 [ERROR] ConditionMgr:805 - Attr not supported : Dmpu
2025-09-15 19:40:38,711 [ERROR] ConditionMgr:805 - Attr not supported : Dmpu
2025-09-15 19:40:38,711 [ERROR] ConditionMgr:805 - Attr not supported : Dmpu
2025-09-15 19:40:38,711 [ERROR] ConditionMgr:805 - Attr not supported : Dmpu
2025-09-15 19:40:38,711 [ERROR] ConditionMgr:805 - Attr not supported : Dmpu
2025-09-15 19:40:38,711 [ERROR] ConditionMgr:805 - Attr not supported : Dmpu
2025-09-15 19:40:38,711 [ERROR] ConditionMgr:805 - Attr not supported : Dmpu
2025-09-15 19:40:38,711 [ERROR] ConditionMgr:805 - Attr not supported : Dmpu
2025-09-15 19:40:38,711 [ERROR] ConditionMgr:805 - Attr not supported : Dmpu
2025-09-15 19:40:38,715 [WARN] PackLoader:240 - Cannot read IP mode file for STMicroelectronics.X-CUBE-WB05N.2.0.0
2025-09-15 19:40:38,719 [WARN] PackLoader:240 - Cannot read IP mode file for wolfSSL.I-CUBE-wolfTPM.3.8.0
2025-09-15 19:40:38,724 [ERROR] Engine:466 - /home/kailas/.stm32cubemx/thirdparties/pdsc/STMicroelectronics.X-CUBE-TCPP.4.2.0.pdsc: PDSC version is not supported
2025-09-15 19:40:38,729 [WARN] PackLoader:240 - Cannot read IP mode file for RealThread.X-CUBE-RT-Thread_Nano.4.1.1
2025-09-15 19:40:38,735 [WARN] PackLoader:240 - Cannot read IP mode file for STMicroelectronics.FP-ATR-SIGFOX1.3.2.0
2025-09-15 19:40:38,740 [WARN] PackLoader:240 - Cannot read IP mode file for ITTIA_DB.I-CUBE-ITTIADB.8.9.0
2025-09-15 19:40:38,743 [ERROR] Engine:466 - /home/kailas/.stm32cubemx/thirdparties/pdsc/STMicroelectronics.X-CUBE-ST67W61.1.0.0.pdsc: PDSC version is not supported
2025-09-15 19:40:38,745 [WARN] PackLoader:240 - Cannot read IP mode file for STMicroelectronics.X-CUBE-AI.10.2.0
2025-09-15 19:40:38,775 [INFO] WebApp:448 - Apply proxy settings
2025-09-15 19:40:38,775 [INFO] WebApp:533 - Chromium requires no authentication
2025-09-15 19:40:38,783 [WARN] PackLoader:240 - Cannot read IP mode file for SEGGER.I-CUBE-embOS.1.3.1
2025-09-15 19:40:38,791 [INFO] WebApp:476 - Direct internet connection detected
2025-09-15 19:40:38,826 [WARN] PackLoader:240 - Cannot read IP mode file for STMicroelectronics.X-CUBE-ALGOBUILD.1.4.0
2025-09-15 19:40:38,843 [INFO] WebApp:869 - Register for checkConnection events
2025-09-15 19:40:38,844 [INFO] WebApp:448 - Apply proxy settings
2025-09-15 19:40:38,844 [INFO] WebApp:533 - Chromium requires no authentication
2025-09-15 19:40:38,845 [INFO] WebApp:476 - Direct internet connection detected
2025-09-15 19:40:38,894 [WARN] PackLoader:240 - Cannot read IP mode file for STMicroelectronics.X-CUBE-MEMS1.11.3.0
2025-09-15 19:40:39,041 [WARN] PackLoader:240 - Cannot read IP mode file for STMicroelectronics.X-CUBE-PM33A1.1.0.0
2025-09-15 19:40:39,058 [WARN] PackLoader:240 - Cannot read IP mode file for STMicroelectronics.X-CUBE-AZRTOS-F4.1.1.0
2025-09-15 19:40:39,062 [ERROR] Engine:466 - /home/kailas/.stm32cubemx/thirdparties/pdsc/Avnet-IotConnect.X-CUBE-IoTC-DA16k-PMOD.1.0.0.pdsc: PDSC version is not supported
2025-09-15 19:40:39,064 [WARN] PackLoader:240 - Cannot read IP mode file for STMicroelectronics.X-CUBE-ISPU.2.1.0
2025-09-15 19:40:39,068 [WARN] PackLoader:240 - Cannot read IP mode file for STMicroelectronics.X-CUBE-NFC12.1.0.0
2025-09-15 19:40:39,083 [WARN] PackLoader:240 - Cannot read IP mode file for STMicroelectronics.X-CUBE-AZRTOS-L5.2.0.0
2025-09-15 19:40:39,091 [WARN] PackLoader:240 - Cannot read IP mode file for STMicroelectronics.X-CUBE-NFC6.3.1.0
2025-09-15 19:40:39,097 [WARN] PackLoader:240 - Cannot read IP mode file for STMicroelectronics.X-CUBE-FREERTOS.1.3.1
2025-09-15 19:40:39,100 [ERROR] Engine:466 - /home/kailas/.stm32cubemx/thirdparties/pdsc/STMicroelectronics.FP-SNS-STAIOTCFT.1.0.0.pdsc: PDSC version is not supported
2025-09-15 19:40:39,109 [WARN] PackLoader:240 - Cannot read IP mode file for STMicroelectronics.X-CUBE-DPower.1.3.0
2025-09-15 19:40:39,162 [WARN] ConditionMgr:438 - getConditionDescription Invalid condition id : LAN8742 Phy interface Condition cause : null
2025-09-15 19:40:39,163 [WARN] PackLoader:240 - Cannot read IP mode file for STMicroelectronics.X-CUBE-AZRTOS-L4.2.0.0
2025-09-15 19:40:39,165 [WARN] ConditionMgr:1039 - genDependencies : Invalid condition id : LAN8742 Phy interface Condition cause : null
2025-09-15 19:40:39,165 [WARN] ConditionMgr:1039 - genDependencies : Invalid condition id : LAN8742 Phy interface Condition cause : null
2025-09-15 19:40:39,165 [WARN] ConditionMgr:1039 - genDependencies : Invalid condition id : LAN8742 Phy interface Condition cause : null
2025-09-15 19:40:39,184 [WARN] PackLoader:240 - Cannot read IP mode file for STMicroelectronics.X-CUBE-SFXS2LP1.4.0.0
2025-09-15 19:40:39,192 [ERROR] Engine:466 - /home/kailas/.stm32cubemx/thirdparties/pdsc/STMicroelectronics.X-CUBE-BLEMGR.4.1.0.pdsc: PDSC version is not supported
2025-09-15 19:40:39,214 [WARN] ConditionMgr:438 - getConditionDescription Invalid condition id : UX DEVICE CLASS RTOS Condition cause : null
2025-09-15 19:40:39,215 [WARN] ConditionMgr:438 - getConditionDescription Invalid condition id : UX DEVICE CLASS RTOS Condition cause : null
2025-09-15 19:40:39,217 [WARN] PackLoader:240 - Cannot read IP mode file for STMicroelectronics.X-CUBE-AZRTOS-WB.2.0.0
2025-09-15 19:40:39,218 [WARN] ConditionMgr:1039 - genDependencies : Invalid condition id : UX DEVICE CLASS RTOS Condition cause : null
2025-09-15 19:40:39,218 [WARN] ConditionMgr:1039 - genDependencies : Invalid condition id : UX DEVICE CLASS RTOS Condition cause : null
2025-09-15 19:40:39,219 [WARN] ConditionMgr:1039 - genDependencies : Invalid condition id : UX DEVICE CLASS RTOS Condition cause : null
2025-09-15 19:40:39,224 [WARN] ConditionMgr:1039 - genDependencies : Invalid condition id : UX DEVICE CLASS RTOS Condition cause : null
2025-09-15 19:40:39,224 [WARN] ConditionMgr:1039 - genDependencies : Invalid condition id : UX DEVICE CLASS RTOS Condition cause : null
2025-09-15 19:40:39,235 [WARN] PackLoader:240 - Cannot read IP mode file for STMicroelectronics.X-CUBE-GNSS1.7.0.1
2025-09-15 19:40:39,241 [WARN] PackLoader:240 - Cannot read IP mode file for STMicroelectronics.X-CUBE-TOUCHGFX.4.25.0
2025-09-15 19:40:39,244 [WARN] ConditionMgr:438 - getConditionDescription Invalid condition id : Cortex-A Device cause : null
2025-09-15 19:40:39,262 [WARN] ConditionMgr:1039 - genDependencies : Invalid condition id : Cortex-A Device cause : null
2025-09-15 19:40:39,263 [WARN] ConditionMgr:1039 - genDependencies : Invalid condition id : Cortex-A Device cause : null
2025-09-15 19:40:39,263 [WARN] ConditionMgr:1039 - genDependencies : Invalid condition id : Cortex-A Device cause : null
2025-09-15 19:40:39,271 [WARN] PackLoader:240 - Cannot read IP mode file for STMicroelectronics.X-CUBE-SUBG2.5.0.0
2025-09-15 19:40:39,294 [WARN] PackLoader:240 - Cannot read IP mode file for STMicroelectronics.X-CUBE-AZRTOS-H7RS.1.1.0
2025-09-15 19:40:39,300 [WARN] PackLoader:240 - Cannot read IP mode file for Cesanta.I-CUBE-Mongoose.7.13.0
2025-09-15 19:40:39,312 [WARN] PackLoader:240 - Cannot read IP mode file for STMicroelectronics.X-CUBE-AZRTOS-G4.2.0.0
2025-09-15 19:40:39,318 [WARN] PackLoader:240 - Cannot read IP mode file for wolfSSL.I-CUBE-wolfSSH.1.4.20
2025-09-15 19:40:39,321 [WARN] PackLoader:240 - Cannot read IP mode file for STMicroelectronics.X-CUBE-NFC7.2.0.0
2025-09-15 19:40:39,326 [ERROR] Engine:466 - /home/kailas/.stm32cubemx/thirdparties/pdsc/STMicroelectronics.X-CUBE-IPS.3.1.0.pdsc: PDSC version is not supported
2025-09-15 19:40:39,328 [WARN] PackLoader:240 - Cannot read IP mode file for STMicroelectronics.X-CUBE-ALS.1.0.2
2025-09-15 19:40:39,332 [WARN] PackLoader:240 - Cannot read IP mode file for STMicroelectronics.X-CUBE-STSE01.1.0.0
2025-09-15 19:40:39,339 [WARN] PackLoader:240 - Cannot read IP mode file for portGmbH.I-Cube-SoM-uGOAL.1.1.0
2025-09-15 19:40:39,347 [ERROR] Engine:466 - /home/kailas/.stm32cubemx/thirdparties/pdsc/STMicroelectronics.X-CUBE-TOF1.3.4.3.pdsc: PDSC version is not supported
2025-09-15 19:40:39,348 [INFO] ThirdParty:978 - Integrity check success = true
2025-09-15 19:40:39,348 [INFO] IntegrityCheckThread:100 - exiting critical section [integrity check]
2025-09-15 19:40:39,348 [INFO] IntegrityCheckThread:103 - End integrity checks thread
2025-09-15 19:40:39,349 [INFO] WebApp:220 - Starting web application
2025-09-15 19:40:39,349 [INFO] WebApp:578 - Web application path used /opt/st/stm32cubeide_1.16.0/plugins/com.st.stm32cube.common.mx_6.12.0.202406281431/db/plugins/mcufinder/reactClient1/index.html
2025-09-15 19:40:39,497 [INFO] UserAuth:417 - Internet connection configuration mode: 1
2025-09-15 19:40:39,691 [INFO] WebApp:186 - Connection restablished
2025-09-15 19:40:45,889 [ERROR] ConfigurationRetriever:142 - IOException on connection: Connect timed out
2025-09-15 19:40:49,458 [INFO] McuFinderGlobals:63 - Set McuFinder mode to 2 (CubeIDE integrated)
2025-09-15 19:40:52,367 [INFO] MainUpdater:2873 - connection check result : 10
2025-09-15 19:40:52,369 [INFO] MainUpdater:2873 - connection check result : 10
2025-09-15 19:40:52,453 [INFO] RulesReader:64 - Compatibility file has been processed (297 Rules)
2025-09-15 19:40:52,482 [INFO] RulesReader:64 - Compatibility file has been processed (297 Rules)
2025-09-15 19:40:52,490 [INFO] MicroXplorer:468 - Change Database Path : 
2025-09-15 19:40:52,490 [INFO] MicroXplorer:498 - Change Database Version : DB.6.0.120
2025-09-15 19:40:52,503 [WARN] ThirdParty:871 - waiting for thirdparty lock release [close project]
2025-09-15 19:40:52,503 [INFO] ThirdParty:873 - entering critical section [close project]
2025-09-15 19:40:52,504 [INFO] ThirdParty:883 - exiting critical section [close project]
2025-09-15 19:40:52,508 [INFO] PinOutPanel:1561 - setPackage(No Configuration,No Configuration)
2025-09-15 19:40:52,514 [INFO] UtilMem:75 - Begin LoadConfig() Used Memory: 351960648 Bytes (557842432)
2025-09-15 19:40:52,522 [INFO] MicroXplorer:468 - Change Database Path : 
2025-09-15 19:40:52,522 [INFO] MicroXplorer:498 - Change Database Version : DB.6.0.120
2025-09-15 19:40:52,524 [INFO] OpenFileManager:332 - Change cursor
2025-09-15 19:40:52,590 [INFO] Mcu:2032 - Initializing MCU STM32F446R(C-E)Tx STM32F446RETx STM32F446RET6
2025-09-15 19:40:55,184 [INFO] Context:742 - Trying to add GPIOservice into a context  which must be forbidden
2025-09-15 19:40:55,862 [INFO] RtosManager:555 - Registered RTOS mode: class=CMSIS, group=RTOS, mode=CMSIS_V1, owner=FREERTOS
2025-09-15 19:40:55,862 [INFO] RtosManager:555 - Registered RTOS mode: class=CMSIS, group=RTOS2, mode=CMSIS_V2, owner=FREERTOS
2025-09-15 19:40:55,862 [INFO] RtosManager:555 - Registered RTOS mode: class=RTOS, group=Core, mode=CMSIS_V1, owner=FREERTOS
2025-09-15 19:40:55,862 [INFO] RtosManager:555 - Registered RTOS mode: class=RTOS, group=Core, mode=CMSIS_V2, owner=FREERTOS
2025-09-15 19:40:55,863 [WARN] ModelIntegratedComponent:184 - Missing modes for component STMicroelectronics:FreeRTOS:0.0.1:STMicroelectronics:RTOS:FreeRTOS:Core:::10.2.0:
2025-09-15 19:40:55,882 [WARN] ModelIntegratedComponent:63 - No mode defined for component null
2025-09-15 19:40:55,882 [WARN] ModelIntegratedComponent:63 - No mode defined for component null
2025-09-15 19:40:55,882 [WARN] ModelIntegratedComponent:63 - No mode defined for component null
2025-09-15 19:40:55,882 [WARN] ModelIntegratedComponent:63 - No mode defined for component null
2025-09-15 19:40:55,882 [WARN] ModelIntegratedComponent:63 - No mode defined for component null
2025-09-15 19:40:55,882 [WARN] ModelIntegratedComponent:63 - No mode defined for component null
2025-09-15 19:40:55,882 [WARN] ModelIntegratedComponent:63 - No mode defined for component null
2025-09-15 19:40:55,882 [WARN] ModelIntegratedComponent:63 - No mode defined for component null
2025-09-15 19:40:55,883 [WARN] ModelIntegratedComponent:63 - No mode defined for component null
2025-09-15 19:40:55,883 [WARN] ModelIntegratedComponent:63 - No mode defined for component null
2025-09-15 19:40:55,883 [WARN] ModelIntegratedComponent:63 - No mode defined for component null
2025-09-15 19:40:55,883 [WARN] ModelIntegratedComponent:63 - No mode defined for component null
2025-09-15 19:40:55,883 [WARN] ModelIntegratedComponent:63 - No mode defined for component null
2025-09-15 19:40:55,883 [WARN] ModelIntegratedComponent:63 - No mode defined for component null
2025-09-15 19:40:55,883 [WARN] ModelIntegratedComponent:63 - No mode defined for component null
2025-09-15 19:40:55,883 [WARN] ModelIntegratedComponent:63 - No mode defined for component null
2025-09-15 19:40:55,883 [WARN] ModelIntegratedComponent:63 - No mode defined for component null
2025-09-15 19:40:55,883 [WARN] ModelIntegratedComponent:63 - No mode defined for component null
2025-09-15 19:40:55,883 [WARN] ModelIntegratedComponent:63 - No mode defined for component null
2025-09-15 19:40:55,883 [WARN] ModelIntegratedComponent:63 - No mode defined for component null
2025-09-15 19:40:55,883 [WARN] ModelIntegratedComponent:63 - No mode defined for component null
2025-09-15 19:40:55,883 [WARN] ModelIntegratedComponent:63 - No mode defined for component null
2025-09-15 19:40:55,883 [WARN] ModelIntegratedComponent:63 - No mode defined for component null
2025-09-15 19:40:55,883 [WARN] ModelIntegratedComponent:63 - No mode defined for component null
2025-09-15 19:40:55,883 [WARN] ModelIntegratedComponent:63 - No mode defined for component null
2025-09-15 19:40:55,883 [WARN] ModelIntegratedComponent:63 - No mode defined for component null
2025-09-15 19:40:55,883 [WARN] ModelIntegratedComponent:63 - No mode defined for component null
2025-09-15 19:40:55,884 [WARN] ModelIntegratedComponent:63 - No mode defined for component null
2025-09-15 19:40:55,884 [WARN] ModelIntegratedComponent:63 - No mode defined for component null
2025-09-15 19:40:55,884 [WARN] ModelIntegratedComponent:63 - No mode defined for component null
2025-09-15 19:40:55,884 [WARN] ModelIntegratedComponent:63 - No mode defined for component null
2025-09-15 19:40:55,884 [WARN] ModelIntegratedComponent:63 - No mode defined for component null
2025-09-15 19:40:55,884 [WARN] ModelIntegratedComponent:63 - No mode defined for component null
2025-09-15 19:40:55,884 [WARN] ModelIntegratedComponent:63 - No mode defined for component null
2025-09-15 19:40:55,884 [WARN] ModelIntegratedComponent:63 - No mode defined for component null
2025-09-15 19:40:55,884 [WARN] ModelPack:524 - Component already loaded: STMicroelectronics:HAL Drivers:0.0.0:STMicroelectronics:Device:STMicro_Driver:XSPI:HAL::0.0.1:HAL_XSPI
2025-09-15 19:40:55,986 [INFO] ThirdPartyModel:298 - Start build external matchings
2025-09-15 19:40:56,258 [INFO] ThirdPartyModel:316 - End build external matchings
2025-09-15 19:40:56,299 [INFO] ImportTextPane:205 - (OptionalMessage_ERROR) IP (RCC) : Parameter (FLatency) has Id (AdvancedSettings) currently not set
2025-09-15 19:40:56,299 [INFO] ImportTextPane:205 - (OptionalMessage_ERROR) IP (RCC) : Invalid parameter (FamilyName)
2025-09-15 19:40:56,304 [INFO] ImportTextPane:205 - (OptionalMessage_ERROR) IP (RCC) : Invalid parameter (VcooutputI2S)
2025-09-15 19:40:56,314 [WARN] IP:2191 - DEVICE_SERIAL0_CDC_FS not found: check if there is a RefParameter without a condition.
2025-09-15 19:40:56,314 [WARN] IP:2191 - DEVICE_SERIAL1_CDC_FS not found: check if there is a RefParameter without a condition.
2025-09-15 19:40:56,314 [WARN] IP:2191 - DEVICE_SERIAL2_CDC_FS not found: check if there is a RefParameter without a condition.
2025-09-15 19:40:57,022 [INFO] ApiDb:581 - Connected to CubeFinder SQLite database (/home/kailas/.stmcufinder/plugins/mcufinder/mcu/cube-finder-db.db)
2025-09-15 19:40:57,092 [INFO] ApiDb:668 - CubeFinder database Data Model version=2.1
2025-09-15 19:40:57,092 [INFO] ApiDb:669 - CubeFinder database Configuration version=3.0.39
2025-09-15 19:40:57,092 [INFO] ApiDb:670 - CubeFinder database generation date=2025-07-24 (1753349077)
2025-09-15 19:40:57,093 [INFO] ApiDb:671 - CubeFinder database FW Pack versions=[FP-ATR-ASTRA1_V2.0.0, FP-SNS-FLIGHT1_V5.1.0, FP-SNS-MOTENV1_V5.0.0, FP-SNS-MOTENVWB1_V1.4.0, FP-SNS-SMARTAG2_V1.2.0, FP-SNS-STBOX1_V2.0.0, STM32Cube_FW_C0_V1.4.0, STM32Cube_FW_F4_V1.28.2, STM32Cube_FW_F7_V1.17.3, STM32Cube_FW_G0_V1.6.2, STM32Cube_FW_G4_V1.6.1, STM32Cube_FW_H5_V1.5.0, STM32Cube_FW_H7RS_V1.2.0, STM32Cube_FW_H7_V1.12.1, STM32Cube_FW_L0_V1.12.2, STM32Cube_FW_L4_V1.18.1, STM32Cube_FW_L5_V1.5.1, STM32Cube_FW_N6_V1.2.0, STM32Cube_FW_U0_V1.3.0, STM32Cube_FW_U3_V1.2.0, STM32Cube_FW_U5_V1.8.0, STM32Cube_FW_WB0_V1.3.0, STM32Cube_FW_WBA_V1.7.0, STM32Cube_FW_WB_V1.23.0, STM32Cube_FW_WL3_V1.2.0, STM32Cube_FW_WL_V1.3.1, X-CUBE-ALGOBUILD_V1.4.0, X-CUBE-ALS_V1.0.2, X-CUBE-AZRTOS-F4_V1.1.0, X-CUBE-AZRTOS-F7_V1.1.0, X-CUBE-AZRTOS-G0_V1.1.0, X-CUBE-AZRTOS-G4_V2.0.0, X-CUBE-AZRTOS-H7RS_V1.1.0, X-CUBE-AZRTOS-H7_V3.4.0, X-CUBE-AZRTOS-L4_V2.0.0, X-CUBE-AZRTOS-L5_V2.0.0, X-CUBE-AZRTOS-WB_V2.0.0, X-CUBE-AZRTOS-WL_V2.0.0, X-CUBE-BLE1_V7.1.0, X-CUBE-BLE2_V3.3.0, X-CUBE-BLEMGR_V4.1.0, X-CUBE-EEPRMA1_V5.2.0, X-CUBE-FREERTOS_V1.3.1, X-CUBE-GNSS1_V6.0.0, X-CUBE-MEMS1_V11.3.0, X-CUBE-NFC4_V3.0.0, X-CUBE-NFC7_V2.0.0, X-CUBE-SFXS2LP1_V4.0.0, X-CUBE-ST67W61_V1.0.0, X-CUBE-SUBG2_V5.0.0, X-CUBE-TOF1_V3.4.3]
2025-09-15 19:40:57,172 [INFO] DbBoardsSqlite:226 - include board P-NUCLEO-WB55-NUCLEO as a kit item of type 'Nucleo-64'
2025-09-15 19:40:57,172 [INFO] DbBoardsSqlite:226 - include board P-NUCLEO-WB55-USBDONGLE as a kit item of type 'Nucleo USB Dongle'
2025-09-15 19:40:57,173 [INFO] DbBoardsSqlite:226 - include board STEVAL-IDP005V1 as a kit item of type 'Evaluation Board'
2025-09-15 19:40:57,173 [INFO] DbBoardsSqlite:226 - include board STEVAL-IDP005V2 as a kit item of type 'Evaluation Board'
2025-09-15 19:40:57,237 [INFO] ApiDb:240 - Found 646 in-development CPN: [B-G473E-ZEST1S, B-WB1M-WPAN1, B-WL5M-SUBG1, NUCLEO-C031C6, NUCLEO-C071RB, NUCLEO-H503RB, NUCLEO-H533RE, NUCLEO-H563ZI, NUCLEO-H7S3L8, NUCLEO-U031R8, NUCLEO-U083RC, NUCLEO-U545RE-Q, NUCLEO-U5A5ZJ-Q, NUCLEO-WB05KZ, NUCLEO-WB07CC, NUCLEO-WB09KE, NUCLEO-WBA52CG, NUCLEO-WBA55CG, STEVAL-PROTEUS1, STEVAL-SMARTAG2, STEVAL-STWINBX1, STM320518-EVAL, STM32C0116-DK, STM32C011D6Y3TR, STM32C011D6Y6TR, STM32C011F4P3, STM32C011F4P6, STM32C011F4U3, STM32C011F4U6TR, STM32C011F6P3, STM32C011F6P6, STM32C011F6U3, STM32C011F6U6TR, STM32C011J4M3, STM32C011J4M6, STM32C011J6M3, STM32C011J6M6, STM32C0316-DK, STM32C031C4T3, STM32C031C4T6, STM32C031C4U3, STM32C031C4U6, STM32C031C6T3, STM32C031C6T6, STM32C031C6U3, STM32C031C6U6, STM32C031F4P3, STM32C031F4P6, STM32C031F6P3, STM32C031F6P6, STM32C031G4U3, STM32C031G4U6, STM32C031G6U3, STM32C031G6U6, STM32C031K4T3, STM32C031K4T6, STM32C031K4U3, STM32C031K4U6, STM32C031K6T3, STM32C031K6T6, STM32C031K6U3, STM32C031K6U6, STM32C071C8T6, STM32C071C8T6N, STM32C071C8U6, STM32C071C8U6N, STM32C071CBT6, STM32C071CBT6N, STM32C071CBU6, STM32C071CBU6N, STM32C071F8P6, STM32C071F8P6N, STM32C071FBP6, STM32C071FBP6N, STM32C071FBY6TR, STM32C071G8U6, STM32C071G8U6N, STM32C071GBU6, STM32C071GBU6N, STM32C071K8T6, STM32C071K8T6N, STM32C071K8U6, STM32C071K8U6N, STM32C071KBT6, STM32C071KBT6N, STM32C071KBU6, STM32C071KBU6N, STM32C071R8T6, STM32C071R8T6N, STM32C071RBI6N, STM32C071RBT6, STM32C071RBT6N, STM32G071K8TXN, STM32G071K8UXN, STM32G081GBU6N, STM32G081KBT6N, STM32G081KBUXN, STM32G0B1CCT6N, STM32G0B1KCT6, STM32G0B1NEY6TR, STM32G0B1RCT6N, STM32G0C1CCT6, STM32G0C1CCT6N, STM32G0C1CCU6N, STM32G0C1CET6N, STM32G0C1CEU6N, STM32G0C1KCT6, STM32G0C1NEY6TR, STM32G0C1RCI6N, STM32G0C1RCT6N, STM32G0C1REI6N, STM32G0C1RET6N, STM32G0C1VCI6, STM32G0C1VEI6, STM32G411C6T3, STM32G411C6T6, STM32G411C6U3, STM32G411C6U6, STM32G411C8T3, STM32G411C8T6, STM32G411C8U3, STM32G411C8U6, STM32G411CBT3, STM32G411CBT6, STM32G411CBU3, STM32G411CBU6, STM32G411K6T3, STM32G411K6T6, STM32G411K6U3, STM32G411K6U6, STM32G411K8T3, STM32G411K8T6, STM32G411K8U3, STM32G411K8U6, STM32G411KBT3, STM32G411KBT6, STM32G411KBU3, STM32G411KBU6, STM32G411M6T3, STM32G411M6T6, STM32G411M8T3, STM32G411M8T6, STM32G411MBT3, STM32G411MBT6, STM32G411R6T3, STM32G411R6T6, STM32G411R8T3, STM32G411R8T6, STM32G411RBT3, STM32G411RBT6, STM32G414CBT3, STM32G414CBT6, STM32G414CBU3, STM32G414CBU6, STM32G414CCT3, STM32G414CCT6, STM32G414CCU3, STM32G414CCU6, STM32G414MBT3, STM32G414MBT6, STM32G414MCT3, STM32G414MCT6, STM32G414RBT3, STM32G414RBT6, STM32G414RCT3, STM32G414RCT6, STM32G414VBT3, STM32G414VBT6, STM32G414VCT3, STM32G414VCT6, STM32G431CBT3Z, STM32G431RBT3Z, STM32G471CCT6, STM32G471CCU6, STM32G471CET3, STM32G471CET6, STM32G471CEU3, STM32G471CEU6, STM32G471MCT6, STM32G471MET3, STM32G471MET6, STM32G471MEY6TR, STM32G471QCT6, STM32G471QET3, STM32G471RCT6, STM32G471RET3, STM32G471RET6, STM32G471VCH6, STM32G471VCI6, STM32G471VCT6, STM32G471VEH3, STM32G471VEH6, STM32G471VEI3, STM32G471VEI6, STM32G471VET3, STM32G471VET6, STM32G473QET3Z, STM32G473RET3Z, STM32G474CCT6, STM32G491RET3Z, STM32H503CBT6, STM32H503CBU6, STM32H503EBY6TR, STM32H503KBU6, STM32H503RBT6, STM32H523CCT6, STM32H523CCU6, STM32H523CET6, STM32H523CEU6, STM32H523HEY6TR, STM32H523RCT6, STM32H523RET6, STM32H523VCI6, STM32H523VCT6, STM32H523VEI6, STM32H523VET6, STM32H523ZCJ6, STM32H523ZCT6, STM32H523ZEJ6, STM32H523ZET6, STM32H533CET6, STM32H533CEU6, STM32H533HEY6TR, STM32H533RET6, STM32H533VEI6, STM32H533VET6, STM32H533ZEJ6, STM32H533ZET6, STM32H562AGI6, STM32H562AII6, STM32H562IGK6, STM32H562IGT6, STM32H562IIK6, STM32H562IIT6, STM32H562RGT6, STM32H562RGV6, STM32H562RIT6, STM32H562RIV6, STM32H562VGT6, STM32H562VIT6, STM32H562ZGT6, STM32H562ZIT6, STM32H563AGI6, STM32H563AII3Q, STM32H563AII6, STM32H563IGK6, STM32H563IGT6, STM32H563IIK3Q, STM32H563IIK6, STM32H563IIT3Q, STM32H563IIT6, STM32H563MIY3QTR, STM32H563RGT6, STM32H563RGV6, STM32H563RIT6, STM32H563RIV6, STM32H563VGT6, STM32H563VIT3Q, STM32H563VIT6, STM32H563ZGT6, STM32H563ZIT3Q, STM32H563ZIT6, STM32H573AII3Q, STM32H573AII6, STM32H573I-DK, STM32H573IIK3Q, STM32H573IIK6, STM32H573IIT3Q, STM32H573IIT6, STM32H573MIY3QTR, STM32H573RIT6, STM32H573RIV6, STM32H573VIT3Q, STM32H573VIT6, STM32H573ZIT3Q, STM32H573ZIT6, STM32H7R3A8I6, STM32H7R3I8K6, STM32H7R3I8T6, STM32H7R3L8H6, STM32H7R3L8H6H, STM32H7R3R8V6, STM32H7R3V8H6, STM32H7R3V8T6, STM32H7R3V8Y6TR, STM32H7R3Z8J6, STM32H7R3Z8T6, STM32H7R7A8I6, STM32H7R7I8K6, STM32H7R7I8T6, STM32H7R7L8H6, STM32H7R7L8H6H, STM32H7R7Z8J6, STM32H7S3A8I6, STM32H7S3I8K6, STM32H7S3I8T6, STM32H7S3L8H6, STM32H7S3L8H6H, STM32H7S3R8V6, STM32H7S3V8H6, STM32H7S3V8T6, STM32H7S3V8Y6TR, STM32H7S3Z8J6, STM32H7S3Z8T6, STM32H7S78-DK, STM32H7S7A8I6, STM32H7S7I8K6, STM32H7S7I8T6, STM32H7S7L8H6, STM32H7S7L8H6H, STM32H7S7Z8J6, STM32L4R5QGI6STR, STM32MP131AAE3, STM32MP131AAF3, STM32MP131AAG3, STM32MP131CAE3, STM32MP131CAF3, STM32MP131CAG3, STM32MP131DAE7, STM32MP131DAF7, STM32MP131DAG7, STM32MP131FAE7, STM32MP131FAF7, STM32MP131FAG7, STM32MP133AAE3, STM32MP133AAF3, STM32MP133AAG3, STM32MP133CAE3, STM32MP133CAF3, STM32MP133CAG3, STM32MP133DAE7, STM32MP133DAF7, STM32MP133DAG7, STM32MP133FAE7, STM32MP133FAF7, STM32MP133FAG7, STM32MP135AAE3, STM32MP135AAF3, STM32MP135AAG3, STM32MP135CAE3, STM32MP135CAF3, STM32MP135CAG3, STM32MP135DAE7, STM32MP135DAF7, STM32MP135DAG7, STM32MP135F-DK, STM32MP135FAE7, STM32MP135FAF7, STM32MP135FAF7T, STM32MP135FAF7U, STM32MP135FAG7, STM32MP251AAI3, STM32MP251AAK3, STM32MP251AAL3, STM32MP251CAI3, STM32MP251CAK3, STM32MP251CAL3, STM32MP251DAI3, STM32MP251DAK3, STM32MP251DAL3, STM32MP251FAI3, STM32MP251FAK3, STM32MP251FAL3, STM32MP253AAI3, STM32MP253AAK3, STM32MP253AAL3, STM32MP253CAI3, STM32MP253CAK3, STM32MP253CAL3, STM32MP253DAI3, STM32MP253DAK3, STM32MP253DAL3, STM32MP253FAI3, STM32MP253FAK3, STM32MP253FAL3, STM32MP255AAI3, STM32MP255AAK3, STM32MP255AAL3, STM32MP255CAI3, STM32MP255CAK3, STM32MP255CAL3, STM32MP255DAI3, STM32MP255DAK3, STM32MP255DAL3, STM32MP255FAI3, STM32MP255FAK3, STM32MP255FAL3, STM32MP257AAI3, STM32MP257AAK3, STM32MP257AAL3, STM32MP257CAI3, STM32MP257CAK3, STM32MP257CAL3, STM32MP257DAI3, STM32MP257DAK3, STM32MP257DAL3, STM32MP257F-DK, STM32MP257F-EV1, STM32MP257FAI3, STM32MP257FAK3, STM32MP257FAL3, STM32U031C6T6, STM32U031C6U6, STM32U031C8T6, STM32U031C8U6, STM32U031F4P6, STM32U031F6P6, STM32U031F8P6, STM32U031G6Y6TR, STM32U031G8Y6TR, STM32U031K4U6, STM32U031K6U6, STM32U031K8U6, STM32U031R6I6, STM32U031R6T6, STM32U031R8I6, STM32U031R8T6, STM32U073C8T6, STM32U073C8U6, STM32U073CBT6, STM32U073CBU6, STM32U073CCT6, STM32U073CCU6, STM32U073H8Y6TR, STM32U073HBY6TR, STM32U073HCY6TR, STM32U073K8U6, STM32U073KBU6, STM32U073KCU6, STM32U073M8I6, STM32U073M8T6, STM32U073MBI6, STM32U073MBT6, STM32U073MCI6, STM32U073MCT6, STM32U073R8I6, STM32U073R8T6, STM32U073RBI6, STM32U073RBT6, STM32U073RCI6, STM32U073RCT6, STM32U083C-DK, STM32U083CCT6, STM32U083CCU6, STM32U083HCY6TR, STM32U083KCU6, STM32U083MCI6, STM32U083MCT6, STM32U083RCI6, STM32U083RCT6, STM32U535CBT6, STM32U535CBT6Q, STM32U535CBU6, STM32U535CBU6Q, STM32U535CCT6, STM32U535CCT6Q, STM32U535CCU6, STM32U535CCU6Q, STM32U535CET6, STM32U535CET6Q, STM32U535CEU6, STM32U535CEU6Q, STM32U535JEY6QTR, STM32U535NCY6QTR, STM32U535NEY6QTR, STM32U535RBI6, STM32U535RBI6Q, STM32U535RBT6, STM32U535RBT6Q, STM32U535RCI6, STM32U535RCI6Q, STM32U535RCT6, STM32U535RCT6Q, STM32U535REI6, STM32U535REI6Q, STM32U535RET6, STM32U535RET6Q, STM32U535VCI6, STM32U535VCI6Q, STM32U535VCT6, STM32U535VCT6Q, STM32U535VEI6, STM32U535VEI6Q, STM32U535VET6, STM32U535VET6Q, STM32U545CET6, STM32U545CET6Q, STM32U545CEU6, STM32U545CEU6Q, STM32U545JEY6QTR, STM32U545NEY6QTR, STM32U545REI6, STM32U545REI6Q, STM32U545RET6, STM32U545RET6Q, STM32U545VEI6, STM32U545VEI6Q, STM32U545VET6, STM32U545VET6Q, STM32U595AIH6, STM32U595AIH6Q, STM32U595AJH6, STM32U595AJH6Q, STM32U595QII6, STM32U595QII6Q, STM32U595QJI6, STM32U595QJI6Q, STM32U595RIT6, STM32U595RIT6Q, STM32U595RJT6, STM32U595RJT6Q, STM32U595VIT6, STM32U595VIT6Q, STM32U595VJT6, STM32U595VJT6Q, STM32U595ZIT6, STM32U595ZIT6Q, STM32U595ZIY6QTR, STM32U595ZJT6, STM32U595ZJT6Q, STM32U595ZJY6QTR, STM32U599BJY6QTR, STM32U599NIH6Q, STM32U599NJH6Q, STM32U599VIT6Q, STM32U599VJT6, STM32U599VJT6Q, STM32U599ZIT6Q, STM32U599ZIY6QTR, STM32U599ZJT6Q, STM32U599ZJY6QTR, STM32U5A5AJH6, STM32U5A5AJH6Q, STM32U5A5QII3Q , STM32U5A5QJI6, STM32U5A5QJI6Q, STM32U5A5RJT6, STM32U5A5RJT6Q, STM32U5A5VJT6, STM32U5A5VJT6Q, STM32U5A5ZJT6, STM32U5A5ZJT6Q, STM32U5A5ZJY6QTR, STM32U5A9BJY6QTR, STM32U5A9J-DK, STM32U5A9NJH6Q, STM32U5A9VJT6Q, STM32U5A9ZJT6Q, STM32U5A9ZJY6QTR, STM32U5F7VIT6, STM32U5F7VIT6Q, STM32U5F7VJT6, STM32U5F7VJT6Q, STM32U5F9BJY6QTR, STM32U5F9NJH6Q, STM32U5F9VIT6Q, STM32U5F9VJT6Q, STM32U5F9ZIJ6QTR, STM32U5F9ZIT6Q, STM32U5F9ZJJ6QTR, STM32U5F9ZJT6Q, STM32U5G7VJT6, STM32U5G7VJT6Q, STM32U5G9BJY6QTR, STM32U5G9J-DK1, STM32U5G9J-DK2, STM32U5G9NJH6Q, STM32U5G9VJT6Q, STM32U5G9ZJJ6QTR, STM32U5G9ZJT6Q, STM32WB05KZV6TR, STM32WB05KZV7TR, STM32WB05TZF6TR, STM32WB05TZF7TR, STM32WB06CCF6TR, STM32WB06CCF7TR, STM32WB06CCV6TR, STM32WB06CCV7TR, STM32WB06KCV6TR, STM32WB06KCV7TR, STM32WB07CCF6TR, STM32WB07CCF7TR, STM32WB07CCV6TR, STM32WB07CCV7TR, STM32WB07KCV6TR, STM32WB07KCV7TR, STM32WB09KEV6TR, STM32WB09KEV7TR, STM32WB09TEF6TR, STM32WB09TEF7TR, STM32WB1MMCH6, STM32WBA50KGU6, STM32WBA50KGU6TR, STM32WBA52CEU6, STM32WBA52CEU6TR, STM32WBA52CEU7, STM32WBA52CEU7TR, STM32WBA52CGU6, STM32WBA52CGU6TR, STM32WBA52CGU6U, STM32WBA52CGU7, STM32WBA52CGU7TR, STM32WBA52KEU6, STM32WBA52KEU6TR, STM32WBA52KGU6, STM32WBA52KGU6TR, STM32WBA54CEU6, STM32WBA54CEU6TR, STM32WBA54CEU7, STM32WBA54CEU7TR, STM32WBA54CGU6, STM32WBA54CGU6TR, STM32WBA54CGU7, STM32WBA54CGU7TR, STM32WBA54KEU6, STM32WBA54KEU6TR, STM32WBA54KEU7, STM32WBA54KEU7TR, STM32WBA54KGU6, STM32WBA54KGU6TR, STM32WBA54KGU7, STM32WBA54KGU7TR, STM32WBA55CEU6, STM32WBA55CEU6TR, STM32WBA55CEU7, STM32WBA55CEU7TR, STM32WBA55CGU6, STM32WBA55CGU6TR, STM32WBA55CGU6U, STM32WBA55CGU7, STM32WBA55CGU7TR, STM32WBA55G-DK1, STM32WBA55HEF6, STM32WBA55HEF7, STM32WBA55HGF6, STM32WBA55HGF7, STM32WBA55UEI6, STM32WBA55UEI6TR, STM32WBA55UEI7, STM32WBA55UEI7TR, STM32WBA55UGI6, STM32WBA55UGI6TR, STM32WBA55UGI7, STM32WBA55UGI7TR, STM32WL5MOCH6, STM32WL5MOCH6TR]
2025-09-15 19:40:57,241 [INFO] ApiDb:668 - CubeFinder database Data Model version=2.1
2025-09-15 19:40:57,241 [INFO] ApiDb:669 - CubeFinder database Configuration version=3.0.39
2025-09-15 19:40:57,241 [INFO] ApiDb:670 - CubeFinder database generation date=2025-07-24 (1753349077)
2025-09-15 19:40:57,241 [INFO] ApiDb:671 - CubeFinder database FW Pack versions=[FP-ATR-ASTRA1_V2.0.0, FP-SNS-FLIGHT1_V5.1.0, FP-SNS-MOTENV1_V5.0.0, FP-SNS-MOTENVWB1_V1.4.0, FP-SNS-SMARTAG2_V1.2.0, FP-SNS-STBOX1_V2.0.0, STM32Cube_FW_C0_V1.4.0, STM32Cube_FW_F4_V1.28.2, STM32Cube_FW_F7_V1.17.3, STM32Cube_FW_G0_V1.6.2, STM32Cube_FW_G4_V1.6.1, STM32Cube_FW_H5_V1.5.0, STM32Cube_FW_H7RS_V1.2.0, STM32Cube_FW_H7_V1.12.1, STM32Cube_FW_L0_V1.12.2, STM32Cube_FW_L4_V1.18.1, STM32Cube_FW_L5_V1.5.1, STM32Cube_FW_N6_V1.2.0, STM32Cube_FW_U0_V1.3.0, STM32Cube_FW_U3_V1.2.0, STM32Cube_FW_U5_V1.8.0, STM32Cube_FW_WB0_V1.3.0, STM32Cube_FW_WBA_V1.7.0, STM32Cube_FW_WB_V1.23.0, STM32Cube_FW_WL3_V1.2.0, STM32Cube_FW_WL_V1.3.1, X-CUBE-ALGOBUILD_V1.4.0, X-CUBE-ALS_V1.0.2, X-CUBE-AZRTOS-F4_V1.1.0, X-CUBE-AZRTOS-F7_V1.1.0, X-CUBE-AZRTOS-G0_V1.1.0, X-CUBE-AZRTOS-G4_V2.0.0, X-CUBE-AZRTOS-H7RS_V1.1.0, X-CUBE-AZRTOS-H7_V3.4.0, X-CUBE-AZRTOS-L4_V2.0.0, X-CUBE-AZRTOS-L5_V2.0.0, X-CUBE-AZRTOS-WB_V2.0.0, X-CUBE-AZRTOS-WL_V2.0.0, X-CUBE-BLE1_V7.1.0, X-CUBE-BLE2_V3.3.0, X-CUBE-BLEMGR_V4.1.0, X-CUBE-EEPRMA1_V5.2.0, X-CUBE-FREERTOS_V1.3.1, X-CUBE-GNSS1_V6.0.0, X-CUBE-MEMS1_V11.3.0, X-CUBE-NFC4_V3.0.0, X-CUBE-NFC7_V2.0.0, X-CUBE-SFXS2LP1_V4.0.0, X-CUBE-ST67W61_V1.0.0, X-CUBE-SUBG2_V5.0.0, X-CUBE-TOF1_V3.4.3]
2025-09-15 19:40:59,639 [INFO] ApiDb:240 - Found 646 in-development CPN: [B-G473E-ZEST1S, B-WB1M-WPAN1, B-WL5M-SUBG1, NUCLEO-C031C6, NUCLEO-C071RB, NUCLEO-H503RB, NUCLEO-H533RE, NUCLEO-H563ZI, NUCLEO-H7S3L8, NUCLEO-U031R8, NUCLEO-U083RC, NUCLEO-U545RE-Q, NUCLEO-U5A5ZJ-Q, NUCLEO-WB05KZ, NUCLEO-WB07CC, NUCLEO-WB09KE, NUCLEO-WBA52CG, NUCLEO-WBA55CG, STEVAL-PROTEUS1, STEVAL-SMARTAG2, STEVAL-STWINBX1, STM320518-EVAL, STM32C0116-DK, STM32C011D6Y3TR, STM32C011D6Y6TR, STM32C011F4P3, STM32C011F4P6, STM32C011F4U3, STM32C011F4U6TR, STM32C011F6P3, STM32C011F6P6, STM32C011F6U3, STM32C011F6U6TR, STM32C011J4M3, STM32C011J4M6, STM32C011J6M3, STM32C011J6M6, STM32C0316-DK, STM32C031C4T3, STM32C031C4T6, STM32C031C4U3, STM32C031C4U6, STM32C031C6T3, STM32C031C6T6, STM32C031C6U3, STM32C031C6U6, STM32C031F4P3, STM32C031F4P6, STM32C031F6P3, STM32C031F6P6, STM32C031G4U3, STM32C031G4U6, STM32C031G6U3, STM32C031G6U6, STM32C031K4T3, STM32C031K4T6, STM32C031K4U3, STM32C031K4U6, STM32C031K6T3, STM32C031K6T6, STM32C031K6U3, STM32C031K6U6, STM32C071C8T6, STM32C071C8T6N, STM32C071C8U6, STM32C071C8U6N, STM32C071CBT6, STM32C071CBT6N, STM32C071CBU6, STM32C071CBU6N, STM32C071F8P6, STM32C071F8P6N, STM32C071FBP6, STM32C071FBP6N, STM32C071FBY6TR, STM32C071G8U6, STM32C071G8U6N, STM32C071GBU6, STM32C071GBU6N, STM32C071K8T6, STM32C071K8T6N, STM32C071K8U6, STM32C071K8U6N, STM32C071KBT6, STM32C071KBT6N, STM32C071KBU6, STM32C071KBU6N, STM32C071R8T6, STM32C071R8T6N, STM32C071RBI6N, STM32C071RBT6, STM32C071RBT6N, STM32G071K8TXN, STM32G071K8UXN, STM32G081GBU6N, STM32G081KBT6N, STM32G081KBUXN, STM32G0B1CCT6N, STM32G0B1KCT6, STM32G0B1NEY6TR, STM32G0B1RCT6N, STM32G0C1CCT6, STM32G0C1CCT6N, STM32G0C1CCU6N, STM32G0C1CET6N, STM32G0C1CEU6N, STM32G0C1KCT6, STM32G0C1NEY6TR, STM32G0C1RCI6N, STM32G0C1RCT6N, STM32G0C1REI6N, STM32G0C1RET6N, STM32G0C1VCI6, STM32G0C1VEI6, STM32G411C6T3, STM32G411C6T6, STM32G411C6U3, STM32G411C6U6, STM32G411C8T3, STM32G411C8T6, STM32G411C8U3, STM32G411C8U6, STM32G411CBT3, STM32G411CBT6, STM32G411CBU3, STM32G411CBU6, STM32G411K6T3, STM32G411K6T6, STM32G411K6U3, STM32G411K6U6, STM32G411K8T3, STM32G411K8T6, STM32G411K8U3, STM32G411K8U6, STM32G411KBT3, STM32G411KBT6, STM32G411KBU3, STM32G411KBU6, STM32G411M6T3, STM32G411M6T6, STM32G411M8T3, STM32G411M8T6, STM32G411MBT3, STM32G411MBT6, STM32G411R6T3, STM32G411R6T6, STM32G411R8T3, STM32G411R8T6, STM32G411RBT3, STM32G411RBT6, STM32G414CBT3, STM32G414CBT6, STM32G414CBU3, STM32G414CBU6, STM32G414CCT3, STM32G414CCT6, STM32G414CCU3, STM32G414CCU6, STM32G414MBT3, STM32G414MBT6, STM32G414MCT3, STM32G414MCT6, STM32G414RBT3, STM32G414RBT6, STM32G414RCT3, STM32G414RCT6, STM32G414VBT3, STM32G414VBT6, STM32G414VCT3, STM32G414VCT6, STM32G431CBT3Z, STM32G431RBT3Z, STM32G471CCT6, STM32G471CCU6, STM32G471CET3, STM32G471CET6, STM32G471CEU3, STM32G471CEU6, STM32G471MCT6, STM32G471MET3, STM32G471MET6, STM32G471MEY6TR, STM32G471QCT6, STM32G471QET3, STM32G471RCT6, STM32G471RET3, STM32G471RET6, STM32G471VCH6, STM32G471VCI6, STM32G471VCT6, STM32G471VEH3, STM32G471VEH6, STM32G471VEI3, STM32G471VEI6, STM32G471VET3, STM32G471VET6, STM32G473QET3Z, STM32G473RET3Z, STM32G474CCT6, STM32G491RET3Z, STM32H503CBT6, STM32H503CBU6, STM32H503EBY6TR, STM32H503KBU6, STM32H503RBT6, STM32H523CCT6, STM32H523CCU6, STM32H523CET6, STM32H523CEU6, STM32H523HEY6TR, STM32H523RCT6, STM32H523RET6, STM32H523VCI6, STM32H523VCT6, STM32H523VEI6, STM32H523VET6, STM32H523ZCJ6, STM32H523ZCT6, STM32H523ZEJ6, STM32H523ZET6, STM32H533CET6, STM32H533CEU6, STM32H533HEY6TR, STM32H533RET6, STM32H533VEI6, STM32H533VET6, STM32H533ZEJ6, STM32H533ZET6, STM32H562AGI6, STM32H562AII6, STM32H562IGK6, STM32H562IGT6, STM32H562IIK6, STM32H562IIT6, STM32H562RGT6, STM32H562RGV6, STM32H562RIT6, STM32H562RIV6, STM32H562VGT6, STM32H562VIT6, STM32H562ZGT6, STM32H562ZIT6, STM32H563AGI6, STM32H563AII3Q, STM32H563AII6, STM32H563IGK6, STM32H563IGT6, STM32H563IIK3Q, STM32H563IIK6, STM32H563IIT3Q, STM32H563IIT6, STM32H563MIY3QTR, STM32H563RGT6, STM32H563RGV6, STM32H563RIT6, STM32H563RIV6, STM32H563VGT6, STM32H563VIT3Q, STM32H563VIT6, STM32H563ZGT6, STM32H563ZIT3Q, STM32H563ZIT6, STM32H573AII3Q, STM32H573AII6, STM32H573I-DK, STM32H573IIK3Q, STM32H573IIK6, STM32H573IIT3Q, STM32H573IIT6, STM32H573MIY3QTR, STM32H573RIT6, STM32H573RIV6, STM32H573VIT3Q, STM32H573VIT6, STM32H573ZIT3Q, STM32H573ZIT6, STM32H7R3A8I6, STM32H7R3I8K6, STM32H7R3I8T6, STM32H7R3L8H6, STM32H7R3L8H6H, STM32H7R3R8V6, STM32H7R3V8H6, STM32H7R3V8T6, STM32H7R3V8Y6TR, STM32H7R3Z8J6, STM32H7R3Z8T6, STM32H7R7A8I6, STM32H7R7I8K6, STM32H7R7I8T6, STM32H7R7L8H6, STM32H7R7L8H6H, STM32H7R7Z8J6, STM32H7S3A8I6, STM32H7S3I8K6, STM32H7S3I8T6, STM32H7S3L8H6, STM32H7S3L8H6H, STM32H7S3R8V6, STM32H7S3V8H6, STM32H7S3V8T6, STM32H7S3V8Y6TR, STM32H7S3Z8J6, STM32H7S3Z8T6, STM32H7S78-DK, STM32H7S7A8I6, STM32H7S7I8K6, STM32H7S7I8T6, STM32H7S7L8H6, STM32H7S7L8H6H, STM32H7S7Z8J6, STM32L4R5QGI6STR, STM32MP131AAE3, STM32MP131AAF3, STM32MP131AAG3, STM32MP131CAE3, STM32MP131CAF3, STM32MP131CAG3, STM32MP131DAE7, STM32MP131DAF7, STM32MP131DAG7, STM32MP131FAE7, STM32MP131FAF7, STM32MP131FAG7, STM32MP133AAE3, STM32MP133AAF3, STM32MP133AAG3, STM32MP133CAE3, STM32MP133CAF3, STM32MP133CAG3, STM32MP133DAE7, STM32MP133DAF7, STM32MP133DAG7, STM32MP133FAE7, STM32MP133FAF7, STM32MP133FAG7, STM32MP135AAE3, STM32MP135AAF3, STM32MP135AAG3, STM32MP135CAE3, STM32MP135CAF3, STM32MP135CAG3, STM32MP135DAE7, STM32MP135DAF7, STM32MP135DAG7, STM32MP135F-DK, STM32MP135FAE7, STM32MP135FAF7, STM32MP135FAF7T, STM32MP135FAF7U, STM32MP135FAG7, STM32MP251AAI3, STM32MP251AAK3, STM32MP251AAL3, STM32MP251CAI3, STM32MP251CAK3, STM32MP251CAL3, STM32MP251DAI3, STM32MP251DAK3, STM32MP251DAL3, STM32MP251FAI3, STM32MP251FAK3, STM32MP251FAL3, STM32MP253AAI3, STM32MP253AAK3, STM32MP253AAL3, STM32MP253CAI3, STM32MP253CAK3, STM32MP253CAL3, STM32MP253DAI3, STM32MP253DAK3, STM32MP253DAL3, STM32MP253FAI3, STM32MP253FAK3, STM32MP253FAL3, STM32MP255AAI3, STM32MP255AAK3, STM32MP255AAL3, STM32MP255CAI3, STM32MP255CAK3, STM32MP255CAL3, STM32MP255DAI3, STM32MP255DAK3, STM32MP255DAL3, STM32MP255FAI3, STM32MP255FAK3, STM32MP255FAL3, STM32MP257AAI3, STM32MP257AAK3, STM32MP257AAL3, STM32MP257CAI3, STM32MP257CAK3, STM32MP257CAL3, STM32MP257DAI3, STM32MP257DAK3, STM32MP257DAL3, STM32MP257F-DK, STM32MP257F-EV1, STM32MP257FAI3, STM32MP257FAK3, STM32MP257FAL3, STM32U031C6T6, STM32U031C6U6, STM32U031C8T6, STM32U031C8U6, STM32U031F4P6, STM32U031F6P6, STM32U031F8P6, STM32U031G6Y6TR, STM32U031G8Y6TR, STM32U031K4U6, STM32U031K6U6, STM32U031K8U6, STM32U031R6I6, STM32U031R6T6, STM32U031R8I6, STM32U031R8T6, STM32U073C8T6, STM32U073C8U6, STM32U073CBT6, STM32U073CBU6, STM32U073CCT6, STM32U073CCU6, STM32U073H8Y6TR, STM32U073HBY6TR, STM32U073HCY6TR, STM32U073K8U6, STM32U073KBU6, STM32U073KCU6, STM32U073M8I6, STM32U073M8T6, STM32U073MBI6, STM32U073MBT6, STM32U073MCI6, STM32U073MCT6, STM32U073R8I6, STM32U073R8T6, STM32U073RBI6, STM32U073RBT6, STM32U073RCI6, STM32U073RCT6, STM32U083C-DK, STM32U083CCT6, STM32U083CCU6, STM32U083HCY6TR, STM32U083KCU6, STM32U083MCI6, STM32U083MCT6, STM32U083RCI6, STM32U083RCT6, STM32U535CBT6, STM32U535CBT6Q, STM32U535CBU6, STM32U535CBU6Q, STM32U535CCT6, STM32U535CCT6Q, STM32U535CCU6, STM32U535CCU6Q, STM32U535CET6, STM32U535CET6Q, STM32U535CEU6, STM32U535CEU6Q, STM32U535JEY6QTR, STM32U535NCY6QTR, STM32U535NEY6QTR, STM32U535RBI6, STM32U535RBI6Q, STM32U535RBT6, STM32U535RBT6Q, STM32U535RCI6, STM32U535RCI6Q, STM32U535RCT6, STM32U535RCT6Q, STM32U535REI6, STM32U535REI6Q, STM32U535RET6, STM32U535RET6Q, STM32U535VCI6, STM32U535VCI6Q, STM32U535VCT6, STM32U535VCT6Q, STM32U535VEI6, STM32U535VEI6Q, STM32U535VET6, STM32U535VET6Q, STM32U545CET6, STM32U545CET6Q, STM32U545CEU6, STM32U545CEU6Q, STM32U545JEY6QTR, STM32U545NEY6QTR, STM32U545REI6, STM32U545REI6Q, STM32U545RET6, STM32U545RET6Q, STM32U545VEI6, STM32U545VEI6Q, STM32U545VET6, STM32U545VET6Q, STM32U595AIH6, STM32U595AIH6Q, STM32U595AJH6, STM32U595AJH6Q, STM32U595QII6, STM32U595QII6Q, STM32U595QJI6, STM32U595QJI6Q, STM32U595RIT6, STM32U595RIT6Q, STM32U595RJT6, STM32U595RJT6Q, STM32U595VIT6, STM32U595VIT6Q, STM32U595VJT6, STM32U595VJT6Q, STM32U595ZIT6, STM32U595ZIT6Q, STM32U595ZIY6QTR, STM32U595ZJT6, STM32U595ZJT6Q, STM32U595ZJY6QTR, STM32U599BJY6QTR, STM32U599NIH6Q, STM32U599NJH6Q, STM32U599VIT6Q, STM32U599VJT6, STM32U599VJT6Q, STM32U599ZIT6Q, STM32U599ZIY6QTR, STM32U599ZJT6Q, STM32U599ZJY6QTR, STM32U5A5AJH6, STM32U5A5AJH6Q, STM32U5A5QII3Q , STM32U5A5QJI6, STM32U5A5QJI6Q, STM32U5A5RJT6, STM32U5A5RJT6Q, STM32U5A5VJT6, STM32U5A5VJT6Q, STM32U5A5ZJT6, STM32U5A5ZJT6Q, STM32U5A5ZJY6QTR, STM32U5A9BJY6QTR, STM32U5A9J-DK, STM32U5A9NJH6Q, STM32U5A9VJT6Q, STM32U5A9ZJT6Q, STM32U5A9ZJY6QTR, STM32U5F7VIT6, STM32U5F7VIT6Q, STM32U5F7VJT6, STM32U5F7VJT6Q, STM32U5F9BJY6QTR, STM32U5F9NJH6Q, STM32U5F9VIT6Q, STM32U5F9VJT6Q, STM32U5F9ZIJ6QTR, STM32U5F9ZIT6Q, STM32U5F9ZJJ6QTR, STM32U5F9ZJT6Q, STM32U5G7VJT6, STM32U5G7VJT6Q, STM32U5G9BJY6QTR, STM32U5G9J-DK1, STM32U5G9J-DK2, STM32U5G9NJH6Q, STM32U5G9VJT6Q, STM32U5G9ZJJ6QTR, STM32U5G9ZJT6Q, STM32WB05KZV6TR, STM32WB05KZV7TR, STM32WB05TZF6TR, STM32WB05TZF7TR, STM32WB06CCF6TR, STM32WB06CCF7TR, STM32WB06CCV6TR, STM32WB06CCV7TR, STM32WB06KCV6TR, STM32WB06KCV7TR, STM32WB07CCF6TR, STM32WB07CCF7TR, STM32WB07CCV6TR, STM32WB07CCV7TR, STM32WB07KCV6TR, STM32WB07KCV7TR, STM32WB09KEV6TR, STM32WB09KEV7TR, STM32WB09TEF6TR, STM32WB09TEF7TR, STM32WB1MMCH6, STM32WBA50KGU6, STM32WBA50KGU6TR, STM32WBA52CEU6, STM32WBA52CEU6TR, STM32WBA52CEU7, STM32WBA52CEU7TR, STM32WBA52CGU6, STM32WBA52CGU6TR, STM32WBA52CGU6U, STM32WBA52CGU7, STM32WBA52CGU7TR, STM32WBA52KEU6, STM32WBA52KEU6TR, STM32WBA52KGU6, STM32WBA52KGU6TR, STM32WBA54CEU6, STM32WBA54CEU6TR, STM32WBA54CEU7, STM32WBA54CEU7TR, STM32WBA54CGU6, STM32WBA54CGU6TR, STM32WBA54CGU7, STM32WBA54CGU7TR, STM32WBA54KEU6, STM32WBA54KEU6TR, STM32WBA54KEU7, STM32WBA54KEU7TR, STM32WBA54KGU6, STM32WBA54KGU6TR, STM32WBA54KGU7, STM32WBA54KGU7TR, STM32WBA55CEU6, STM32WBA55CEU6TR, STM32WBA55CEU7, STM32WBA55CEU7TR, STM32WBA55CGU6, STM32WBA55CGU6TR, STM32WBA55CGU6U, STM32WBA55CGU7, STM32WBA55CGU7TR, STM32WBA55G-DK1, STM32WBA55HEF6, STM32WBA55HEF7, STM32WBA55HGF6, STM32WBA55HGF7, STM32WBA55UEI6, STM32WBA55UEI6TR, STM32WBA55UEI7, STM32WBA55UEI7TR, STM32WBA55UGI6, STM32WBA55UGI6TR, STM32WBA55UGI7, STM32WBA55UGI7TR, STM32WL5MOCH6, STM32WL5MOCH6TR]
2025-09-15 19:40:59,645 [INFO] DbMcus:218 - Found 4733 MCUs, 4733 are supported
2025-09-15 19:40:59,646 [INFO] ApiDb:423 - Load user favorites file /home/kailas/.stm32cubeide/favorites.mcus.txt: 0 item(s)
2025-09-15 19:40:59,646 [INFO] ApiDb:427 - User favorites MCUs=[]
2025-09-15 19:40:59,646 [INFO] DbMcus:224 - Set 0 / 0 favorites MCUs
2025-09-15 19:41:00,235 [INFO] BoardInfo:889 - No configuration file found for board B-WBA5M-WPAN
2025-09-15 19:41:00,236 [INFO] DbBoards:161 - Board is not supported: B-WBA5M-WPAN
2025-09-15 19:41:00,240 [INFO] BoardInfo:889 - No configuration file found for board NUCLEO-C051C8
2025-09-15 19:41:00,240 [INFO] DbBoards:161 - Board is not supported: NUCLEO-C051C8
2025-09-15 19:41:00,243 [INFO] BoardInfo:889 - No configuration file found for board NUCLEO-C092RC
2025-09-15 19:41:00,244 [INFO] DbBoards:161 - Board is not supported: NUCLEO-C092RC
2025-09-15 19:41:00,306 [INFO] BoardInfo:889 - No configuration file found for board NUCLEO-N657X0-Q
2025-09-15 19:41:00,307 [INFO] DbBoards:161 - Board is not supported: NUCLEO-N657X0-Q
2025-09-15 19:41:00,309 [INFO] BoardInfo:889 - No configuration file found for board NUCLEO-U385RG-Q
2025-09-15 19:41:00,310 [INFO] DbBoards:161 - Board is not supported: NUCLEO-U385RG-Q
2025-09-15 19:41:00,319 [INFO] BoardInfo:889 - No configuration file found for board NUCLEO-WBA65RI
2025-09-15 19:41:00,319 [INFO] DbBoards:161 - Board is not supported: NUCLEO-WBA65RI
2025-09-15 19:41:00,320 [INFO] BoardInfo:889 - No configuration file found for board NUCLEO-WL33CC1
2025-09-15 19:41:00,320 [INFO] DbBoards:161 - Board is not supported: NUCLEO-WL33CC1
2025-09-15 19:41:00,321 [INFO] BoardInfo:889 - No configuration file found for board NUCLEO-WL33CC2
2025-09-15 19:41:00,321 [INFO] DbBoards:161 - Board is not supported: NUCLEO-WL33CC2
2025-09-15 19:41:00,325 [INFO] BoardInfo:889 - No configuration file found for board P-NUCLEO-WB55
2025-09-15 19:41:00,326 [INFO] DbBoards:161 - Kit is not supported: P-NUCLEO-WB55
2025-09-15 19:41:00,330 [INFO] BoardInfo:889 - No configuration file found for board STEVAL-BFA001V1B
2025-09-15 19:41:00,330 [INFO] DbBoards:161 - Kit is not supported: STEVAL-BFA001V1B
2025-09-15 19:41:00,331 [INFO] BoardInfo:889 - No configuration file found for board STEVAL-BFA001V2B
2025-09-15 19:41:00,331 [INFO] DbBoards:161 - Kit is not supported: STEVAL-BFA001V2B
2025-09-15 19:41:00,464 [INFO] BoardInfo:889 - No configuration file found for board STM32N6570-DK
2025-09-15 19:41:00,464 [INFO] DbBoards:161 - Board is not supported: STM32N6570-DK
2025-09-15 19:41:00,472 [INFO] BoardInfo:889 - No configuration file found for board STM32WBA65I-DK1
2025-09-15 19:41:00,472 [INFO] DbBoards:161 - Board is not supported: STM32WBA65I-DK1
2025-09-15 19:41:00,473 [INFO] DbBoards:168 - Found 211 boards, 198 are supported
2025-09-15 19:41:00,473 [INFO] DbBoards:169 - Found 211 boards, 25 of them is supported for  Bsp
2025-09-15 19:41:00,475 [INFO] ApiDb:423 - Load user favorites file /home/kailas/.stm32cubeide/favorites.boards.txt: 0 item(s)
2025-09-15 19:41:00,475 [INFO] ApiDb:427 - User favorites Boards=[]
2025-09-15 19:41:00,475 [INFO] DbBoards:198 - Set 0 / 0 favorites Boards
2025-09-15 19:41:00,514 [INFO] UtilMem:75 - End LoadConfig() Used Memory: 261449640 Bytes (557842432)
2025-09-15 19:41:00,722 [WARN] ThirdParty:833 - waiting for thirdparty lock release [change project]
2025-09-15 19:41:00,723 [INFO] ThirdParty:835 - entering critical section [change project]
2025-09-15 19:41:00,723 [INFO] ThirdParty:1030 - CMSIS Pack Vendor :STMicroelectronics X-CUBE-PM33A1 1.0.0
2025-09-15 19:41:00,723 [INFO] ThirdParty:1030 - CMSIS Pack Vendor :STMicroelectronics USBPD 4.1
2025-09-15 19:41:00,723 [INFO] ThirdParty:1030 - CMSIS Pack Vendor :STMicroelectronics X-CUBE-NFC9 1.0.0
2025-09-15 19:41:00,723 [INFO] ThirdParty:1030 - CMSIS Pack Vendor :STMicroelectronics USB_HOST 2.0.0
2025-09-15 19:41:00,723 [INFO] ThirdParty:1030 - CMSIS Pack Vendor :STMicroelectronics FP-SNS-MOTENVWB1 1.4.0
2025-09-15 19:41:00,723 [INFO] ThirdParty:1030 - CMSIS Pack Vendor :STMicroelectronics X-CUBE-AZRTOS-F4 1.1.0
2025-09-15 19:41:00,723 [INFO] ThirdParty:1030 - CMSIS Pack Vendor :STMicroelectronics LIBJPEG 8.0.0
2025-09-15 19:41:00,723 [INFO] ThirdParty:1030 - CMSIS Pack Vendor :STMicroelectronics FP-ATR-ASTRA1 2.0.2
2025-09-15 19:41:00,723 [INFO] ThirdParty:1030 - CMSIS Pack Vendor :wolfSSL I-CUBE-wolfSSL 5.8.2
2025-09-15 19:41:00,724 [INFO] ThirdParty:1030 - CMSIS Pack Vendor :STMicroelectronics X-CUBE-BLE1 7.1.0
2025-09-15 19:41:00,724 [INFO] ThirdParty:1030 - CMSIS Pack Vendor :STMicroelectronics X-CUBE-SMBUS 2.1.0
2025-09-15 19:41:00,724 [INFO] ThirdParty:1030 - CMSIS Pack Vendor :wolfSSL I-CUBE-wolfMQTT 1.19.2
2025-09-15 19:41:00,724 [INFO] ThirdParty:1030 - CMSIS Pack Vendor :STMicroelectronics USB_DEVICE 3.0.0
2025-09-15 19:41:00,724 [INFO] ThirdParty:1030 - CMSIS Pack Vendor :STMicroelectronics X-CUBE-ISPU 2.1.0
2025-09-15 19:41:00,724 [INFO] ThirdParty:1030 - CMSIS Pack Vendor :STMicroelectronics X-CUBE-EEPRMA1 5.2.0
2025-09-15 19:41:00,724 [INFO] ThirdParty:1030 - CMSIS Pack Vendor :STMicroelectronics X-CUBE-AZRTOS-WB 2.0.0
2025-09-15 19:41:00,724 [INFO] ThirdParty:1030 - CMSIS Pack Vendor :STMicroelectronics X-CUBE-GNSS1 7.0.1
2025-09-15 19:41:00,724 [INFO] ThirdParty:1030 - CMSIS Pack Vendor :STMicroelectronics X-CUBE-NFC12 1.0.0
2025-09-15 19:41:00,724 [INFO] ThirdParty:1030 - CMSIS Pack Vendor :STMicroelectronics X-CUBE-AZRTOS-F7 1.1.0
2025-09-15 19:41:00,724 [INFO] ThirdParty:1030 - CMSIS Pack Vendor :STMicroelectronics X-CUBE-AZRTOS-L5 2.0.0
2025-09-15 19:41:00,724 [INFO] ThirdParty:1030 - CMSIS Pack Vendor :STMicroelectronics X-CUBE-TOUCHGFX 4.25.0
2025-09-15 19:41:00,724 [INFO] ThirdParty:1030 - CMSIS Pack Vendor :STMicroelectronics USB_DEVICE 2.0.0
2025-09-15 19:41:00,724 [INFO] ThirdParty:1030 - CMSIS Pack Vendor :STMicroelectronics X-CUBE-NFC6 3.1.0
2025-09-15 19:41:00,724 [INFO] ThirdParty:1030 - CMSIS Pack Vendor :quantropi X-CUBE-qispace-sdk-base 2.1.0
2025-09-15 19:41:00,724 [INFO] ThirdParty:1030 - CMSIS Pack Vendor :STMicroelectronics FreeRTOS 0.0.1
2025-09-15 19:41:00,724 [INFO] ThirdParty:1030 - CMSIS Pack Vendor :STMicroelectronics X-CUBE-AZRTOS-G0 1.1.0
2025-09-15 19:41:00,724 [INFO] ThirdParty:1030 - CMSIS Pack Vendor :STMicroelectronics X-CUBE-SAFEA1 1.2.2
2025-09-15 19:41:00,724 [INFO] ThirdParty:1030 - CMSIS Pack Vendor :STMicroelectronics X-CUBE-NFC4 3.0.0
2025-09-15 19:41:00,724 [INFO] ThirdParty:1030 - CMSIS Pack Vendor :STMicroelectronics X-CUBE-SUBG2 5.0.0
2025-09-15 19:41:00,724 [INFO] ThirdParty:1030 - CMSIS Pack Vendor :STMicroelectronics X-CUBE-AZRTOS-H7RS 1.1.0
2025-09-15 19:41:00,724 [INFO] ThirdParty:1030 - CMSIS Pack Vendor :STMicroelectronics STM32_WPAN 1.0.0
2025-09-15 19:41:00,724 [INFO] ThirdParty:1030 - CMSIS Pack Vendor :EmbeddedOffice I-CUBE-FS-RTOS 1.0.1
2025-09-15 19:41:00,725 [INFO] ThirdParty:1030 - CMSIS Pack Vendor :STMicroelectronics lwIP 2.0.3
2025-09-15 19:41:00,725 [INFO] ThirdParty:1030 - CMSIS Pack Vendor :Cesanta I-CUBE-Mongoose 7.13.0
2025-09-15 19:41:00,725 [INFO] ThirdParty:1030 - CMSIS Pack Vendor :STMicroelectronics USB_HOST 1.0.0
2025-09-15 19:41:00,725 [INFO] ThirdParty:1030 - CMSIS Pack Vendor :Infineon AIROC-Wi-Fi-Bluetooth-STM32 1.7.1
2025-09-15 19:41:00,725 [INFO] ThirdParty:1030 - CMSIS Pack Vendor :STMicroelectronics X-CUBE-AZRTOS-G4 2.0.0
2025-09-15 19:41:00,725 [INFO] ThirdParty:1030 - CMSIS Pack Vendor :STMicroelectronics X-CUBE-WB05N 2.0.0
2025-09-15 19:41:00,725 [INFO] ThirdParty:1030 - CMSIS Pack Vendor :STMicroelectronics PDM2PCM 3.1.0
2025-09-15 19:41:00,725 [INFO] ThirdParty:1030 - CMSIS Pack Vendor :STMicroelectronics PDM2PCM 3.3.0
2025-09-15 19:41:00,725 [INFO] ThirdParty:1030 - CMSIS Pack Vendor :wolfSSL I-CUBE-wolfTPM 3.8.0
2025-09-15 19:41:00,725 [INFO] ThirdParty:1030 - CMSIS Pack Vendor :STMicroelectronics X-CUBE-AZRTOS-H7 3.4.0
2025-09-15 19:41:00,725 [INFO] ThirdParty:1030 - CMSIS Pack Vendor :STMicroelectronics X-CUBE-DISPLAY 3.0.0
2025-09-15 19:41:00,725 [INFO] ThirdParty:1030 - CMSIS Pack Vendor :wolfSSL I-CUBE-wolfSSH 1.4.20
2025-09-15 19:41:00,725 [INFO] ThirdParty:1030 - CMSIS Pack Vendor :STMicroelectronics X-CUBE-NFC7 2.0.0
2025-09-15 19:41:00,726 [INFO] ThirdParty:1030 - CMSIS Pack Vendor :RealThread X-CUBE-RT-Thread_Nano 4.1.1
2025-09-15 19:41:00,726 [INFO] ThirdParty:1030 - CMSIS Pack Vendor :STMicroelectronics FP-ATR-SIGFOX1 3.2.0
2025-09-15 19:41:00,726 [INFO] ThirdParty:1030 - CMSIS Pack Vendor :STMicroelectronics X-CUBE-NFC10 1.0.0
2025-09-15 19:41:00,726 [INFO] ThirdParty:1030 - CMSIS Pack Vendor :STMicroelectronics X-CUBE-FREERTOS 1.3.1
2025-09-15 19:41:00,726 [INFO] ThirdParty:1030 - CMSIS Pack Vendor :STMicroelectronics HAL Drivers 0.0.0
2025-09-15 19:41:00,726 [INFO] ThirdParty:1030 - CMSIS Pack Vendor :STMicroelectronics MBEDTLS 2.16.2
2025-09-15 19:41:00,726 [INFO] ThirdParty:1030 - CMSIS Pack Vendor :STMicroelectronics X-CUBE-ALS 1.0.2
2025-09-15 19:41:00,726 [INFO] ThirdParty:1030 - CMSIS Pack Vendor :emotas I-CUBE-CANOPEN 1.3.0
2025-09-15 19:41:00,726 [INFO] ThirdParty:1030 - CMSIS Pack Vendor :STMicroelectronics MBEDTLS 2.14.1
2025-09-15 19:41:00,726 [INFO] ThirdParty:1030 - CMSIS Pack Vendor :ITTIA_DB I-CUBE-ITTIADB 8.9.0
2025-09-15 19:41:00,726 [INFO] ThirdParty:1030 - CMSIS Pack Vendor :STMicroelectronics X-CUBE-STSE01 1.0.0
2025-09-15 19:41:00,726 [INFO] ThirdParty:1030 - CMSIS Pack Vendor :portGmbH I-Cube-SoM-uGOAL 1.1.0
2025-09-15 19:41:00,726 [INFO] ThirdParty:1030 - CMSIS Pack Vendor :STMicroelectronics X-CUBE-AI 10.2.0
2025-09-15 19:41:00,726 [INFO] ThirdParty:1030 - CMSIS Pack Vendor :STMicroelectronics ThreadX 1.0.0
2025-09-15 19:41:00,726 [INFO] ThirdParty:1030 - CMSIS Pack Vendor :STMicroelectronics FP-SNS-SMARTAG2 1.2.0
2025-09-15 19:41:00,726 [INFO] ThirdParty:1030 - CMSIS Pack Vendor :STMicroelectronics X-CUBE-AZRTOS-WL 2.0.0
2025-09-15 19:41:00,726 [INFO] ThirdParty:1030 - CMSIS Pack Vendor :SEGGER I-CUBE-embOS 1.3.1
2025-09-15 19:41:00,726 [INFO] ThirdParty:1030 - CMSIS Pack Vendor :STMicroelectronics X-CUBE-ALGOBUILD 1.4.0
2025-09-15 19:41:00,726 [INFO] ThirdParty:1030 - CMSIS Pack Vendor :STMicroelectronics X-CUBE-DPower 1.3.0
2025-09-15 19:41:00,726 [INFO] ThirdParty:1030 - CMSIS Pack Vendor :STMicroelectronics X-CUBE-MEMS1 11.3.0
2025-09-15 19:41:00,726 [INFO] ThirdParty:1030 - CMSIS Pack Vendor :STMicroelectronics FP-SNS-MOTENV1 5.0.0
2025-09-15 19:41:00,726 [INFO] ThirdParty:1030 - CMSIS Pack Vendor :STMicroelectronics USB_DEVICE 1.0.0
2025-09-15 19:41:00,726 [INFO] ThirdParty:1030 - CMSIS Pack Vendor :STMicroelectronics X-CUBE-AZRTOS-L4 2.0.0
2025-09-15 19:41:00,727 [INFO] ThirdParty:1030 - CMSIS Pack Vendor :STMicroelectronics ThreadX 0.0.2
2025-09-15 19:41:00,727 [INFO] ThirdParty:1030 - CMSIS Pack Vendor :WES I-CUBE-Cesium 1.3.0
2025-09-15 19:41:00,727 [INFO] ThirdParty:1030 - CMSIS Pack Vendor :STMicroelectronics lwIP 2.1.2
2025-09-15 19:41:00,727 [INFO] ThirdParty:1030 - CMSIS Pack Vendor :STMicroelectronics X-CUBE-SFXS2LP1 4.0.0
2025-09-15 19:41:00,727 [INFO] ThirdParty:1030 - CMSIS Pack Vendor :STMicroelectronics X-CUBE-BLE2 3.3.0
2025-09-15 19:41:00,727 [INFO] ThirdParty:1030 - CMSIS Pack Vendor :STMicroelectronics PDM2PCM 3.2.0
2025-09-15 19:41:00,727 [INFO] ThirdParty:841 - exiting critical section [change project]
2025-09-15 19:41:00,766 [ERROR] LogOutputStream:75 - [STDERR_REDIRECT] Sep 15, 2025 7:41:00 PM java.util.prefs.FileSystemPreferences checkLockFile0ErrorCode
2025-09-15 19:41:00,767 [ERROR] LogOutputStream:75 - [STDERR_REDIRECT] WARNING: Could not lock System prefs. Unix error code 2.
2025-09-15 19:41:00,767 [ERROR] LogOutputStream:75 - [STDERR_REDIRECT] 
2025-09-15 19:41:00,768 [ERROR] LogOutputStream:75 - [STDERR_REDIRECT] Sep 15, 2025 7:41:00 PM java.util.prefs.FileSystemPreferences syncWorld
2025-09-15 19:41:00,768 [ERROR] LogOutputStream:75 - [STDERR_REDIRECT] WARNING: Couldn't flush system prefs: java.util.prefs.BackingStoreException: Couldn't get file lock.
2025-09-15 19:41:00,768 [ERROR] LogOutputStream:75 - [STDERR_REDIRECT] 
2025-09-15 19:41:01,135 [INFO] PinOutPanel:1561 - setPackage(No Configuration,No Configuration)
2025-09-15 19:41:01,136 [INFO] PinOutPanel:1561 - setPackage(STM32F446RETx,LQFP64)
2025-09-15 19:41:01,775 [INFO] UtilMem:75 - Before build in PCC Used Memory: 252966272 Bytes (557842432)
2025-09-15 19:41:02,498 [INFO] UtilMem:75 - After build in PCC Used Memory: 235633456 Bytes (557842432)
2025-09-15 19:41:02,593 [INFO] ApiDbMcu:508 - Load IP Config File for USB_DEVICE
2025-09-15 19:41:02,676 [INFO] IPUIPlugin:80 - create IPUIPlugin
2025-09-15 19:41:02,676 [INFO] IPUIPlugin:80 - create IPUIPlugin
2025-09-15 19:41:02,676 [INFO] IPUIPlugin:80 - create IPUIPlugin
2025-09-15 19:41:02,676 [INFO] IPUIPlugin:80 - create IPUIPlugin
2025-09-15 19:41:02,676 [INFO] IPUIPlugin:80 - create IPUIPlugin
2025-09-15 19:41:02,676 [INFO] IPUIPlugin:80 - create IPUIPlugin
2025-09-15 19:41:02,677 [INFO] IPUIPlugin:80 - create IPUIPlugin
2025-09-15 19:41:02,677 [INFO] IPUIPlugin:80 - create IPUIPlugin
2025-09-15 19:41:02,677 [INFO] IPUIPlugin:80 - create IPUIPlugin
2025-09-15 19:41:02,677 [INFO] IPUIPlugin:80 - create IPUIPlugin
2025-09-15 19:41:02,677 [INFO] IPUIPlugin:80 - create IPUIPlugin
2025-09-15 19:41:02,677 [INFO] IPUIPlugin:80 - create IPUIPlugin
2025-09-15 19:41:02,677 [INFO] IPUIPlugin:80 - create IPUIPlugin
2025-09-15 19:41:02,678 [INFO] IPUIPlugin:80 - create IPUIPlugin
2025-09-15 19:41:02,678 [INFO] IPUIPlugin:80 - create IPUIPlugin
2025-09-15 19:41:02,678 [INFO] IPUIPlugin:80 - create IPUIPlugin
2025-09-15 19:41:02,678 [INFO] IPUIPlugin:80 - create IPUIPlugin
2025-09-15 19:41:02,678 [INFO] IPUIPlugin:80 - create IPUIPlugin
2025-09-15 19:41:02,678 [INFO] IPUIPlugin:80 - create IPUIPlugin
2025-09-15 19:41:02,678 [INFO] IPUIPlugin:80 - create IPUIPlugin
2025-09-15 19:41:02,680 [INFO] IPUIPlugin:80 - create IPUIPlugin
2025-09-15 19:41:02,681 [INFO] IPUIPlugin:80 - create IPUIPlugin
2025-09-15 19:41:02,681 [INFO] IPUIPlugin:80 - create IPUIPlugin
2025-09-15 19:41:02,681 [INFO] IPUIPlugin:80 - create IPUIPlugin
2025-09-15 19:41:02,682 [INFO] IPUIPlugin:80 - create IPUIPlugin
2025-09-15 19:41:02,682 [INFO] IPUIPlugin:80 - create IPUIPlugin
2025-09-15 19:41:02,682 [INFO] IPUIPlugin:80 - create IPUIPlugin
2025-09-15 19:41:02,682 [INFO] IPUIPlugin:80 - create IPUIPlugin
2025-09-15 19:41:02,682 [INFO] IPUIPlugin:80 - create IPUIPlugin
2025-09-15 19:41:02,685 [INFO] IPUIPlugin:80 - create IPUIPlugin
2025-09-15 19:41:02,685 [INFO] IPUIPlugin:80 - create IPUIPlugin
2025-09-15 19:41:02,685 [INFO] IPUIPlugin:80 - create IPUIPlugin
2025-09-15 19:41:02,686 [INFO] IPUIPlugin:80 - create IPUIPlugin
2025-09-15 19:41:02,686 [INFO] IPUIPlugin:80 - create IPUIPlugin
2025-09-15 19:41:02,686 [INFO] IPUIPlugin:80 - create IPUIPlugin
2025-09-15 19:41:02,686 [INFO] IPUIPlugin:80 - create IPUIPlugin
2025-09-15 19:41:02,686 [INFO] IPUIPlugin:80 - create IPUIPlugin
2025-09-15 19:41:02,687 [INFO] IPUIPlugin:80 - create IPUIPlugin
2025-09-15 19:41:02,687 [INFO] IPUIPlugin:80 - create IPUIPlugin
2025-09-15 19:41:02,687 [INFO] IPUIPlugin:80 - create IPUIPlugin
2025-09-15 19:41:02,687 [INFO] IPUIPlugin:80 - create IPUIPlugin
2025-09-15 19:41:02,687 [INFO] IPUIPlugin:80 - create IPUIPlugin
2025-09-15 19:41:02,687 [INFO] IPUIPlugin:80 - create IPUIPlugin
2025-09-15 19:41:02,688 [INFO] IPUIPlugin:80 - create IPUIPlugin
2025-09-15 19:41:02,688 [INFO] IPUIPlugin:80 - create IPUIPlugin
2025-09-15 19:41:02,688 [INFO] IPUIPlugin:80 - create IPUIPlugin
2025-09-15 19:41:02,688 [INFO] IPUIPlugin:80 - create IPUIPlugin
2025-09-15 19:41:02,689 [INFO] IPUIPlugin:80 - create IPUIPlugin
2025-09-15 19:41:02,689 [INFO] IPUIPlugin:80 - create IPUIPlugin
2025-09-15 19:41:02,689 [INFO] IPUIPlugin:80 - create IPUIPlugin
2025-09-15 19:41:02,689 [INFO] IPUIPlugin:80 - create IPUIPlugin
2025-09-15 19:41:02,689 [INFO] IPUIPlugin:80 - create IPUIPlugin
2025-09-15 19:41:02,690 [INFO] IPUIPlugin:80 - create IPUIPlugin
2025-09-15 19:41:02,690 [INFO] IPUIPlugin:80 - create IPUIPlugin
2025-09-15 19:41:02,690 [INFO] IPUIPlugin:80 - create IPUIPlugin
2025-09-15 19:41:02,690 [INFO] IPUIPlugin:80 - create IPUIPlugin
2025-09-15 19:41:02,691 [INFO] IPUIPlugin:80 - create IPUIPlugin
2025-09-15 19:41:02,691 [INFO] IPUIPlugin:80 - create IPUIPlugin
2025-09-15 19:41:02,695 [INFO] IPUIPlugin:80 - create IPUIPlugin
2025-09-15 19:41:02,695 [INFO] IPUIPlugin:80 - create IPUIPlugin
2025-09-15 19:41:02,706 [INFO] ApiDbMcu:508 - Load IP Config File for PDM2PCM
2025-09-15 19:41:03,214 [INFO] CADModel:165 - CPN selected for project levelSTM32F446RET6
2025-09-15 19:41:03,214 [INFO] CADModel:114 - Register for checkConnection events
2025-09-15 19:41:03,255 [INFO] OpenFileManager:363 - Restore cursor
2025-09-15 19:41:03,452 [WARN] IP:2191 - DEVICE_SERIAL0_CDC_FS not found: check if there is a RefParameter without a condition.
2025-09-15 19:41:03,455 [WARN] IP:2191 - DEVICE_SERIAL1_CDC_FS not found: check if there is a RefParameter without a condition.
2025-09-15 19:41:03,455 [WARN] IP:2191 - DEVICE_SERIAL2_CDC_FS not found: check if there is a RefParameter without a condition.
2025-09-15 19:41:03,456 [WARN] IP:2191 - DEVICE_SERIAL0_CDC_FS not found: check if there is a RefParameter without a condition.
2025-09-15 19:41:03,456 [WARN] IP:2191 - DEVICE_SERIAL1_CDC_FS not found: check if there is a RefParameter without a condition.
2025-09-15 19:41:03,458 [WARN] IP:2191 - DEVICE_SERIAL2_CDC_FS not found: check if there is a RefParameter without a condition.
2025-09-15 19:41:30,761 [ERROR] LogOutputStream:75 - [STDERR_REDIRECT] Sep 15, 2025 7:41:30 PM java.util.prefs.FileSystemPreferences checkLockFile0ErrorCode
2025-09-15 19:41:30,762 [ERROR] LogOutputStream:75 - [STDERR_REDIRECT] WARNING: Could not lock System prefs. Unix error code 2.
2025-09-15 19:41:30,762 [ERROR] LogOutputStream:75 - [STDERR_REDIRECT] 
2025-09-15 19:41:30,762 [ERROR] LogOutputStream:75 - [STDERR_REDIRECT] Sep 15, 2025 7:41:30 PM java.util.prefs.FileSystemPreferences syncWorld
2025-09-15 19:41:30,762 [ERROR] LogOutputStream:75 - [STDERR_REDIRECT] WARNING: Couldn't flush system prefs: java.util.prefs.BackingStoreException: Couldn't get file lock.
2025-09-15 19:41:30,763 [ERROR] LogOutputStream:75 - [STDERR_REDIRECT] 
2025-09-15 19:42:00,756 [ERROR] LogOutputStream:75 - [STDERR_REDIRECT] Sep 15, 2025 7:42:00 PM java.util.prefs.FileSystemPreferences checkLockFile0ErrorCode
2025-09-15 19:42:00,756 [ERROR] LogOutputStream:75 - [STDERR_REDIRECT] WARNING: Could not lock System prefs. Unix error code 2.
2025-09-15 19:42:00,757 [ERROR] LogOutputStream:75 - [STDERR_REDIRECT] 
2025-09-15 19:42:00,758 [ERROR] LogOutputStream:75 - [STDERR_REDIRECT] Sep 15, 2025 7:42:00 PM java.util.prefs.FileSystemPreferences syncWorld
2025-09-15 19:42:00,758 [ERROR] LogOutputStream:75 - [STDERR_REDIRECT] WARNING: Couldn't flush system prefs: java.util.prefs.BackingStoreException: Couldn't get file lock.
2025-09-15 19:42:00,758 [ERROR] LogOutputStream:75 - [STDERR_REDIRECT] 
2025-09-15 19:42:30,758 [ERROR] LogOutputStream:75 - [STDERR_REDIRECT] Sep 15, 2025 7:42:30 PM java.util.prefs.FileSystemPreferences checkLockFile0ErrorCode
2025-09-15 19:42:30,759 [ERROR] LogOutputStream:75 - [STDERR_REDIRECT] WARNING: Could not lock System prefs. Unix error code 2.
2025-09-15 19:42:30,759 [ERROR] LogOutputStream:75 - [STDERR_REDIRECT] 
2025-09-15 19:42:30,760 [ERROR] LogOutputStream:75 - [STDERR_REDIRECT] Sep 15, 2025 7:42:30 PM java.util.prefs.FileSystemPreferences syncWorld
2025-09-15 19:42:30,760 [ERROR] LogOutputStream:75 - [STDERR_REDIRECT] WARNING: Couldn't flush system prefs: java.util.prefs.BackingStoreException: Couldn't get file lock.
2025-09-15 19:42:30,761 [ERROR] LogOutputStream:75 - [STDERR_REDIRECT] 
2025-09-15 19:43:00,757 [ERROR] LogOutputStream:75 - [STDERR_REDIRECT] Sep 15, 2025 7:43:00 PM java.util.prefs.FileSystemPreferences checkLockFile0ErrorCode
2025-09-15 19:43:00,757 [ERROR] LogOutputStream:75 - [STDERR_REDIRECT] WARNING: Could not lock System prefs. Unix error code 2.
2025-09-15 19:43:00,757 [ERROR] LogOutputStream:75 - [STDERR_REDIRECT] 
2025-09-15 19:43:00,757 [ERROR] LogOutputStream:75 - [STDERR_REDIRECT] Sep 15, 2025 7:43:00 PM java.util.prefs.FileSystemPreferences syncWorld
2025-09-15 19:43:00,757 [ERROR] LogOutputStream:75 - [STDERR_REDIRECT] WARNING: Couldn't flush system prefs: java.util.prefs.BackingStoreException: Couldn't get file lock.
2025-09-15 19:43:00,757 [ERROR] LogOutputStream:75 - [STDERR_REDIRECT] 
2025-09-15 19:43:30,757 [ERROR] LogOutputStream:75 - [STDERR_REDIRECT] Sep 15, 2025 7:43:30 PM java.util.prefs.FileSystemPreferences checkLockFile0ErrorCode
2025-09-15 19:43:30,757 [ERROR] LogOutputStream:75 - [STDERR_REDIRECT] WARNING: Could not lock System prefs. Unix error code 2.
2025-09-15 19:43:30,757 [ERROR] LogOutputStream:75 - [STDERR_REDIRECT] 
2025-09-15 19:43:30,758 [ERROR] LogOutputStream:75 - [STDERR_REDIRECT] Sep 15, 2025 7:43:30 PM java.util.prefs.FileSystemPreferences syncWorld
2025-09-15 19:43:30,758 [ERROR] LogOutputStream:75 - [STDERR_REDIRECT] WARNING: Couldn't flush system prefs: java.util.prefs.BackingStoreException: Couldn't get file lock.
2025-09-15 19:43:30,758 [ERROR] LogOutputStream:75 - [STDERR_REDIRECT] 
2025-09-15 19:44:00,757 [ERROR] LogOutputStream:75 - [STDERR_REDIRECT] Sep 15, 2025 7:44:00 PM java.util.prefs.FileSystemPreferences checkLockFile0ErrorCode
2025-09-15 19:44:00,758 [ERROR] LogOutputStream:75 - [STDERR_REDIRECT] WARNING: Could not lock System prefs. Unix error code 2.
2025-09-15 19:44:00,758 [ERROR] LogOutputStream:75 - [STDERR_REDIRECT] 
2025-09-15 19:44:00,759 [ERROR] LogOutputStream:75 - [STDERR_REDIRECT] Sep 15, 2025 7:44:00 PM java.util.prefs.FileSystemPreferences syncWorld
2025-09-15 19:44:00,759 [ERROR] LogOutputStream:75 - [STDERR_REDIRECT] WARNING: Couldn't flush system prefs: java.util.prefs.BackingStoreException: Couldn't get file lock.
2025-09-15 19:44:00,760 [ERROR] LogOutputStream:75 - [STDERR_REDIRECT] 
2025-09-15 19:44:30,757 [ERROR] LogOutputStream:75 - [STDERR_REDIRECT] Sep 15, 2025 7:44:30 PM java.util.prefs.FileSystemPreferences checkLockFile0ErrorCode
2025-09-15 19:44:30,757 [ERROR] LogOutputStream:75 - [STDERR_REDIRECT] WARNING: Could not lock System prefs. Unix error code 2.
2025-09-15 19:44:30,758 [ERROR] LogOutputStream:75 - [STDERR_REDIRECT] 
2025-09-15 19:44:30,759 [ERROR] LogOutputStream:75 - [STDERR_REDIRECT] Sep 15, 2025 7:44:30 PM java.util.prefs.FileSystemPreferences syncWorld
2025-09-15 19:44:30,759 [ERROR] LogOutputStream:75 - [STDERR_REDIRECT] WARNING: Couldn't flush system prefs: java.util.prefs.BackingStoreException: Couldn't get file lock.
2025-09-15 19:44:30,760 [ERROR] LogOutputStream:75 - [STDERR_REDIRECT] 
2025-09-15 19:45:00,757 [ERROR] LogOutputStream:75 - [STDERR_REDIRECT] Sep 15, 2025 7:45:00 PM java.util.prefs.FileSystemPreferences checkLockFile0ErrorCode
2025-09-15 19:45:00,758 [ERROR] LogOutputStream:75 - [STDERR_REDIRECT] WARNING: Could not lock System prefs. Unix error code 2.
2025-09-15 19:45:00,758 [ERROR] LogOutputStream:75 - [STDERR_REDIRECT] 
2025-09-15 19:45:00,759 [ERROR] LogOutputStream:75 - [STDERR_REDIRECT] Sep 15, 2025 7:45:00 PM java.util.prefs.FileSystemPreferences syncWorld
2025-09-15 19:45:00,760 [ERROR] LogOutputStream:75 - [STDERR_REDIRECT] WARNING: Couldn't flush system prefs: java.util.prefs.BackingStoreException: Couldn't get file lock.
2025-09-15 19:45:00,760 [ERROR] LogOutputStream:75 - [STDERR_REDIRECT] 
2025-09-15 19:45:30,758 [ERROR] LogOutputStream:75 - [STDERR_REDIRECT] Sep 15, 2025 7:45:30 PM java.util.prefs.FileSystemPreferences checkLockFile0ErrorCode
2025-09-15 19:45:30,759 [ERROR] LogOutputStream:75 - [STDERR_REDIRECT] WARNING: Could not lock System prefs. Unix error code 2.
2025-09-15 19:45:30,759 [ERROR] LogOutputStream:75 - [STDERR_REDIRECT] 
2025-09-15 19:45:30,760 [ERROR] LogOutputStream:75 - [STDERR_REDIRECT] Sep 15, 2025 7:45:30 PM java.util.prefs.FileSystemPreferences syncWorld
2025-09-15 19:45:30,761 [ERROR] LogOutputStream:75 - [STDERR_REDIRECT] WARNING: Couldn't flush system prefs: java.util.prefs.BackingStoreException: Couldn't get file lock.
2025-09-15 19:45:30,761 [ERROR] LogOutputStream:75 - [STDERR_REDIRECT] 
2025-09-15 19:46:00,759 [ERROR] LogOutputStream:75 - [STDERR_REDIRECT] Sep 15, 2025 7:46:00 PM java.util.prefs.FileSystemPreferences checkLockFile0ErrorCode
2025-09-15 19:46:00,760 [ERROR] LogOutputStream:75 - [STDERR_REDIRECT] WARNING: Could not lock System prefs. Unix error code 2.
2025-09-15 19:46:00,760 [ERROR] LogOutputStream:75 - [STDERR_REDIRECT] 
2025-09-15 19:46:00,761 [ERROR] LogOutputStream:75 - [STDERR_REDIRECT] Sep 15, 2025 7:46:00 PM java.util.prefs.FileSystemPreferences syncWorld
2025-09-15 19:46:00,762 [ERROR] LogOutputStream:75 - [STDERR_REDIRECT] WARNING: Couldn't flush system prefs: java.util.prefs.BackingStoreException: Couldn't get file lock.
2025-09-15 19:46:00,762 [ERROR] LogOutputStream:75 - [STDERR_REDIRECT] 
2025-09-15 19:46:30,761 [ERROR] LogOutputStream:75 - [STDERR_REDIRECT] Sep 15, 2025 7:46:30 PM java.util.prefs.FileSystemPreferences checkLockFile0ErrorCode
2025-09-15 19:46:30,762 [ERROR] LogOutputStream:75 - [STDERR_REDIRECT] WARNING: Could not lock System prefs. Unix error code 2.
2025-09-15 19:46:30,762 [ERROR] LogOutputStream:75 - [STDERR_REDIRECT] 
2025-09-15 19:46:30,763 [ERROR] LogOutputStream:75 - [STDERR_REDIRECT] Sep 15, 2025 7:46:30 PM java.util.prefs.FileSystemPreferences syncWorld
2025-09-15 19:46:30,764 [ERROR] LogOutputStream:75 - [STDERR_REDIRECT] WARNING: Couldn't flush system prefs: java.util.prefs.BackingStoreException: Couldn't get file lock.
2025-09-15 19:46:30,764 [ERROR] LogOutputStream:75 - [STDERR_REDIRECT] 
2025-09-15 19:47:00,759 [ERROR] LogOutputStream:75 - [STDERR_REDIRECT] Sep 15, 2025 7:47:00 PM java.util.prefs.FileSystemPreferences checkLockFile0ErrorCode
2025-09-15 19:47:00,759 [ERROR] LogOutputStream:75 - [STDERR_REDIRECT] WARNING: Could not lock System prefs. Unix error code 2.
2025-09-15 19:47:00,760 [ERROR] LogOutputStream:75 - [STDERR_REDIRECT] 
2025-09-15 19:47:00,760 [ERROR] LogOutputStream:75 - [STDERR_REDIRECT] Sep 15, 2025 7:47:00 PM java.util.prefs.FileSystemPreferences syncWorld
2025-09-15 19:47:00,760 [ERROR] LogOutputStream:75 - [STDERR_REDIRECT] WARNING: Couldn't flush system prefs: java.util.prefs.BackingStoreException: Couldn't get file lock.
2025-09-15 19:47:00,761 [ERROR] LogOutputStream:75 - [STDERR_REDIRECT] 
2025-09-15 19:47:30,759 [ERROR] LogOutputStream:75 - [STDERR_REDIRECT] Sep 15, 2025 7:47:30 PM java.util.prefs.FileSystemPreferences checkLockFile0ErrorCode
2025-09-15 19:47:30,759 [ERROR] LogOutputStream:75 - [STDERR_REDIRECT] WARNING: Could not lock System prefs. Unix error code 2.
2025-09-15 19:47:30,760 [ERROR] LogOutputStream:75 - [STDERR_REDIRECT] 
2025-09-15 19:47:30,760 [ERROR] LogOutputStream:75 - [STDERR_REDIRECT] Sep 15, 2025 7:47:30 PM java.util.prefs.FileSystemPreferences syncWorld
2025-09-15 19:47:30,761 [ERROR] LogOutputStream:75 - [STDERR_REDIRECT] WARNING: Couldn't flush system prefs: java.util.prefs.BackingStoreException: Couldn't get file lock.
2025-09-15 19:47:30,761 [ERROR] LogOutputStream:75 - [STDERR_REDIRECT] 
2025-09-15 19:48:00,760 [ERROR] LogOutputStream:75 - [STDERR_REDIRECT] Sep 15, 2025 7:48:00 PM java.util.prefs.FileSystemPreferences checkLockFile0ErrorCode
2025-09-15 19:48:00,760 [ERROR] LogOutputStream:75 - [STDERR_REDIRECT] WARNING: Could not lock System prefs. Unix error code 2.
2025-09-15 19:48:00,761 [ERROR] LogOutputStream:75 - [STDERR_REDIRECT] 
2025-09-15 19:48:00,762 [ERROR] LogOutputStream:75 - [STDERR_REDIRECT] Sep 15, 2025 7:48:00 PM java.util.prefs.FileSystemPreferences syncWorld
2025-09-15 19:48:00,762 [ERROR] LogOutputStream:75 - [STDERR_REDIRECT] WARNING: Couldn't flush system prefs: java.util.prefs.BackingStoreException: Couldn't get file lock.
2025-09-15 19:48:00,763 [ERROR] LogOutputStream:75 - [STDERR_REDIRECT] 
2025-09-15 19:48:30,759 [ERROR] LogOutputStream:75 - [STDERR_REDIRECT] Sep 15, 2025 7:48:30 PM java.util.prefs.FileSystemPreferences checkLockFile0ErrorCode
2025-09-15 19:48:30,759 [ERROR] LogOutputStream:75 - [STDERR_REDIRECT] WARNING: Could not lock System prefs. Unix error code 2.
2025-09-15 19:48:30,760 [ERROR] LogOutputStream:75 - [STDERR_REDIRECT] 
2025-09-15 19:48:30,761 [ERROR] LogOutputStream:75 - [STDERR_REDIRECT] Sep 15, 2025 7:48:30 PM java.util.prefs.FileSystemPreferences syncWorld
2025-09-15 19:48:30,761 [ERROR] LogOutputStream:75 - [STDERR_REDIRECT] WARNING: Couldn't flush system prefs: java.util.prefs.BackingStoreException: Couldn't get file lock.
2025-09-15 19:48:30,762 [ERROR] LogOutputStream:75 - [STDERR_REDIRECT] 
2025-09-15 19:49:00,760 [ERROR] LogOutputStream:75 - [STDERR_REDIRECT] Sep 15, 2025 7:49:00 PM java.util.prefs.FileSystemPreferences checkLockFile0ErrorCode
2025-09-15 19:49:00,761 [ERROR] LogOutputStream:75 - [STDERR_REDIRECT] WARNING: Could not lock System prefs. Unix error code 2.
2025-09-15 19:49:00,761 [ERROR] LogOutputStream:75 - [STDERR_REDIRECT] 
2025-09-15 19:49:00,765 [ERROR] LogOutputStream:75 - [STDERR_REDIRECT] Sep 15, 2025 7:49:00 PM java.util.prefs.FileSystemPreferences syncWorld
2025-09-15 19:49:00,765 [ERROR] LogOutputStream:75 - [STDERR_REDIRECT] WARNING: Couldn't flush system prefs: java.util.prefs.BackingStoreException: Couldn't get file lock.
2025-09-15 19:49:00,766 [ERROR] LogOutputStream:75 - [STDERR_REDIRECT] 
2025-09-15 19:49:30,759 [ERROR] LogOutputStream:75 - [STDERR_REDIRECT] Sep 15, 2025 7:49:30 PM java.util.prefs.FileSystemPreferences checkLockFile0ErrorCode
2025-09-15 19:49:30,759 [ERROR] LogOutputStream:75 - [STDERR_REDIRECT] WARNING: Could not lock System prefs. Unix error code 2.
2025-09-15 19:49:30,760 [ERROR] LogOutputStream:75 - [STDERR_REDIRECT] 
2025-09-15 19:49:30,761 [ERROR] LogOutputStream:75 - [STDERR_REDIRECT] Sep 15, 2025 7:49:30 PM java.util.prefs.FileSystemPreferences syncWorld
2025-09-15 19:49:30,761 [ERROR] LogOutputStream:75 - [STDERR_REDIRECT] WARNING: Couldn't flush system prefs: java.util.prefs.BackingStoreException: Couldn't get file lock.
2025-09-15 19:49:30,762 [ERROR] LogOutputStream:75 - [STDERR_REDIRECT] 
2025-09-15 19:50:00,759 [ERROR] LogOutputStream:75 - [STDERR_REDIRECT] Sep 15, 2025 7:50:00 PM java.util.prefs.FileSystemPreferences checkLockFile0ErrorCode
2025-09-15 19:50:00,759 [ERROR] LogOutputStream:75 - [STDERR_REDIRECT] WARNING: Could not lock System prefs. Unix error code 2.
2025-09-15 19:50:00,760 [ERROR] LogOutputStream:75 - [STDERR_REDIRECT] 
2025-09-15 19:50:00,761 [ERROR] LogOutputStream:75 - [STDERR_REDIRECT] Sep 15, 2025 7:50:00 PM java.util.prefs.FileSystemPreferences syncWorld
2025-09-15 19:50:00,761 [ERROR] LogOutputStream:75 - [STDERR_REDIRECT] WARNING: Couldn't flush system prefs: java.util.prefs.BackingStoreException: Couldn't get file lock.
2025-09-15 19:50:00,761 [ERROR] LogOutputStream:75 - [STDERR_REDIRECT] 
2025-09-15 19:50:30,759 [ERROR] LogOutputStream:75 - [STDERR_REDIRECT] Sep 15, 2025 7:50:30 PM java.util.prefs.FileSystemPreferences checkLockFile0ErrorCode
2025-09-15 19:50:30,759 [ERROR] LogOutputStream:75 - [STDERR_REDIRECT] WARNING: Could not lock System prefs. Unix error code 2.
2025-09-15 19:50:30,759 [ERROR] LogOutputStream:75 - [STDERR_REDIRECT] 
2025-09-15 19:50:30,759 [ERROR] LogOutputStream:75 - [STDERR_REDIRECT] Sep 15, 2025 7:50:30 PM java.util.prefs.FileSystemPreferences syncWorld
2025-09-15 19:50:30,759 [ERROR] LogOutputStream:75 - [STDERR_REDIRECT] WARNING: Couldn't flush system prefs: java.util.prefs.BackingStoreException: Couldn't get file lock.
2025-09-15 19:50:30,760 [ERROR] LogOutputStream:75 - [STDERR_REDIRECT] 
2025-09-15 19:51:00,759 [ERROR] LogOutputStream:75 - [STDERR_REDIRECT] Sep 15, 2025 7:51:00 PM java.util.prefs.FileSystemPreferences checkLockFile0ErrorCode
2025-09-15 19:51:00,759 [ERROR] LogOutputStream:75 - [STDERR_REDIRECT] WARNING: Could not lock System prefs. Unix error code 2.
2025-09-15 19:51:00,760 [ERROR] LogOutputStream:75 - [STDERR_REDIRECT] 
2025-09-15 19:51:00,760 [ERROR] LogOutputStream:75 - [STDERR_REDIRECT] Sep 15, 2025 7:51:00 PM java.util.prefs.FileSystemPreferences syncWorld
2025-09-15 19:51:00,761 [ERROR] LogOutputStream:75 - [STDERR_REDIRECT] WARNING: Couldn't flush system prefs: java.util.prefs.BackingStoreException: Couldn't get file lock.
2025-09-15 19:51:00,761 [ERROR] LogOutputStream:75 - [STDERR_REDIRECT] 
2025-09-15 19:51:30,759 [ERROR] LogOutputStream:75 - [STDERR_REDIRECT] Sep 15, 2025 7:51:30 PM java.util.prefs.FileSystemPreferences checkLockFile0ErrorCode
2025-09-15 19:51:30,760 [ERROR] LogOutputStream:75 - [STDERR_REDIRECT] WARNING: Could not lock System prefs. Unix error code 2.
2025-09-15 19:51:30,760 [ERROR] LogOutputStream:75 - [STDERR_REDIRECT] 
2025-09-15 19:51:30,761 [ERROR] LogOutputStream:75 - [STDERR_REDIRECT] Sep 15, 2025 7:51:30 PM java.util.prefs.FileSystemPreferences syncWorld
2025-09-15 19:51:30,761 [ERROR] LogOutputStream:75 - [STDERR_REDIRECT] WARNING: Couldn't flush system prefs: java.util.prefs.BackingStoreException: Couldn't get file lock.
2025-09-15 19:51:30,762 [ERROR] LogOutputStream:75 - [STDERR_REDIRECT] 
2025-09-15 19:52:00,759 [ERROR] LogOutputStream:75 - [STDERR_REDIRECT] Sep 15, 2025 7:52:00 PM java.util.prefs.FileSystemPreferences checkLockFile0ErrorCode
2025-09-15 19:52:00,759 [ERROR] LogOutputStream:75 - [STDERR_REDIRECT] WARNING: Could not lock System prefs. Unix error code 2.
2025-09-15 19:52:00,760 [ERROR] LogOutputStream:75 - [STDERR_REDIRECT] 
2025-09-15 19:52:00,761 [ERROR] LogOutputStream:75 - [STDERR_REDIRECT] Sep 15, 2025 7:52:00 PM java.util.prefs.FileSystemPreferences syncWorld
2025-09-15 19:52:00,761 [ERROR] LogOutputStream:75 - [STDERR_REDIRECT] WARNING: Couldn't flush system prefs: java.util.prefs.BackingStoreException: Couldn't get file lock.
2025-09-15 19:52:00,761 [ERROR] LogOutputStream:75 - [STDERR_REDIRECT] 
2025-09-15 19:52:30,759 [ERROR] LogOutputStream:75 - [STDERR_REDIRECT] Sep 15, 2025 7:52:30 PM java.util.prefs.FileSystemPreferences checkLockFile0ErrorCode
2025-09-15 19:52:30,760 [ERROR] LogOutputStream:75 - [STDERR_REDIRECT] WARNING: Could not lock System prefs. Unix error code 2.
2025-09-15 19:52:30,761 [ERROR] LogOutputStream:75 - [STDERR_REDIRECT] 
2025-09-15 19:52:30,762 [ERROR] LogOutputStream:75 - [STDERR_REDIRECT] Sep 15, 2025 7:52:30 PM java.util.prefs.FileSystemPreferences syncWorld
2025-09-15 19:52:30,762 [ERROR] LogOutputStream:75 - [STDERR_REDIRECT] WARNING: Couldn't flush system prefs: java.util.prefs.BackingStoreException: Couldn't get file lock.
2025-09-15 19:52:30,762 [ERROR] LogOutputStream:75 - [STDERR_REDIRECT] 
2025-09-15 19:53:00,760 [ERROR] LogOutputStream:75 - [STDERR_REDIRECT] Sep 15, 2025 7:53:00 PM java.util.prefs.FileSystemPreferences checkLockFile0ErrorCode
2025-09-15 19:53:00,760 [ERROR] LogOutputStream:75 - [STDERR_REDIRECT] WARNING: Could not lock System prefs. Unix error code 2.
2025-09-15 19:53:00,761 [ERROR] LogOutputStream:75 - [STDERR_REDIRECT] 
2025-09-15 19:53:00,761 [ERROR] LogOutputStream:75 - [STDERR_REDIRECT] Sep 15, 2025 7:53:00 PM java.util.prefs.FileSystemPreferences syncWorld
2025-09-15 19:53:00,762 [ERROR] LogOutputStream:75 - [STDERR_REDIRECT] WARNING: Couldn't flush system prefs: java.util.prefs.BackingStoreException: Couldn't get file lock.
2025-09-15 19:53:00,762 [ERROR] LogOutputStream:75 - [STDERR_REDIRECT] 
2025-09-15 19:53:30,760 [ERROR] LogOutputStream:75 - [STDERR_REDIRECT] Sep 15, 2025 7:53:30 PM java.util.prefs.FileSystemPreferences checkLockFile0ErrorCode
2025-09-15 19:53:30,761 [ERROR] LogOutputStream:75 - [STDERR_REDIRECT] WARNING: Could not lock System prefs. Unix error code 2.
2025-09-15 19:53:30,761 [ERROR] LogOutputStream:75 - [STDERR_REDIRECT] 
2025-09-15 19:53:30,762 [ERROR] LogOutputStream:75 - [STDERR_REDIRECT] Sep 15, 2025 7:53:30 PM java.util.prefs.FileSystemPreferences syncWorld
2025-09-15 19:53:30,762 [ERROR] LogOutputStream:75 - [STDERR_REDIRECT] WARNING: Couldn't flush system prefs: java.util.prefs.BackingStoreException: Couldn't get file lock.
2025-09-15 19:53:30,763 [ERROR] LogOutputStream:75 - [STDERR_REDIRECT] 
2025-09-15 19:54:00,760 [ERROR] LogOutputStream:75 - [STDERR_REDIRECT] Sep 15, 2025 7:54:00 PM java.util.prefs.FileSystemPreferences checkLockFile0ErrorCode
2025-09-15 19:54:00,760 [ERROR] LogOutputStream:75 - [STDERR_REDIRECT] WARNING: Could not lock System prefs. Unix error code 2.
2025-09-15 19:54:00,761 [ERROR] LogOutputStream:75 - [STDERR_REDIRECT] 
2025-09-15 19:54:00,762 [ERROR] LogOutputStream:75 - [STDERR_REDIRECT] Sep 15, 2025 7:54:00 PM java.util.prefs.FileSystemPreferences syncWorld
2025-09-15 19:54:00,762 [ERROR] LogOutputStream:75 - [STDERR_REDIRECT] WARNING: Couldn't flush system prefs: java.util.prefs.BackingStoreException: Couldn't get file lock.
2025-09-15 19:54:00,763 [ERROR] LogOutputStream:75 - [STDERR_REDIRECT] 
2025-09-15 19:54:30,759 [ERROR] LogOutputStream:75 - [STDERR_REDIRECT] Sep 15, 2025 7:54:30 PM java.util.prefs.FileSystemPreferences checkLockFile0ErrorCode
2025-09-15 19:54:30,760 [ERROR] LogOutputStream:75 - [STDERR_REDIRECT] WARNING: Could not lock System prefs. Unix error code 2.
2025-09-15 19:54:30,760 [ERROR] LogOutputStream:75 - [STDERR_REDIRECT] 
2025-09-15 19:54:30,760 [ERROR] LogOutputStream:75 - [STDERR_REDIRECT] Sep 15, 2025 7:54:30 PM java.util.prefs.FileSystemPreferences syncWorld
2025-09-15 19:54:30,760 [ERROR] LogOutputStream:75 - [STDERR_REDIRECT] WARNING: Couldn't flush system prefs: java.util.prefs.BackingStoreException: Couldn't get file lock.
2025-09-15 19:54:30,760 [ERROR] LogOutputStream:75 - [STDERR_REDIRECT] 
2025-09-15 19:55:00,760 [ERROR] LogOutputStream:75 - [STDERR_REDIRECT] Sep 15, 2025 7:55:00 PM java.util.prefs.FileSystemPreferences checkLockFile0ErrorCode
2025-09-15 19:55:00,761 [ERROR] LogOutputStream:75 - [STDERR_REDIRECT] WARNING: Could not lock System prefs. Unix error code 2.
2025-09-15 19:55:00,761 [ERROR] LogOutputStream:75 - [STDERR_REDIRECT] 
2025-09-15 19:55:00,762 [ERROR] LogOutputStream:75 - [STDERR_REDIRECT] Sep 15, 2025 7:55:00 PM java.util.prefs.FileSystemPreferences syncWorld
2025-09-15 19:55:00,763 [ERROR] LogOutputStream:75 - [STDERR_REDIRECT] WARNING: Couldn't flush system prefs: java.util.prefs.BackingStoreException: Couldn't get file lock.
2025-09-15 19:55:00,763 [ERROR] LogOutputStream:75 - [STDERR_REDIRECT] 
2025-09-15 19:55:30,761 [ERROR] LogOutputStream:75 - [STDERR_REDIRECT] Sep 15, 2025 7:55:30 PM java.util.prefs.FileSystemPreferences checkLockFile0ErrorCode
2025-09-15 19:55:30,761 [ERROR] LogOutputStream:75 - [STDERR_REDIRECT] WARNING: Could not lock System prefs. Unix error code 2.
2025-09-15 19:55:30,762 [ERROR] LogOutputStream:75 - [STDERR_REDIRECT] 
2025-09-15 19:55:30,762 [ERROR] LogOutputStream:75 - [STDERR_REDIRECT] Sep 15, 2025 7:55:30 PM java.util.prefs.FileSystemPreferences syncWorld
2025-09-15 19:55:30,763 [ERROR] LogOutputStream:75 - [STDERR_REDIRECT] WARNING: Couldn't flush system prefs: java.util.prefs.BackingStoreException: Couldn't get file lock.
2025-09-15 19:55:30,763 [ERROR] LogOutputStream:75 - [STDERR_REDIRECT] 
2025-09-15 19:56:00,761 [ERROR] LogOutputStream:75 - [STDERR_REDIRECT] Sep 15, 2025 7:56:00 PM java.util.prefs.FileSystemPreferences checkLockFile0ErrorCode
2025-09-15 19:56:00,761 [ERROR] LogOutputStream:75 - [STDERR_REDIRECT] WARNING: Could not lock System prefs. Unix error code 2.
2025-09-15 19:56:00,761 [ERROR] LogOutputStream:75 - [STDERR_REDIRECT] 
2025-09-15 19:56:00,762 [ERROR] LogOutputStream:75 - [STDERR_REDIRECT] Sep 15, 2025 7:56:00 PM java.util.prefs.FileSystemPreferences syncWorld
2025-09-15 19:56:00,763 [ERROR] LogOutputStream:75 - [STDERR_REDIRECT] WARNING: Couldn't flush system prefs: java.util.prefs.BackingStoreException: Couldn't get file lock.
2025-09-15 19:56:00,763 [ERROR] LogOutputStream:75 - [STDERR_REDIRECT] 
2025-09-15 19:56:30,761 [ERROR] LogOutputStream:75 - [STDERR_REDIRECT] Sep 15, 2025 7:56:30 PM java.util.prefs.FileSystemPreferences checkLockFile0ErrorCode
2025-09-15 19:56:30,761 [ERROR] LogOutputStream:75 - [STDERR_REDIRECT] WARNING: Could not lock System prefs. Unix error code 2.
2025-09-15 19:56:30,762 [ERROR] LogOutputStream:75 - [STDERR_REDIRECT] 
2025-09-15 19:56:30,762 [ERROR] LogOutputStream:75 - [STDERR_REDIRECT] Sep 15, 2025 7:56:30 PM java.util.prefs.FileSystemPreferences syncWorld
2025-09-15 19:56:30,763 [ERROR] LogOutputStream:75 - [STDERR_REDIRECT] WARNING: Couldn't flush system prefs: java.util.prefs.BackingStoreException: Couldn't get file lock.
2025-09-15 19:56:30,763 [ERROR] LogOutputStream:75 - [STDERR_REDIRECT] 
2025-09-15 19:57:00,760 [ERROR] LogOutputStream:75 - [STDERR_REDIRECT] Sep 15, 2025 7:57:00 PM java.util.prefs.FileSystemPreferences checkLockFile0ErrorCode
2025-09-15 19:57:00,761 [ERROR] LogOutputStream:75 - [STDERR_REDIRECT] WARNING: Could not lock System prefs. Unix error code 2.
2025-09-15 19:57:00,761 [ERROR] LogOutputStream:75 - [STDERR_REDIRECT] 
2025-09-15 19:57:00,762 [ERROR] LogOutputStream:75 - [STDERR_REDIRECT] Sep 15, 2025 7:57:00 PM java.util.prefs.FileSystemPreferences syncWorld
2025-09-15 19:57:00,762 [ERROR] LogOutputStream:75 - [STDERR_REDIRECT] WARNING: Couldn't flush system prefs: java.util.prefs.BackingStoreException: Couldn't get file lock.
2025-09-15 19:57:00,762 [ERROR] LogOutputStream:75 - [STDERR_REDIRECT] 
2025-09-15 19:57:30,760 [ERROR] LogOutputStream:75 - [STDERR_REDIRECT] Sep 15, 2025 7:57:30 PM java.util.prefs.FileSystemPreferences checkLockFile0ErrorCode
2025-09-15 19:57:30,760 [ERROR] LogOutputStream:75 - [STDERR_REDIRECT] WARNING: Could not lock System prefs. Unix error code 2.
2025-09-15 19:57:30,761 [ERROR] LogOutputStream:75 - [STDERR_REDIRECT] 
2025-09-15 19:57:30,761 [ERROR] LogOutputStream:75 - [STDERR_REDIRECT] Sep 15, 2025 7:57:30 PM java.util.prefs.FileSystemPreferences syncWorld
2025-09-15 19:57:30,762 [ERROR] LogOutputStream:75 - [STDERR_REDIRECT] WARNING: Couldn't flush system prefs: java.util.prefs.BackingStoreException: Couldn't get file lock.
2025-09-15 19:57:30,762 [ERROR] LogOutputStream:75 - [STDERR_REDIRECT] 
2025-09-15 19:58:00,761 [ERROR] LogOutputStream:75 - [STDERR_REDIRECT] Sep 15, 2025 7:58:00 PM java.util.prefs.FileSystemPreferences checkLockFile0ErrorCode
2025-09-15 19:58:00,762 [ERROR] LogOutputStream:75 - [STDERR_REDIRECT] WARNING: Could not lock System prefs. Unix error code 2.
2025-09-15 19:58:00,762 [ERROR] LogOutputStream:75 - [STDERR_REDIRECT] 
2025-09-15 19:58:00,762 [ERROR] LogOutputStream:75 - [STDERR_REDIRECT] Sep 15, 2025 7:58:00 PM java.util.prefs.FileSystemPreferences syncWorld
2025-09-15 19:58:00,762 [ERROR] LogOutputStream:75 - [STDERR_REDIRECT] WARNING: Couldn't flush system prefs: java.util.prefs.BackingStoreException: Couldn't get file lock.
2025-09-15 19:58:00,762 [ERROR] LogOutputStream:75 - [STDERR_REDIRECT] 
2025-09-15 19:58:30,761 [ERROR] LogOutputStream:75 - [STDERR_REDIRECT] Sep 15, 2025 7:58:30 PM java.util.prefs.FileSystemPreferences checkLockFile0ErrorCode
2025-09-15 19:58:30,761 [ERROR] LogOutputStream:75 - [STDERR_REDIRECT] WARNING: Could not lock System prefs. Unix error code 2.
2025-09-15 19:58:30,762 [ERROR] LogOutputStream:75 - [STDERR_REDIRECT] 
2025-09-15 19:58:30,762 [ERROR] LogOutputStream:75 - [STDERR_REDIRECT] Sep 15, 2025 7:58:30 PM java.util.prefs.FileSystemPreferences syncWorld
2025-09-15 19:58:30,763 [ERROR] LogOutputStream:75 - [STDERR_REDIRECT] WARNING: Couldn't flush system prefs: java.util.prefs.BackingStoreException: Couldn't get file lock.
2025-09-15 19:58:30,763 [ERROR] LogOutputStream:75 - [STDERR_REDIRECT] 
2025-09-15 19:59:00,760 [ERROR] LogOutputStream:75 - [STDERR_REDIRECT] Sep 15, 2025 7:59:00 PM java.util.prefs.FileSystemPreferences checkLockFile0ErrorCode
2025-09-15 19:59:00,760 [ERROR] LogOutputStream:75 - [STDERR_REDIRECT] WARNING: Could not lock System prefs. Unix error code 2.
2025-09-15 19:59:00,760 [ERROR] LogOutputStream:75 - [STDERR_REDIRECT] 
2025-09-15 19:59:00,760 [ERROR] LogOutputStream:75 - [STDERR_REDIRECT] Sep 15, 2025 7:59:00 PM java.util.prefs.FileSystemPreferences syncWorld
2025-09-15 19:59:00,761 [ERROR] LogOutputStream:75 - [STDERR_REDIRECT] WARNING: Couldn't flush system prefs: java.util.prefs.BackingStoreException: Couldn't get file lock.
2025-09-15 19:59:00,761 [ERROR] LogOutputStream:75 - [STDERR_REDIRECT] 
2025-09-15 19:59:30,761 [ERROR] LogOutputStream:75 - [STDERR_REDIRECT] Sep 15, 2025 7:59:30 PM java.util.prefs.FileSystemPreferences checkLockFile0ErrorCode
2025-09-15 19:59:30,761 [ERROR] LogOutputStream:75 - [STDERR_REDIRECT] WARNING: Could not lock System prefs. Unix error code 2.
2025-09-15 19:59:30,761 [ERROR] LogOutputStream:75 - [STDERR_REDIRECT] 
2025-09-15 19:59:30,762 [ERROR] LogOutputStream:75 - [STDERR_REDIRECT] Sep 15, 2025 7:59:30 PM java.util.prefs.FileSystemPreferences syncWorld
2025-09-15 19:59:30,762 [ERROR] LogOutputStream:75 - [STDERR_REDIRECT] WARNING: Couldn't flush system prefs: java.util.prefs.BackingStoreException: Couldn't get file lock.
2025-09-15 19:59:30,763 [ERROR] LogOutputStream:75 - [STDERR_REDIRECT] 
2025-09-15 20:00:00,759 [ERROR] LogOutputStream:75 - [STDERR_REDIRECT] Sep 15, 2025 8:00:00 PM java.util.prefs.FileSystemPreferences checkLockFile0ErrorCode
2025-09-15 20:00:00,760 [ERROR] LogOutputStream:75 - [STDERR_REDIRECT] WARNING: Could not lock System prefs. Unix error code 2.
2025-09-15 20:00:00,760 [ERROR] LogOutputStream:75 - [STDERR_REDIRECT] 
2025-09-15 20:00:00,760 [ERROR] LogOutputStream:75 - [STDERR_REDIRECT] Sep 15, 2025 8:00:00 PM java.util.prefs.FileSystemPreferences syncWorld
2025-09-15 20:00:00,760 [ERROR] LogOutputStream:75 - [STDERR_REDIRECT] WARNING: Couldn't flush system prefs: java.util.prefs.BackingStoreException: Couldn't get file lock.
2025-09-15 20:00:00,760 [ERROR] LogOutputStream:75 - [STDERR_REDIRECT] 
2025-09-15 20:00:30,761 [ERROR] LogOutputStream:75 - [STDERR_REDIRECT] Sep 15, 2025 8:00:30 PM java.util.prefs.FileSystemPreferences checkLockFile0ErrorCode
2025-09-15 20:00:30,761 [ERROR] LogOutputStream:75 - [STDERR_REDIRECT] WARNING: Could not lock System prefs. Unix error code 2.
2025-09-15 20:00:30,761 [ERROR] LogOutputStream:75 - [STDERR_REDIRECT] 
2025-09-15 20:00:30,761 [ERROR] LogOutputStream:75 - [STDERR_REDIRECT] Sep 15, 2025 8:00:30 PM java.util.prefs.FileSystemPreferences syncWorld
2025-09-15 20:00:30,761 [ERROR] LogOutputStream:75 - [STDERR_REDIRECT] WARNING: Couldn't flush system prefs: java.util.prefs.BackingStoreException: Couldn't get file lock.
2025-09-15 20:00:30,761 [ERROR] LogOutputStream:75 - [STDERR_REDIRECT] 
2025-09-15 20:01:00,761 [ERROR] LogOutputStream:75 - [STDERR_REDIRECT] Sep 15, 2025 8:01:00 PM java.util.prefs.FileSystemPreferences checkLockFile0ErrorCode
2025-09-15 20:01:00,761 [ERROR] LogOutputStream:75 - [STDERR_REDIRECT] WARNING: Could not lock System prefs. Unix error code 2.
2025-09-15 20:01:00,762 [ERROR] LogOutputStream:75 - [STDERR_REDIRECT] 
2025-09-15 20:01:00,762 [ERROR] LogOutputStream:75 - [STDERR_REDIRECT] Sep 15, 2025 8:01:00 PM java.util.prefs.FileSystemPreferences syncWorld
2025-09-15 20:01:00,762 [ERROR] LogOutputStream:75 - [STDERR_REDIRECT] WARNING: Couldn't flush system prefs: java.util.prefs.BackingStoreException: Couldn't get file lock.
2025-09-15 20:01:00,763 [ERROR] LogOutputStream:75 - [STDERR_REDIRECT] 
2025-09-15 20:01:30,761 [ERROR] LogOutputStream:75 - [STDERR_REDIRECT] Sep 15, 2025 8:01:30 PM java.util.prefs.FileSystemPreferences checkLockFile0ErrorCode
2025-09-15 20:01:30,761 [ERROR] LogOutputStream:75 - [STDERR_REDIRECT] WARNING: Could not lock System prefs. Unix error code 2.
2025-09-15 20:01:30,762 [ERROR] LogOutputStream:75 - [STDERR_REDIRECT] 
2025-09-15 20:01:30,762 [ERROR] LogOutputStream:75 - [STDERR_REDIRECT] Sep 15, 2025 8:01:30 PM java.util.prefs.FileSystemPreferences syncWorld
2025-09-15 20:01:30,762 [ERROR] LogOutputStream:75 - [STDERR_REDIRECT] WARNING: Couldn't flush system prefs: java.util.prefs.BackingStoreException: Couldn't get file lock.
2025-09-15 20:01:30,763 [ERROR] LogOutputStream:75 - [STDERR_REDIRECT] 
2025-09-15 20:02:00,761 [ERROR] LogOutputStream:75 - [STDERR_REDIRECT] Sep 15, 2025 8:02:00 PM java.util.prefs.FileSystemPreferences checkLockFile0ErrorCode
2025-09-15 20:02:00,761 [ERROR] LogOutputStream:75 - [STDERR_REDIRECT] WARNING: Could not lock System prefs. Unix error code 2.
2025-09-15 20:02:00,762 [ERROR] LogOutputStream:75 - [STDERR_REDIRECT] 
2025-09-15 20:02:00,763 [ERROR] LogOutputStream:75 - [STDERR_REDIRECT] Sep 15, 2025 8:02:00 PM java.util.prefs.FileSystemPreferences syncWorld
2025-09-15 20:02:00,763 [ERROR] LogOutputStream:75 - [STDERR_REDIRECT] WARNING: Couldn't flush system prefs: java.util.prefs.BackingStoreException: Couldn't get file lock.
2025-09-15 20:02:00,764 [ERROR] LogOutputStream:75 - [STDERR_REDIRECT] 
2025-09-15 20:02:30,761 [ERROR] LogOutputStream:75 - [STDERR_REDIRECT] Sep 15, 2025 8:02:30 PM java.util.prefs.FileSystemPreferences checkLockFile0ErrorCode
2025-09-15 20:02:30,761 [ERROR] LogOutputStream:75 - [STDERR_REDIRECT] WARNING: Could not lock System prefs. Unix error code 2.
2025-09-15 20:02:30,761 [ERROR] LogOutputStream:75 - [STDERR_REDIRECT] 
2025-09-15 20:02:30,762 [ERROR] LogOutputStream:75 - [STDERR_REDIRECT] Sep 15, 2025 8:02:30 PM java.util.prefs.FileSystemPreferences syncWorld
2025-09-15 20:02:30,762 [ERROR] LogOutputStream:75 - [STDERR_REDIRECT] WARNING: Couldn't flush system prefs: java.util.prefs.BackingStoreException: Couldn't get file lock.
2025-09-15 20:02:30,762 [ERROR] LogOutputStream:75 - [STDERR_REDIRECT] 
2025-09-15 20:03:00,761 [ERROR] LogOutputStream:75 - [STDERR_REDIRECT] Sep 15, 2025 8:03:00 PM java.util.prefs.FileSystemPreferences checkLockFile0ErrorCode
2025-09-15 20:03:00,761 [ERROR] LogOutputStream:75 - [STDERR_REDIRECT] WARNING: Could not lock System prefs. Unix error code 2.
2025-09-15 20:03:00,762 [ERROR] LogOutputStream:75 - [STDERR_REDIRECT] 
2025-09-15 20:03:00,762 [ERROR] LogOutputStream:75 - [STDERR_REDIRECT] Sep 15, 2025 8:03:00 PM java.util.prefs.FileSystemPreferences syncWorld
2025-09-15 20:03:00,763 [ERROR] LogOutputStream:75 - [STDERR_REDIRECT] WARNING: Couldn't flush system prefs: java.util.prefs.BackingStoreException: Couldn't get file lock.
2025-09-15 20:03:00,763 [ERROR] LogOutputStream:75 - [STDERR_REDIRECT] 
2025-09-15 20:03:30,761 [ERROR] LogOutputStream:75 - [STDERR_REDIRECT] Sep 15, 2025 8:03:30 PM java.util.prefs.FileSystemPreferences checkLockFile0ErrorCode
2025-09-15 20:03:30,762 [ERROR] LogOutputStream:75 - [STDERR_REDIRECT] WARNING: Could not lock System prefs. Unix error code 2.
2025-09-15 20:03:30,762 [ERROR] LogOutputStream:75 - [STDERR_REDIRECT] 
2025-09-15 20:03:30,763 [ERROR] LogOutputStream:75 - [STDERR_REDIRECT] Sep 15, 2025 8:03:30 PM java.util.prefs.FileSystemPreferences syncWorld
2025-09-15 20:03:30,763 [ERROR] LogOutputStream:75 - [STDERR_REDIRECT] WARNING: Couldn't flush system prefs: java.util.prefs.BackingStoreException: Couldn't get file lock.
2025-09-15 20:03:30,764 [ERROR] LogOutputStream:75 - [STDERR_REDIRECT] 
2025-09-15 20:04:00,760 [ERROR] LogOutputStream:75 - [STDERR_REDIRECT] Sep 15, 2025 8:04:00 PM java.util.prefs.FileSystemPreferences checkLockFile0ErrorCode
2025-09-15 20:04:00,761 [ERROR] LogOutputStream:75 - [STDERR_REDIRECT] WARNING: Could not lock System prefs. Unix error code 2.
2025-09-15 20:04:00,761 [ERROR] LogOutputStream:75 - [STDERR_REDIRECT] 
2025-09-15 20:04:00,762 [ERROR] LogOutputStream:75 - [STDERR_REDIRECT] Sep 15, 2025 8:04:00 PM java.util.prefs.FileSystemPreferences syncWorld
2025-09-15 20:04:00,762 [ERROR] LogOutputStream:75 - [STDERR_REDIRECT] WARNING: Couldn't flush system prefs: java.util.prefs.BackingStoreException: Couldn't get file lock.
2025-09-15 20:04:00,763 [ERROR] LogOutputStream:75 - [STDERR_REDIRECT] 
2025-09-15 20:04:30,761 [ERROR] LogOutputStream:75 - [STDERR_REDIRECT] Sep 15, 2025 8:04:30 PM java.util.prefs.FileSystemPreferences checkLockFile0ErrorCode
2025-09-15 20:04:30,761 [ERROR] LogOutputStream:75 - [STDERR_REDIRECT] WARNING: Could not lock System prefs. Unix error code 2.
2025-09-15 20:04:30,762 [ERROR] LogOutputStream:75 - [STDERR_REDIRECT] 
2025-09-15 20:04:30,763 [ERROR] LogOutputStream:75 - [STDERR_REDIRECT] Sep 15, 2025 8:04:30 PM java.util.prefs.FileSystemPreferences syncWorld
2025-09-15 20:04:30,763 [ERROR] LogOutputStream:75 - [STDERR_REDIRECT] WARNING: Couldn't flush system prefs: java.util.prefs.BackingStoreException: Couldn't get file lock.
2025-09-15 20:04:30,763 [ERROR] LogOutputStream:75 - [STDERR_REDIRECT] 
2025-09-15 20:05:00,760 [ERROR] LogOutputStream:75 - [STDERR_REDIRECT] Sep 15, 2025 8:05:00 PM java.util.prefs.FileSystemPreferences checkLockFile0ErrorCode
2025-09-15 20:05:00,761 [ERROR] LogOutputStream:75 - [STDERR_REDIRECT] WARNING: Could not lock System prefs. Unix error code 2.
2025-09-15 20:05:00,761 [ERROR] LogOutputStream:75 - [STDERR_REDIRECT] 
2025-09-15 20:05:00,762 [ERROR] LogOutputStream:75 - [STDERR_REDIRECT] Sep 15, 2025 8:05:00 PM java.util.prefs.FileSystemPreferences syncWorld
2025-09-15 20:05:00,762 [ERROR] LogOutputStream:75 - [STDERR_REDIRECT] WARNING: Couldn't flush system prefs: java.util.prefs.BackingStoreException: Couldn't get file lock.
2025-09-15 20:05:00,762 [ERROR] LogOutputStream:75 - [STDERR_REDIRECT] 
2025-09-15 20:05:30,761 [ERROR] LogOutputStream:75 - [STDERR_REDIRECT] Sep 15, 2025 8:05:30 PM java.util.prefs.FileSystemPreferences checkLockFile0ErrorCode
2025-09-15 20:05:30,761 [ERROR] LogOutputStream:75 - [STDERR_REDIRECT] WARNING: Could not lock System prefs. Unix error code 2.
2025-09-15 20:05:30,761 [ERROR] LogOutputStream:75 - [STDERR_REDIRECT] 
2025-09-15 20:05:30,762 [ERROR] LogOutputStream:75 - [STDERR_REDIRECT] Sep 15, 2025 8:05:30 PM java.util.prefs.FileSystemPreferences syncWorld
2025-09-15 20:05:30,763 [ERROR] LogOutputStream:75 - [STDERR_REDIRECT] WARNING: Couldn't flush system prefs: java.util.prefs.BackingStoreException: Couldn't get file lock.
2025-09-15 20:05:30,763 [ERROR] LogOutputStream:75 - [STDERR_REDIRECT] 
2025-09-15 20:06:00,761 [ERROR] LogOutputStream:75 - [STDERR_REDIRECT] Sep 15, 2025 8:06:00 PM java.util.prefs.FileSystemPreferences checkLockFile0ErrorCode
2025-09-15 20:06:00,761 [ERROR] LogOutputStream:75 - [STDERR_REDIRECT] WARNING: Could not lock System prefs. Unix error code 2.
2025-09-15 20:06:00,762 [ERROR] LogOutputStream:75 - [STDERR_REDIRECT] 
2025-09-15 20:06:00,763 [ERROR] LogOutputStream:75 - [STDERR_REDIRECT] Sep 15, 2025 8:06:00 PM java.util.prefs.FileSystemPreferences syncWorld
2025-09-15 20:06:00,763 [ERROR] LogOutputStream:75 - [STDERR_REDIRECT] WARNING: Couldn't flush system prefs: java.util.prefs.BackingStoreException: Couldn't get file lock.
2025-09-15 20:06:00,763 [ERROR] LogOutputStream:75 - [STDERR_REDIRECT] 
2025-09-15 20:06:30,760 [ERROR] LogOutputStream:75 - [STDERR_REDIRECT] Sep 15, 2025 8:06:30 PM java.util.prefs.FileSystemPreferences checkLockFile0ErrorCode
2025-09-15 20:06:30,761 [ERROR] LogOutputStream:75 - [STDERR_REDIRECT] WARNING: Could not lock System prefs. Unix error code 2.
2025-09-15 20:06:30,761 [ERROR] LogOutputStream:75 - [STDERR_REDIRECT] 
2025-09-15 20:06:30,762 [ERROR] LogOutputStream:75 - [STDERR_REDIRECT] Sep 15, 2025 8:06:30 PM java.util.prefs.FileSystemPreferences syncWorld
2025-09-15 20:06:30,763 [ERROR] LogOutputStream:75 - [STDERR_REDIRECT] WARNING: Couldn't flush system prefs: java.util.prefs.BackingStoreException: Couldn't get file lock.
2025-09-15 20:06:30,763 [ERROR] LogOutputStream:75 - [STDERR_REDIRECT] 
2025-09-15 20:07:00,761 [ERROR] LogOutputStream:75 - [STDERR_REDIRECT] Sep 15, 2025 8:07:00 PM java.util.prefs.FileSystemPreferences checkLockFile0ErrorCode
2025-09-15 20:07:00,762 [ERROR] LogOutputStream:75 - [STDERR_REDIRECT] WARNING: Could not lock System prefs. Unix error code 2.
2025-09-15 20:07:00,762 [ERROR] LogOutputStream:75 - [STDERR_REDIRECT] 
2025-09-15 20:07:00,763 [ERROR] LogOutputStream:75 - [STDERR_REDIRECT] Sep 15, 2025 8:07:00 PM java.util.prefs.FileSystemPreferences syncWorld
2025-09-15 20:07:00,763 [ERROR] LogOutputStream:75 - [STDERR_REDIRECT] WARNING: Couldn't flush system prefs: java.util.prefs.BackingStoreException: Couldn't get file lock.
2025-09-15 20:07:00,763 [ERROR] LogOutputStream:75 - [STDERR_REDIRECT] 
2025-09-15 20:07:30,761 [ERROR] LogOutputStream:75 - [STDERR_REDIRECT] Sep 15, 2025 8:07:30 PM java.util.prefs.FileSystemPreferences checkLockFile0ErrorCode
2025-09-15 20:07:30,761 [ERROR] LogOutputStream:75 - [STDERR_REDIRECT] WARNING: Could not lock System prefs. Unix error code 2.
2025-09-15 20:07:30,761 [ERROR] LogOutputStream:75 - [STDERR_REDIRECT] 
2025-09-15 20:07:30,762 [ERROR] LogOutputStream:75 - [STDERR_REDIRECT] Sep 15, 2025 8:07:30 PM java.util.prefs.FileSystemPreferences syncWorld
2025-09-15 20:07:30,763 [ERROR] LogOutputStream:75 - [STDERR_REDIRECT] WARNING: Couldn't flush system prefs: java.util.prefs.BackingStoreException: Couldn't get file lock.
2025-09-15 20:07:30,763 [ERROR] LogOutputStream:75 - [STDERR_REDIRECT] 
2025-09-15 20:08:00,761 [ERROR] LogOutputStream:75 - [STDERR_REDIRECT] Sep 15, 2025 8:08:00 PM java.util.prefs.FileSystemPreferences checkLockFile0ErrorCode
2025-09-15 20:08:00,762 [ERROR] LogOutputStream:75 - [STDERR_REDIRECT] WARNING: Could not lock System prefs. Unix error code 2.
2025-09-15 20:08:00,762 [ERROR] LogOutputStream:75 - [STDERR_REDIRECT] 
2025-09-15 20:08:00,763 [ERROR] LogOutputStream:75 - [STDERR_REDIRECT] Sep 15, 2025 8:08:00 PM java.util.prefs.FileSystemPreferences syncWorld
2025-09-15 20:08:00,763 [ERROR] LogOutputStream:75 - [STDERR_REDIRECT] WARNING: Couldn't flush system prefs: java.util.prefs.BackingStoreException: Couldn't get file lock.
2025-09-15 20:08:00,763 [ERROR] LogOutputStream:75 - [STDERR_REDIRECT] 
2025-09-15 20:08:30,761 [ERROR] LogOutputStream:75 - [STDERR_REDIRECT] Sep 15, 2025 8:08:30 PM java.util.prefs.FileSystemPreferences checkLockFile0ErrorCode
2025-09-15 20:08:30,761 [ERROR] LogOutputStream:75 - [STDERR_REDIRECT] WARNING: Could not lock System prefs. Unix error code 2.
2025-09-15 20:08:30,762 [ERROR] LogOutputStream:75 - [STDERR_REDIRECT] 
2025-09-15 20:08:30,762 [ERROR] LogOutputStream:75 - [STDERR_REDIRECT] Sep 15, 2025 8:08:30 PM java.util.prefs.FileSystemPreferences syncWorld
2025-09-15 20:08:30,763 [ERROR] LogOutputStream:75 - [STDERR_REDIRECT] WARNING: Couldn't flush system prefs: java.util.prefs.BackingStoreException: Couldn't get file lock.
2025-09-15 20:08:30,763 [ERROR] LogOutputStream:75 - [STDERR_REDIRECT] 
2025-09-15 20:09:00,761 [ERROR] LogOutputStream:75 - [STDERR_REDIRECT] Sep 15, 2025 8:09:00 PM java.util.prefs.FileSystemPreferences checkLockFile0ErrorCode
2025-09-15 20:09:00,762 [ERROR] LogOutputStream:75 - [STDERR_REDIRECT] WARNING: Could not lock System prefs. Unix error code 2.
2025-09-15 20:09:00,762 [ERROR] LogOutputStream:75 - [STDERR_REDIRECT] 
2025-09-15 20:09:00,763 [ERROR] LogOutputStream:75 - [STDERR_REDIRECT] Sep 15, 2025 8:09:00 PM java.util.prefs.FileSystemPreferences syncWorld
2025-09-15 20:09:00,763 [ERROR] LogOutputStream:75 - [STDERR_REDIRECT] WARNING: Couldn't flush system prefs: java.util.prefs.BackingStoreException: Couldn't get file lock.
2025-09-15 20:09:00,763 [ERROR] LogOutputStream:75 - [STDERR_REDIRECT] 
2025-09-15 20:09:30,761 [ERROR] LogOutputStream:75 - [STDERR_REDIRECT] Sep 15, 2025 8:09:30 PM java.util.prefs.FileSystemPreferences checkLockFile0ErrorCode
2025-09-15 20:09:30,762 [ERROR] LogOutputStream:75 - [STDERR_REDIRECT] WARNING: Could not lock System prefs. Unix error code 2.
2025-09-15 20:09:30,762 [ERROR] LogOutputStream:75 - [STDERR_REDIRECT] 
2025-09-15 20:09:30,763 [ERROR] LogOutputStream:75 - [STDERR_REDIRECT] Sep 15, 2025 8:09:30 PM java.util.prefs.FileSystemPreferences syncWorld
2025-09-15 20:09:30,763 [ERROR] LogOutputStream:75 - [STDERR_REDIRECT] WARNING: Couldn't flush system prefs: java.util.prefs.BackingStoreException: Couldn't get file lock.
2025-09-15 20:09:30,764 [ERROR] LogOutputStream:75 - [STDERR_REDIRECT] 
2025-09-15 20:10:00,761 [ERROR] LogOutputStream:75 - [STDERR_REDIRECT] Sep 15, 2025 8:10:00 PM java.util.prefs.FileSystemPreferences checkLockFile0ErrorCode
2025-09-15 20:10:00,762 [ERROR] LogOutputStream:75 - [STDERR_REDIRECT] WARNING: Could not lock System prefs. Unix error code 2.
2025-09-15 20:10:00,762 [ERROR] LogOutputStream:75 - [STDERR_REDIRECT] 
2025-09-15 20:10:00,763 [ERROR] LogOutputStream:75 - [STDERR_REDIRECT] Sep 15, 2025 8:10:00 PM java.util.prefs.FileSystemPreferences syncWorld
2025-09-15 20:10:00,763 [ERROR] LogOutputStream:75 - [STDERR_REDIRECT] WARNING: Couldn't flush system prefs: java.util.prefs.BackingStoreException: Couldn't get file lock.
2025-09-15 20:10:00,763 [ERROR] LogOutputStream:75 - [STDERR_REDIRECT] 
2025-09-15 20:10:30,761 [ERROR] LogOutputStream:75 - [STDERR_REDIRECT] Sep 15, 2025 8:10:30 PM java.util.prefs.FileSystemPreferences checkLockFile0ErrorCode
2025-09-15 20:10:30,762 [ERROR] LogOutputStream:75 - [STDERR_REDIRECT] WARNING: Could not lock System prefs. Unix error code 2.
2025-09-15 20:10:30,762 [ERROR] LogOutputStream:75 - [STDERR_REDIRECT] 
2025-09-15 20:10:30,763 [ERROR] LogOutputStream:75 - [STDERR_REDIRECT] Sep 15, 2025 8:10:30 PM java.util.prefs.FileSystemPreferences syncWorld
2025-09-15 20:10:30,763 [ERROR] LogOutputStream:75 - [STDERR_REDIRECT] WARNING: Couldn't flush system prefs: java.util.prefs.BackingStoreException: Couldn't get file lock.
2025-09-15 20:10:30,764 [ERROR] LogOutputStream:75 - [STDERR_REDIRECT] 
2025-09-15 20:11:00,762 [ERROR] LogOutputStream:75 - [STDERR_REDIRECT] Sep 15, 2025 8:11:00 PM java.util.prefs.FileSystemPreferences checkLockFile0ErrorCode
2025-09-15 20:11:00,762 [ERROR] LogOutputStream:75 - [STDERR_REDIRECT] WARNING: Could not lock System prefs. Unix error code 2.
2025-09-15 20:11:00,763 [ERROR] LogOutputStream:75 - [STDERR_REDIRECT] 
2025-09-15 20:11:00,764 [ERROR] LogOutputStream:75 - [STDERR_REDIRECT] Sep 15, 2025 8:11:00 PM java.util.prefs.FileSystemPreferences syncWorld
2025-09-15 20:11:00,764 [ERROR] LogOutputStream:75 - [STDERR_REDIRECT] WARNING: Couldn't flush system prefs: java.util.prefs.BackingStoreException: Couldn't get file lock.
2025-09-15 20:11:00,765 [ERROR] LogOutputStream:75 - [STDERR_REDIRECT] 
2025-09-15 20:11:30,762 [ERROR] LogOutputStream:75 - [STDERR_REDIRECT] Sep 15, 2025 8:11:30 PM java.util.prefs.FileSystemPreferences checkLockFile0ErrorCode
2025-09-15 20:11:30,762 [ERROR] LogOutputStream:75 - [STDERR_REDIRECT] WARNING: Could not lock System prefs. Unix error code 2.
2025-09-15 20:11:30,763 [ERROR] LogOutputStream:75 - [STDERR_REDIRECT] 
2025-09-15 20:11:30,763 [ERROR] LogOutputStream:75 - [STDERR_REDIRECT] Sep 15, 2025 8:11:30 PM java.util.prefs.FileSystemPreferences syncWorld
2025-09-15 20:11:30,764 [ERROR] LogOutputStream:75 - [STDERR_REDIRECT] WARNING: Couldn't flush system prefs: java.util.prefs.BackingStoreException: Couldn't get file lock.
2025-09-15 20:11:30,764 [ERROR] LogOutputStream:75 - [STDERR_REDIRECT] 
2025-09-15 20:12:00,762 [ERROR] LogOutputStream:75 - [STDERR_REDIRECT] Sep 15, 2025 8:12:00 PM java.util.prefs.FileSystemPreferences checkLockFile0ErrorCode
2025-09-15 20:12:00,763 [ERROR] LogOutputStream:75 - [STDERR_REDIRECT] WARNING: Could not lock System prefs. Unix error code 2.
2025-09-15 20:12:00,763 [ERROR] LogOutputStream:75 - [STDERR_REDIRECT] 
2025-09-15 20:12:00,764 [ERROR] LogOutputStream:75 - [STDERR_REDIRECT] Sep 15, 2025 8:12:00 PM java.util.prefs.FileSystemPreferences syncWorld
2025-09-15 20:12:00,765 [ERROR] LogOutputStream:75 - [STDERR_REDIRECT] WARNING: Couldn't flush system prefs: java.util.prefs.BackingStoreException: Couldn't get file lock.
2025-09-15 20:12:00,765 [ERROR] LogOutputStream:75 - [STDERR_REDIRECT] 
2025-09-15 20:12:30,764 [ERROR] LogOutputStream:75 - [STDERR_REDIRECT] Sep 15, 2025 8:12:30 PM java.util.prefs.FileSystemPreferences checkLockFile0ErrorCode
2025-09-15 20:12:30,765 [ERROR] LogOutputStream:75 - [STDERR_REDIRECT] WARNING: Could not lock System prefs. Unix error code 2.
2025-09-15 20:12:30,765 [ERROR] LogOutputStream:75 - [STDERR_REDIRECT] 
2025-09-15 20:12:30,766 [ERROR] LogOutputStream:75 - [STDERR_REDIRECT] Sep 15, 2025 8:12:30 PM java.util.prefs.FileSystemPreferences syncWorld
2025-09-15 20:12:30,766 [ERROR] LogOutputStream:75 - [STDERR_REDIRECT] WARNING: Couldn't flush system prefs: java.util.prefs.BackingStoreException: Couldn't get file lock.
2025-09-15 20:12:30,767 [ERROR] LogOutputStream:75 - [STDERR_REDIRECT] 
2025-09-15 20:13:00,763 [ERROR] LogOutputStream:75 - [STDERR_REDIRECT] Sep 15, 2025 8:13:00 PM java.util.prefs.FileSystemPreferences checkLockFile0ErrorCode
2025-09-15 20:13:00,763 [ERROR] LogOutputStream:75 - [STDERR_REDIRECT] WARNING: Could not lock System prefs. Unix error code 2.
2025-09-15 20:13:00,764 [ERROR] LogOutputStream:75 - [STDERR_REDIRECT] 
2025-09-15 20:13:00,764 [ERROR] LogOutputStream:75 - [STDERR_REDIRECT] Sep 15, 2025 8:13:00 PM java.util.prefs.FileSystemPreferences syncWorld
2025-09-15 20:13:00,765 [ERROR] LogOutputStream:75 - [STDERR_REDIRECT] WARNING: Couldn't flush system prefs: java.util.prefs.BackingStoreException: Couldn't get file lock.
2025-09-15 20:13:00,765 [ERROR] LogOutputStream:75 - [STDERR_REDIRECT] 
2025-09-15 20:13:30,763 [ERROR] LogOutputStream:75 - [STDERR_REDIRECT] Sep 15, 2025 8:13:30 PM java.util.prefs.FileSystemPreferences checkLockFile0ErrorCode
2025-09-15 20:13:30,763 [ERROR] LogOutputStream:75 - [STDERR_REDIRECT] WARNING: Could not lock System prefs. Unix error code 2.
2025-09-15 20:13:30,764 [ERROR] LogOutputStream:75 - [STDERR_REDIRECT] 
2025-09-15 20:13:30,764 [ERROR] LogOutputStream:75 - [STDERR_REDIRECT] Sep 15, 2025 8:13:30 PM java.util.prefs.FileSystemPreferences syncWorld
2025-09-15 20:13:30,765 [ERROR] LogOutputStream:75 - [STDERR_REDIRECT] WARNING: Couldn't flush system prefs: java.util.prefs.BackingStoreException: Couldn't get file lock.
2025-09-15 20:13:30,765 [ERROR] LogOutputStream:75 - [STDERR_REDIRECT] 
2025-09-15 20:14:00,763 [ERROR] LogOutputStream:75 - [STDERR_REDIRECT] Sep 15, 2025 8:14:00 PM java.util.prefs.FileSystemPreferences checkLockFile0ErrorCode
2025-09-15 20:14:00,763 [ERROR] LogOutputStream:75 - [STDERR_REDIRECT] WARNING: Could not lock System prefs. Unix error code 2.
2025-09-15 20:14:00,764 [ERROR] LogOutputStream:75 - [STDERR_REDIRECT] 
2025-09-15 20:14:00,764 [ERROR] LogOutputStream:75 - [STDERR_REDIRECT] Sep 15, 2025 8:14:00 PM java.util.prefs.FileSystemPreferences syncWorld
2025-09-15 20:14:00,765 [ERROR] LogOutputStream:75 - [STDERR_REDIRECT] WARNING: Couldn't flush system prefs: java.util.prefs.BackingStoreException: Couldn't get file lock.
2025-09-15 20:14:00,765 [ERROR] LogOutputStream:75 - [STDERR_REDIRECT] 
2025-09-15 20:14:30,763 [ERROR] LogOutputStream:75 - [STDERR_REDIRECT] Sep 15, 2025 8:14:30 PM java.util.prefs.FileSystemPreferences checkLockFile0ErrorCode
2025-09-15 20:14:30,763 [ERROR] LogOutputStream:75 - [STDERR_REDIRECT] WARNING: Could not lock System prefs. Unix error code 2.
2025-09-15 20:14:30,764 [ERROR] LogOutputStream:75 - [STDERR_REDIRECT] 
2025-09-15 20:14:30,764 [ERROR] LogOutputStream:75 - [STDERR_REDIRECT] Sep 15, 2025 8:14:30 PM java.util.prefs.FileSystemPreferences syncWorld
2025-09-15 20:14:30,765 [ERROR] LogOutputStream:75 - [STDERR_REDIRECT] WARNING: Couldn't flush system prefs: java.util.prefs.BackingStoreException: Couldn't get file lock.
2025-09-15 20:14:30,765 [ERROR] LogOutputStream:75 - [STDERR_REDIRECT] 
2025-09-15 20:15:00,763 [ERROR] LogOutputStream:75 - [STDERR_REDIRECT] Sep 15, 2025 8:15:00 PM java.util.prefs.FileSystemPreferences checkLockFile0ErrorCode
2025-09-15 20:15:00,763 [ERROR] LogOutputStream:75 - [STDERR_REDIRECT] WARNING: Could not lock System prefs. Unix error code 2.
2025-09-15 20:15:00,763 [ERROR] LogOutputStream:75 - [STDERR_REDIRECT] 
2025-09-15 20:15:00,764 [ERROR] LogOutputStream:75 - [STDERR_REDIRECT] Sep 15, 2025 8:15:00 PM java.util.prefs.FileSystemPreferences syncWorld
2025-09-15 20:15:00,764 [ERROR] LogOutputStream:75 - [STDERR_REDIRECT] WARNING: Couldn't flush system prefs: java.util.prefs.BackingStoreException: Couldn't get file lock.
2025-09-15 20:15:00,765 [ERROR] LogOutputStream:75 - [STDERR_REDIRECT] 
2025-09-15 20:15:30,763 [ERROR] LogOutputStream:75 - [STDERR_REDIRECT] Sep 15, 2025 8:15:30 PM java.util.prefs.FileSystemPreferences checkLockFile0ErrorCode
2025-09-15 20:15:30,764 [ERROR] LogOutputStream:75 - [STDERR_REDIRECT] WARNING: Could not lock System prefs. Unix error code 2.
2025-09-15 20:15:30,764 [ERROR] LogOutputStream:75 - [STDERR_REDIRECT] 
2025-09-15 20:15:30,765 [ERROR] LogOutputStream:75 - [STDERR_REDIRECT] Sep 15, 2025 8:15:30 PM java.util.prefs.FileSystemPreferences syncWorld
2025-09-15 20:15:30,765 [ERROR] LogOutputStream:75 - [STDERR_REDIRECT] WARNING: Couldn't flush system prefs: java.util.prefs.BackingStoreException: Couldn't get file lock.
2025-09-15 20:15:30,765 [ERROR] LogOutputStream:75 - [STDERR_REDIRECT] 
2025-09-15 20:16:00,763 [ERROR] LogOutputStream:75 - [STDERR_REDIRECT] Sep 15, 2025 8:16:00 PM java.util.prefs.FileSystemPreferences checkLockFile0ErrorCode
2025-09-15 20:16:00,764 [ERROR] LogOutputStream:75 - [STDERR_REDIRECT] WARNING: Could not lock System prefs. Unix error code 2.
2025-09-15 20:16:00,764 [ERROR] LogOutputStream:75 - [STDERR_REDIRECT] 
2025-09-15 20:16:00,764 [ERROR] LogOutputStream:75 - [STDERR_REDIRECT] Sep 15, 2025 8:16:00 PM java.util.prefs.FileSystemPreferences syncWorld
2025-09-15 20:16:00,765 [ERROR] LogOutputStream:75 - [STDERR_REDIRECT] WARNING: Couldn't flush system prefs: java.util.prefs.BackingStoreException: Couldn't get file lock.
2025-09-15 20:16:00,765 [ERROR] LogOutputStream:75 - [STDERR_REDIRECT] 
2025-09-15 20:16:30,767 [ERROR] LogOutputStream:75 - [STDERR_REDIRECT] Sep 15, 2025 8:16:30 PM java.util.prefs.FileSystemPreferences checkLockFile0ErrorCode
2025-09-15 20:16:30,767 [ERROR] LogOutputStream:75 - [STDERR_REDIRECT] WARNING: Could not lock System prefs. Unix error code 2.
2025-09-15 20:16:30,767 [ERROR] LogOutputStream:75 - [STDERR_REDIRECT] 
2025-09-15 20:16:30,768 [ERROR] LogOutputStream:75 - [STDERR_REDIRECT] Sep 15, 2025 8:16:30 PM java.util.prefs.FileSystemPreferences syncWorld
2025-09-15 20:16:30,768 [ERROR] LogOutputStream:75 - [STDERR_REDIRECT] WARNING: Couldn't flush system prefs: java.util.prefs.BackingStoreException: Couldn't get file lock.
2025-09-15 20:16:30,769 [ERROR] LogOutputStream:75 - [STDERR_REDIRECT] 
2025-09-15 20:17:00,765 [ERROR] LogOutputStream:75 - [STDERR_REDIRECT] Sep 15, 2025 8:17:00 PM java.util.prefs.FileSystemPreferences checkLockFile0ErrorCode
2025-09-15 20:17:00,765 [ERROR] LogOutputStream:75 - [STDERR_REDIRECT] WARNING: Could not lock System prefs. Unix error code 2.
2025-09-15 20:17:00,765 [ERROR] LogOutputStream:75 - [STDERR_REDIRECT] 
2025-09-15 20:17:00,766 [ERROR] LogOutputStream:75 - [STDERR_REDIRECT] Sep 15, 2025 8:17:00 PM java.util.prefs.FileSystemPreferences syncWorld
2025-09-15 20:17:00,766 [ERROR] LogOutputStream:75 - [STDERR_REDIRECT] WARNING: Couldn't flush system prefs: java.util.prefs.BackingStoreException: Couldn't get file lock.
2025-09-15 20:17:00,766 [ERROR] LogOutputStream:75 - [STDERR_REDIRECT] 
2025-09-15 20:17:30,762 [ERROR] LogOutputStream:75 - [STDERR_REDIRECT] Sep 15, 2025 8:17:30 PM java.util.prefs.FileSystemPreferences checkLockFile0ErrorCode
2025-09-15 20:17:30,763 [ERROR] LogOutputStream:75 - [STDERR_REDIRECT] WARNING: Could not lock System prefs. Unix error code 2.
2025-09-15 20:17:30,763 [ERROR] LogOutputStream:75 - [STDERR_REDIRECT] 
2025-09-15 20:17:30,763 [ERROR] LogOutputStream:75 - [STDERR_REDIRECT] Sep 15, 2025 8:17:30 PM java.util.prefs.FileSystemPreferences syncWorld
2025-09-15 20:17:30,763 [ERROR] LogOutputStream:75 - [STDERR_REDIRECT] WARNING: Couldn't flush system prefs: java.util.prefs.BackingStoreException: Couldn't get file lock.
2025-09-15 20:17:30,763 [ERROR] LogOutputStream:75 - [STDERR_REDIRECT] 
2025-09-15 20:18:00,763 [ERROR] LogOutputStream:75 - [STDERR_REDIRECT] Sep 15, 2025 8:18:00 PM java.util.prefs.FileSystemPreferences checkLockFile0ErrorCode
2025-09-15 20:18:00,763 [ERROR] LogOutputStream:75 - [STDERR_REDIRECT] WARNING: Could not lock System prefs. Unix error code 2.
2025-09-15 20:18:00,764 [ERROR] LogOutputStream:75 - [STDERR_REDIRECT] 
2025-09-15 20:18:00,765 [ERROR] LogOutputStream:75 - [STDERR_REDIRECT] Sep 15, 2025 8:18:00 PM java.util.prefs.FileSystemPreferences syncWorld
2025-09-15 20:18:00,765 [ERROR] LogOutputStream:75 - [STDERR_REDIRECT] WARNING: Couldn't flush system prefs: java.util.prefs.BackingStoreException: Couldn't get file lock.
2025-09-15 20:18:00,765 [ERROR] LogOutputStream:75 - [STDERR_REDIRECT] 
2025-09-15 20:18:30,763 [ERROR] LogOutputStream:75 - [STDERR_REDIRECT] Sep 15, 2025 8:18:30 PM java.util.prefs.FileSystemPreferences checkLockFile0ErrorCode
2025-09-15 20:18:30,764 [ERROR] LogOutputStream:75 - [STDERR_REDIRECT] WARNING: Could not lock System prefs. Unix error code 2.
2025-09-15 20:18:30,764 [ERROR] LogOutputStream:75 - [STDERR_REDIRECT] 
2025-09-15 20:18:30,765 [ERROR] LogOutputStream:75 - [STDERR_REDIRECT] Sep 15, 2025 8:18:30 PM java.util.prefs.FileSystemPreferences syncWorld
2025-09-15 20:18:30,765 [ERROR] LogOutputStream:75 - [STDERR_REDIRECT] WARNING: Couldn't flush system prefs: java.util.prefs.BackingStoreException: Couldn't get file lock.
2025-09-15 20:18:30,765 [ERROR] LogOutputStream:75 - [STDERR_REDIRECT] 
2025-09-15 20:19:00,763 [ERROR] LogOutputStream:75 - [STDERR_REDIRECT] Sep 15, 2025 8:19:00 PM java.util.prefs.FileSystemPreferences checkLockFile0ErrorCode
2025-09-15 20:19:00,764 [ERROR] LogOutputStream:75 - [STDERR_REDIRECT] WARNING: Could not lock System prefs. Unix error code 2.
2025-09-15 20:19:00,764 [ERROR] LogOutputStream:75 - [STDERR_REDIRECT] 
2025-09-15 20:19:00,765 [ERROR] LogOutputStream:75 - [STDERR_REDIRECT] Sep 15, 2025 8:19:00 PM java.util.prefs.FileSystemPreferences syncWorld
2025-09-15 20:19:00,765 [ERROR] LogOutputStream:75 - [STDERR_REDIRECT] WARNING: Couldn't flush system prefs: java.util.prefs.BackingStoreException: Couldn't get file lock.
2025-09-15 20:19:00,765 [ERROR] LogOutputStream:75 - [STDERR_REDIRECT] 
2025-09-15 20:19:30,763 [ERROR] LogOutputStream:75 - [STDERR_REDIRECT] Sep 15, 2025 8:19:30 PM java.util.prefs.FileSystemPreferences checkLockFile0ErrorCode
2025-09-15 20:19:30,763 [ERROR] LogOutputStream:75 - [STDERR_REDIRECT] WARNING: Could not lock System prefs. Unix error code 2.
2025-09-15 20:19:30,763 [ERROR] LogOutputStream:75 - [STDERR_REDIRECT] 
2025-09-15 20:19:30,764 [ERROR] LogOutputStream:75 - [STDERR_REDIRECT] Sep 15, 2025 8:19:30 PM java.util.prefs.FileSystemPreferences syncWorld
2025-09-15 20:19:30,764 [ERROR] LogOutputStream:75 - [STDERR_REDIRECT] WARNING: Couldn't flush system prefs: java.util.prefs.BackingStoreException: Couldn't get file lock.
2025-09-15 20:19:30,764 [ERROR] LogOutputStream:75 - [STDERR_REDIRECT] 
2025-09-15 20:20:00,764 [ERROR] LogOutputStream:75 - [STDERR_REDIRECT] Sep 15, 2025 8:20:00 PM java.util.prefs.FileSystemPreferences checkLockFile0ErrorCode
2025-09-15 20:20:00,764 [ERROR] LogOutputStream:75 - [STDERR_REDIRECT] WARNING: Could not lock System prefs. Unix error code 2.
2025-09-15 20:20:00,764 [ERROR] LogOutputStream:75 - [STDERR_REDIRECT] 
2025-09-15 20:20:00,765 [ERROR] LogOutputStream:75 - [STDERR_REDIRECT] Sep 15, 2025 8:20:00 PM java.util.prefs.FileSystemPreferences syncWorld
2025-09-15 20:20:00,765 [ERROR] LogOutputStream:75 - [STDERR_REDIRECT] WARNING: Couldn't flush system prefs: java.util.prefs.BackingStoreException: Couldn't get file lock.
2025-09-15 20:20:00,765 [ERROR] LogOutputStream:75 - [STDERR_REDIRECT] 
2025-09-15 20:20:23,568 [ERROR] ConfigurationRetriever:142 - IOException on connection: Read timed out
2025-09-15 20:20:30,767 [ERROR] LogOutputStream:75 - [STDERR_REDIRECT] Sep 15, 2025 8:20:30 PM java.util.prefs.FileSystemPreferences checkLockFile0ErrorCode
2025-09-15 20:20:30,768 [ERROR] LogOutputStream:75 - [STDERR_REDIRECT] WARNING: Could not lock System prefs. Unix error code 2.
2025-09-15 20:20:30,768 [ERROR] LogOutputStream:75 - [STDERR_REDIRECT] 
2025-09-15 20:20:30,769 [ERROR] LogOutputStream:75 - [STDERR_REDIRECT] Sep 15, 2025 8:20:30 PM java.util.prefs.FileSystemPreferences syncWorld
2025-09-15 20:20:30,769 [ERROR] LogOutputStream:75 - [STDERR_REDIRECT] WARNING: Couldn't flush system prefs: java.util.prefs.BackingStoreException: Couldn't get file lock.
2025-09-15 20:20:30,769 [ERROR] LogOutputStream:75 - [STDERR_REDIRECT] 
2025-09-15 20:21:00,764 [ERROR] LogOutputStream:75 - [STDERR_REDIRECT] Sep 15, 2025 8:21:00 PM java.util.prefs.FileSystemPreferences checkLockFile0ErrorCode
2025-09-15 20:21:00,764 [ERROR] LogOutputStream:75 - [STDERR_REDIRECT] WARNING: Could not lock System prefs. Unix error code 2.
2025-09-15 20:21:00,765 [ERROR] LogOutputStream:75 - [STDERR_REDIRECT] 
2025-09-15 20:21:00,765 [ERROR] LogOutputStream:75 - [STDERR_REDIRECT] Sep 15, 2025 8:21:00 PM java.util.prefs.FileSystemPreferences syncWorld
2025-09-15 20:21:00,766 [ERROR] LogOutputStream:75 - [STDERR_REDIRECT] WARNING: Couldn't flush system prefs: java.util.prefs.BackingStoreException: Couldn't get file lock.
2025-09-15 20:21:00,766 [ERROR] LogOutputStream:75 - [STDERR_REDIRECT] 
2025-09-15 20:21:30,764 [ERROR] LogOutputStream:75 - [STDERR_REDIRECT] Sep 15, 2025 8:21:30 PM java.util.prefs.FileSystemPreferences checkLockFile0ErrorCode
2025-09-15 20:21:30,764 [ERROR] LogOutputStream:75 - [STDERR_REDIRECT] WARNING: Could not lock System prefs. Unix error code 2.
2025-09-15 20:21:30,765 [ERROR] LogOutputStream:75 - [STDERR_REDIRECT] 
2025-09-15 20:21:30,765 [ERROR] LogOutputStream:75 - [STDERR_REDIRECT] Sep 15, 2025 8:21:30 PM java.util.prefs.FileSystemPreferences syncWorld
2025-09-15 20:21:30,766 [ERROR] LogOutputStream:75 - [STDERR_REDIRECT] WARNING: Couldn't flush system prefs: java.util.prefs.BackingStoreException: Couldn't get file lock.
2025-09-15 20:21:30,766 [ERROR] LogOutputStream:75 - [STDERR_REDIRECT] 
2025-09-15 20:22:00,764 [ERROR] LogOutputStream:75 - [STDERR_REDIRECT] Sep 15, 2025 8:22:00 PM java.util.prefs.FileSystemPreferences checkLockFile0ErrorCode
2025-09-15 20:22:00,765 [ERROR] LogOutputStream:75 - [STDERR_REDIRECT] WARNING: Could not lock System prefs. Unix error code 2.
2025-09-15 20:22:00,765 [ERROR] LogOutputStream:75 - [STDERR_REDIRECT] 
2025-09-15 20:22:00,766 [ERROR] LogOutputStream:75 - [STDERR_REDIRECT] Sep 15, 2025 8:22:00 PM java.util.prefs.FileSystemPreferences syncWorld
2025-09-15 20:22:00,766 [ERROR] LogOutputStream:75 - [STDERR_REDIRECT] WARNING: Couldn't flush system prefs: java.util.prefs.BackingStoreException: Couldn't get file lock.
2025-09-15 20:22:00,767 [ERROR] LogOutputStream:75 - [STDERR_REDIRECT] 
2025-09-15 20:22:30,763 [ERROR] LogOutputStream:75 - [STDERR_REDIRECT] Sep 15, 2025 8:22:30 PM java.util.prefs.FileSystemPreferences checkLockFile0ErrorCode
2025-09-15 20:22:30,764 [ERROR] LogOutputStream:75 - [STDERR_REDIRECT] WARNING: Could not lock System prefs. Unix error code 2.
2025-09-15 20:22:30,764 [ERROR] LogOutputStream:75 - [STDERR_REDIRECT] 
2025-09-15 20:22:30,765 [ERROR] LogOutputStream:75 - [STDERR_REDIRECT] Sep 15, 2025 8:22:30 PM java.util.prefs.FileSystemPreferences syncWorld
2025-09-15 20:22:30,765 [ERROR] LogOutputStream:75 - [STDERR_REDIRECT] WARNING: Couldn't flush system prefs: java.util.prefs.BackingStoreException: Couldn't get file lock.
2025-09-15 20:22:30,765 [ERROR] LogOutputStream:75 - [STDERR_REDIRECT] 
2025-09-15 20:22:52,615 [ERROR] ConfigurationRetriever:142 - IOException on connection: Received fatal alert: internal_error
2025-09-15 20:23:00,768 [ERROR] LogOutputStream:75 - [STDERR_REDIRECT] Sep 15, 2025 8:23:00 PM java.util.prefs.FileSystemPreferences checkLockFile0ErrorCode
2025-09-15 20:23:00,769 [ERROR] LogOutputStream:75 - [STDERR_REDIRECT] WARNING: Could not lock System prefs. Unix error code 2.
2025-09-15 20:23:00,770 [ERROR] LogOutputStream:75 - [STDERR_REDIRECT] 
2025-09-15 20:23:00,771 [ERROR] LogOutputStream:75 - [STDERR_REDIRECT] Sep 15, 2025 8:23:00 PM java.util.prefs.FileSystemPreferences syncWorld
2025-09-15 20:23:00,771 [ERROR] LogOutputStream:75 - [STDERR_REDIRECT] WARNING: Couldn't flush system prefs: java.util.prefs.BackingStoreException: Couldn't get file lock.
2025-09-15 20:23:00,772 [ERROR] LogOutputStream:75 - [STDERR_REDIRECT] 
2025-09-15 20:23:30,764 [ERROR] LogOutputStream:75 - [STDERR_REDIRECT] Sep 15, 2025 8:23:30 PM java.util.prefs.FileSystemPreferences checkLockFile0ErrorCode
2025-09-15 20:23:30,764 [ERROR] LogOutputStream:75 - [STDERR_REDIRECT] WARNING: Could not lock System prefs. Unix error code 2.
2025-09-15 20:23:30,765 [ERROR] LogOutputStream:75 - [STDERR_REDIRECT] 
2025-09-15 20:23:30,765 [ERROR] LogOutputStream:75 - [STDERR_REDIRECT] Sep 15, 2025 8:23:30 PM java.util.prefs.FileSystemPreferences syncWorld
2025-09-15 20:23:30,766 [ERROR] LogOutputStream:75 - [STDERR_REDIRECT] WARNING: Couldn't flush system prefs: java.util.prefs.BackingStoreException: Couldn't get file lock.
2025-09-15 20:23:30,766 [ERROR] LogOutputStream:75 - [STDERR_REDIRECT] 
2025-09-15 20:24:00,764 [ERROR] LogOutputStream:75 - [STDERR_REDIRECT] Sep 15, 2025 8:24:00 PM java.util.prefs.FileSystemPreferences checkLockFile0ErrorCode
2025-09-15 20:24:00,764 [ERROR] LogOutputStream:75 - [STDERR_REDIRECT] WARNING: Could not lock System prefs. Unix error code 2.
2025-09-15 20:24:00,765 [ERROR] LogOutputStream:75 - [STDERR_REDIRECT] 
2025-09-15 20:24:00,765 [ERROR] LogOutputStream:75 - [STDERR_REDIRECT] Sep 15, 2025 8:24:00 PM java.util.prefs.FileSystemPreferences syncWorld
2025-09-15 20:24:00,766 [ERROR] LogOutputStream:75 - [STDERR_REDIRECT] WARNING: Couldn't flush system prefs: java.util.prefs.BackingStoreException: Couldn't get file lock.
2025-09-15 20:24:00,766 [ERROR] LogOutputStream:75 - [STDERR_REDIRECT] 
2025-09-15 20:24:30,764 [ERROR] LogOutputStream:75 - [STDERR_REDIRECT] Sep 15, 2025 8:24:30 PM java.util.prefs.FileSystemPreferences checkLockFile0ErrorCode
2025-09-15 20:24:30,764 [ERROR] LogOutputStream:75 - [STDERR_REDIRECT] WARNING: Could not lock System prefs. Unix error code 2.
2025-09-15 20:24:30,765 [ERROR] LogOutputStream:75 - [STDERR_REDIRECT] 
2025-09-15 20:24:30,765 [ERROR] LogOutputStream:75 - [STDERR_REDIRECT] Sep 15, 2025 8:24:30 PM java.util.prefs.FileSystemPreferences syncWorld
2025-09-15 20:24:30,765 [ERROR] LogOutputStream:75 - [STDERR_REDIRECT] WARNING: Couldn't flush system prefs: java.util.prefs.BackingStoreException: Couldn't get file lock.
2025-09-15 20:24:30,766 [ERROR] LogOutputStream:75 - [STDERR_REDIRECT] 
2025-09-15 20:25:00,763 [ERROR] LogOutputStream:75 - [STDERR_REDIRECT] Sep 15, 2025 8:25:00 PM java.util.prefs.FileSystemPreferences checkLockFile0ErrorCode
2025-09-15 20:25:00,764 [ERROR] LogOutputStream:75 - [STDERR_REDIRECT] WARNING: Could not lock System prefs. Unix error code 2.
2025-09-15 20:25:00,764 [ERROR] LogOutputStream:75 - [STDERR_REDIRECT] 
2025-09-15 20:25:00,765 [ERROR] LogOutputStream:75 - [STDERR_REDIRECT] Sep 15, 2025 8:25:00 PM java.util.prefs.FileSystemPreferences syncWorld
2025-09-15 20:25:00,765 [ERROR] LogOutputStream:75 - [STDERR_REDIRECT] WARNING: Couldn't flush system prefs: java.util.prefs.BackingStoreException: Couldn't get file lock.
2025-09-15 20:25:00,765 [ERROR] LogOutputStream:75 - [STDERR_REDIRECT] 
2025-09-15 20:25:30,764 [ERROR] LogOutputStream:75 - [STDERR_REDIRECT] Sep 15, 2025 8:25:30 PM java.util.prefs.FileSystemPreferences checkLockFile0ErrorCode
2025-09-15 20:25:30,765 [ERROR] LogOutputStream:75 - [STDERR_REDIRECT] WARNING: Could not lock System prefs. Unix error code 2.
2025-09-15 20:25:30,765 [ERROR] LogOutputStream:75 - [STDERR_REDIRECT] 
2025-09-15 20:25:30,766 [ERROR] LogOutputStream:75 - [STDERR_REDIRECT] Sep 15, 2025 8:25:30 PM java.util.prefs.FileSystemPreferences syncWorld
2025-09-15 20:25:30,766 [ERROR] LogOutputStream:75 - [STDERR_REDIRECT] WARNING: Couldn't flush system prefs: java.util.prefs.BackingStoreException: Couldn't get file lock.
2025-09-15 20:25:30,767 [ERROR] LogOutputStream:75 - [STDERR_REDIRECT] 
2025-09-15 20:26:00,763 [ERROR] LogOutputStream:75 - [STDERR_REDIRECT] Sep 15, 2025 8:26:00 PM java.util.prefs.FileSystemPreferences checkLockFile0ErrorCode
2025-09-15 20:26:00,764 [ERROR] LogOutputStream:75 - [STDERR_REDIRECT] WARNING: Could not lock System prefs. Unix error code 2.
2025-09-15 20:26:00,764 [ERROR] LogOutputStream:75 - [STDERR_REDIRECT] 
2025-09-15 20:26:00,765 [ERROR] LogOutputStream:75 - [STDERR_REDIRECT] Sep 15, 2025 8:26:00 PM java.util.prefs.FileSystemPreferences syncWorld
2025-09-15 20:26:00,766 [ERROR] LogOutputStream:75 - [STDERR_REDIRECT] WARNING: Couldn't flush system prefs: java.util.prefs.BackingStoreException: Couldn't get file lock.
2025-09-15 20:26:00,766 [ERROR] LogOutputStream:75 - [STDERR_REDIRECT] 
2025-09-15 20:26:30,764 [ERROR] LogOutputStream:75 - [STDERR_REDIRECT] Sep 15, 2025 8:26:30 PM java.util.prefs.FileSystemPreferences checkLockFile0ErrorCode
2025-09-15 20:26:30,765 [ERROR] LogOutputStream:75 - [STDERR_REDIRECT] WARNING: Could not lock System prefs. Unix error code 2.
2025-09-15 20:26:30,766 [ERROR] LogOutputStream:75 - [STDERR_REDIRECT] 
2025-09-15 20:26:30,766 [ERROR] LogOutputStream:75 - [STDERR_REDIRECT] Sep 15, 2025 8:26:30 PM java.util.prefs.FileSystemPreferences syncWorld
2025-09-15 20:26:30,767 [ERROR] LogOutputStream:75 - [STDERR_REDIRECT] WARNING: Couldn't flush system prefs: java.util.prefs.BackingStoreException: Couldn't get file lock.
2025-09-15 20:26:30,767 [ERROR] LogOutputStream:75 - [STDERR_REDIRECT] 
2025-09-15 20:27:00,764 [ERROR] LogOutputStream:75 - [STDERR_REDIRECT] Sep 15, 2025 8:27:00 PM java.util.prefs.FileSystemPreferences checkLockFile0ErrorCode
2025-09-15 20:27:00,765 [ERROR] LogOutputStream:75 - [STDERR_REDIRECT] WARNING: Could not lock System prefs. Unix error code 2.
2025-09-15 20:27:00,765 [ERROR] LogOutputStream:75 - [STDERR_REDIRECT] 
2025-09-15 20:27:00,792 [ERROR] LogOutputStream:75 - [STDERR_REDIRECT] Sep 15, 2025 8:27:00 PM java.util.prefs.FileSystemPreferences syncWorld
2025-09-15 20:27:00,792 [ERROR] LogOutputStream:75 - [STDERR_REDIRECT] WARNING: Couldn't flush system prefs: java.util.prefs.BackingStoreException: Couldn't get file lock.
2025-09-15 20:27:00,793 [ERROR] LogOutputStream:75 - [STDERR_REDIRECT] 
2025-09-15 20:27:30,763 [ERROR] LogOutputStream:75 - [STDERR_REDIRECT] Sep 15, 2025 8:27:30 PM java.util.prefs.FileSystemPreferences checkLockFile0ErrorCode
2025-09-15 20:27:30,764 [ERROR] LogOutputStream:75 - [STDERR_REDIRECT] WARNING: Could not lock System prefs. Unix error code 2.
2025-09-15 20:27:30,764 [ERROR] LogOutputStream:75 - [STDERR_REDIRECT] 
2025-09-15 20:27:30,765 [ERROR] LogOutputStream:75 - [STDERR_REDIRECT] Sep 15, 2025 8:27:30 PM java.util.prefs.FileSystemPreferences syncWorld
2025-09-15 20:27:30,765 [ERROR] LogOutputStream:75 - [STDERR_REDIRECT] WARNING: Couldn't flush system prefs: java.util.prefs.BackingStoreException: Couldn't get file lock.
2025-09-15 20:27:30,765 [ERROR] LogOutputStream:75 - [STDERR_REDIRECT] 
2025-09-15 20:28:00,764 [ERROR] LogOutputStream:75 - [STDERR_REDIRECT] Sep 15, 2025 8:28:00 PM java.util.prefs.FileSystemPreferences checkLockFile0ErrorCode
2025-09-15 20:28:00,764 [ERROR] LogOutputStream:75 - [STDERR_REDIRECT] WARNING: Could not lock System prefs. Unix error code 2.
2025-09-15 20:28:00,764 [ERROR] LogOutputStream:75 - [STDERR_REDIRECT] 
2025-09-15 20:28:00,764 [ERROR] LogOutputStream:75 - [STDERR_REDIRECT] Sep 15, 2025 8:28:00 PM java.util.prefs.FileSystemPreferences syncWorld
2025-09-15 20:28:00,765 [ERROR] LogOutputStream:75 - [STDERR_REDIRECT] WARNING: Couldn't flush system prefs: java.util.prefs.BackingStoreException: Couldn't get file lock.
2025-09-15 20:28:00,765 [ERROR] LogOutputStream:75 - [STDERR_REDIRECT] 
2025-09-15 20:28:30,764 [ERROR] LogOutputStream:75 - [STDERR_REDIRECT] Sep 15, 2025 8:28:30 PM java.util.prefs.FileSystemPreferences checkLockFile0ErrorCode
2025-09-15 20:28:30,765 [ERROR] LogOutputStream:75 - [STDERR_REDIRECT] WARNING: Could not lock System prefs. Unix error code 2.
2025-09-15 20:28:30,765 [ERROR] LogOutputStream:75 - [STDERR_REDIRECT] 
2025-09-15 20:28:30,766 [ERROR] LogOutputStream:75 - [STDERR_REDIRECT] Sep 15, 2025 8:28:30 PM java.util.prefs.FileSystemPreferences syncWorld
2025-09-15 20:28:30,766 [ERROR] LogOutputStream:75 - [STDERR_REDIRECT] WARNING: Couldn't flush system prefs: java.util.prefs.BackingStoreException: Couldn't get file lock.
2025-09-15 20:28:30,766 [ERROR] LogOutputStream:75 - [STDERR_REDIRECT] 
2025-09-15 20:28:57,981 [ERROR] ConfigurationRetriever:142 - IOException on connection: Read timed out
2025-09-15 20:29:00,765 [ERROR] LogOutputStream:75 - [STDERR_REDIRECT] Sep 15, 2025 8:29:00 PM java.util.prefs.FileSystemPreferences checkLockFile0ErrorCode
2025-09-15 20:29:00,766 [ERROR] LogOutputStream:75 - [STDERR_REDIRECT] WARNING: Could not lock System prefs. Unix error code 2.
2025-09-15 20:29:00,766 [ERROR] LogOutputStream:75 - [STDERR_REDIRECT] 
2025-09-15 20:29:00,767 [ERROR] LogOutputStream:75 - [STDERR_REDIRECT] Sep 15, 2025 8:29:00 PM java.util.prefs.FileSystemPreferences syncWorld
2025-09-15 20:29:00,767 [ERROR] LogOutputStream:75 - [STDERR_REDIRECT] WARNING: Couldn't flush system prefs: java.util.prefs.BackingStoreException: Couldn't get file lock.
2025-09-15 20:29:00,767 [ERROR] LogOutputStream:75 - [STDERR_REDIRECT] 
2025-09-15 20:29:30,768 [ERROR] LogOutputStream:75 - [STDERR_REDIRECT] Sep 15, 2025 8:29:30 PM java.util.prefs.FileSystemPreferences checkLockFile0ErrorCode
2025-09-15 20:29:30,769 [ERROR] LogOutputStream:75 - [STDERR_REDIRECT] WARNING: Could not lock System prefs. Unix error code 2.
2025-09-15 20:29:30,769 [ERROR] LogOutputStream:75 - [STDERR_REDIRECT] 
2025-09-15 20:29:30,770 [ERROR] LogOutputStream:75 - [STDERR_REDIRECT] Sep 15, 2025 8:29:30 PM java.util.prefs.FileSystemPreferences syncWorld
2025-09-15 20:29:30,770 [ERROR] LogOutputStream:75 - [STDERR_REDIRECT] WARNING: Couldn't flush system prefs: java.util.prefs.BackingStoreException: Couldn't get file lock.
2025-09-15 20:29:30,771 [ERROR] LogOutputStream:75 - [STDERR_REDIRECT] 
2025-09-15 20:30:00,766 [ERROR] LogOutputStream:75 - [STDERR_REDIRECT] Sep 15, 2025 8:30:00 PM java.util.prefs.FileSystemPreferences checkLockFile0ErrorCode
2025-09-15 20:30:00,766 [ERROR] LogOutputStream:75 - [STDERR_REDIRECT] WARNING: Could not lock System prefs. Unix error code 2.
2025-09-15 20:30:00,767 [ERROR] LogOutputStream:75 - [STDERR_REDIRECT] 
2025-09-15 20:30:00,768 [ERROR] LogOutputStream:75 - [STDERR_REDIRECT] Sep 15, 2025 8:30:00 PM java.util.prefs.FileSystemPreferences syncWorld
2025-09-15 20:30:00,768 [ERROR] LogOutputStream:75 - [STDERR_REDIRECT] WARNING: Couldn't flush system prefs: java.util.prefs.BackingStoreException: Couldn't get file lock.
2025-09-15 20:30:00,768 [ERROR] LogOutputStream:75 - [STDERR_REDIRECT] 
2025-09-15 20:30:30,765 [ERROR] LogOutputStream:75 - [STDERR_REDIRECT] Sep 15, 2025 8:30:30 PM java.util.prefs.FileSystemPreferences checkLockFile0ErrorCode
2025-09-15 20:30:30,766 [ERROR] LogOutputStream:75 - [STDERR_REDIRECT] WARNING: Could not lock System prefs. Unix error code 2.
2025-09-15 20:30:30,766 [ERROR] LogOutputStream:75 - [STDERR_REDIRECT] 
2025-09-15 20:30:30,767 [ERROR] LogOutputStream:75 - [STDERR_REDIRECT] Sep 15, 2025 8:30:30 PM java.util.prefs.FileSystemPreferences syncWorld
2025-09-15 20:30:30,767 [ERROR] LogOutputStream:75 - [STDERR_REDIRECT] WARNING: Couldn't flush system prefs: java.util.prefs.BackingStoreException: Couldn't get file lock.
2025-09-15 20:30:30,767 [ERROR] LogOutputStream:75 - [STDERR_REDIRECT] 
2025-09-15 20:31:00,767 [ERROR] LogOutputStream:75 - [STDERR_REDIRECT] Sep 15, 2025 8:31:00 PM java.util.prefs.FileSystemPreferences checkLockFile0ErrorCode
2025-09-15 20:31:00,767 [ERROR] LogOutputStream:75 - [STDERR_REDIRECT] WARNING: Could not lock System prefs. Unix error code 2.
2025-09-15 20:31:00,768 [ERROR] LogOutputStream:75 - [STDERR_REDIRECT] 
2025-09-15 20:31:00,768 [ERROR] LogOutputStream:75 - [STDERR_REDIRECT] Sep 15, 2025 8:31:00 PM java.util.prefs.FileSystemPreferences syncWorld
2025-09-15 20:31:00,769 [ERROR] LogOutputStream:75 - [STDERR_REDIRECT] WARNING: Couldn't flush system prefs: java.util.prefs.BackingStoreException: Couldn't get file lock.
2025-09-15 20:31:00,769 [ERROR] LogOutputStream:75 - [STDERR_REDIRECT] 
2025-09-15 20:31:30,767 [ERROR] LogOutputStream:75 - [STDERR_REDIRECT] Sep 15, 2025 8:31:30 PM java.util.prefs.FileSystemPreferences checkLockFile0ErrorCode
2025-09-15 20:31:30,768 [ERROR] LogOutputStream:75 - [STDERR_REDIRECT] WARNING: Could not lock System prefs. Unix error code 2.
2025-09-15 20:31:30,768 [ERROR] LogOutputStream:75 - [STDERR_REDIRECT] 
2025-09-15 20:31:30,769 [ERROR] LogOutputStream:75 - [STDERR_REDIRECT] Sep 15, 2025 8:31:30 PM java.util.prefs.FileSystemPreferences syncWorld
2025-09-15 20:31:30,769 [ERROR] LogOutputStream:75 - [STDERR_REDIRECT] WARNING: Couldn't flush system prefs: java.util.prefs.BackingStoreException: Couldn't get file lock.
2025-09-15 20:31:30,769 [ERROR] LogOutputStream:75 - [STDERR_REDIRECT] 
2025-09-15 20:32:00,767 [ERROR] LogOutputStream:75 - [STDERR_REDIRECT] Sep 15, 2025 8:32:00 PM java.util.prefs.FileSystemPreferences checkLockFile0ErrorCode
2025-09-15 20:32:00,768 [ERROR] LogOutputStream:75 - [STDERR_REDIRECT] WARNING: Could not lock System prefs. Unix error code 2.
2025-09-15 20:32:00,768 [ERROR] LogOutputStream:75 - [STDERR_REDIRECT] 
2025-09-15 20:32:00,769 [ERROR] LogOutputStream:75 - [STDERR_REDIRECT] Sep 15, 2025 8:32:00 PM java.util.prefs.FileSystemPreferences syncWorld
2025-09-15 20:32:00,770 [ERROR] LogOutputStream:75 - [STDERR_REDIRECT] WARNING: Couldn't flush system prefs: java.util.prefs.BackingStoreException: Couldn't get file lock.
2025-09-15 20:32:00,770 [ERROR] LogOutputStream:75 - [STDERR_REDIRECT] 
2025-09-15 20:32:30,768 [ERROR] LogOutputStream:75 - [STDERR_REDIRECT] Sep 15, 2025 8:32:30 PM java.util.prefs.FileSystemPreferences checkLockFile0ErrorCode
2025-09-15 20:32:30,769 [ERROR] LogOutputStream:75 - [STDERR_REDIRECT] WARNING: Could not lock System prefs. Unix error code 2.
2025-09-15 20:32:30,769 [ERROR] LogOutputStream:75 - [STDERR_REDIRECT] 
2025-09-15 20:32:30,770 [ERROR] LogOutputStream:75 - [STDERR_REDIRECT] Sep 15, 2025 8:32:30 PM java.util.prefs.FileSystemPreferences syncWorld
2025-09-15 20:32:30,770 [ERROR] LogOutputStream:75 - [STDERR_REDIRECT] WARNING: Couldn't flush system prefs: java.util.prefs.BackingStoreException: Couldn't get file lock.
2025-09-15 20:32:30,771 [ERROR] LogOutputStream:75 - [STDERR_REDIRECT] 
2025-09-15 20:33:00,769 [ERROR] LogOutputStream:75 - [STDERR_REDIRECT] Sep 15, 2025 8:33:00 PM java.util.prefs.FileSystemPreferences checkLockFile0ErrorCode
2025-09-15 20:33:00,770 [ERROR] LogOutputStream:75 - [STDERR_REDIRECT] WARNING: Could not lock System prefs. Unix error code 2.
2025-09-15 20:33:00,770 [ERROR] LogOutputStream:75 - [STDERR_REDIRECT] 
2025-09-15 20:33:00,771 [ERROR] LogOutputStream:75 - [STDERR_REDIRECT] Sep 15, 2025 8:33:00 PM java.util.prefs.FileSystemPreferences syncWorld
2025-09-15 20:33:00,771 [ERROR] LogOutputStream:75 - [STDERR_REDIRECT] WARNING: Couldn't flush system prefs: java.util.prefs.BackingStoreException: Couldn't get file lock.
2025-09-15 20:33:00,771 [ERROR] LogOutputStream:75 - [STDERR_REDIRECT] 
2025-09-15 20:33:30,769 [ERROR] LogOutputStream:75 - [STDERR_REDIRECT] Sep 15, 2025 8:33:30 PM java.util.prefs.FileSystemPreferences checkLockFile0ErrorCode
2025-09-15 20:33:30,769 [ERROR] LogOutputStream:75 - [STDERR_REDIRECT] WARNING: Could not lock System prefs. Unix error code 2.
2025-09-15 20:33:30,770 [ERROR] LogOutputStream:75 - [STDERR_REDIRECT] 
2025-09-15 20:33:30,770 [ERROR] LogOutputStream:75 - [STDERR_REDIRECT] Sep 15, 2025 8:33:30 PM java.util.prefs.FileSystemPreferences syncWorld
2025-09-15 20:33:30,770 [ERROR] LogOutputStream:75 - [STDERR_REDIRECT] WARNING: Couldn't flush system prefs: java.util.prefs.BackingStoreException: Couldn't get file lock.
2025-09-15 20:33:30,771 [ERROR] LogOutputStream:75 - [STDERR_REDIRECT] 
2025-09-15 20:34:00,768 [ERROR] LogOutputStream:75 - [STDERR_REDIRECT] Sep 15, 2025 8:34:00 PM java.util.prefs.FileSystemPreferences checkLockFile0ErrorCode
2025-09-15 20:34:00,768 [ERROR] LogOutputStream:75 - [STDERR_REDIRECT] WARNING: Could not lock System prefs. Unix error code 2.
2025-09-15 20:34:00,769 [ERROR] LogOutputStream:75 - [STDERR_REDIRECT] 
2025-09-15 20:34:00,769 [ERROR] LogOutputStream:75 - [STDERR_REDIRECT] Sep 15, 2025 8:34:00 PM java.util.prefs.FileSystemPreferences syncWorld
2025-09-15 20:34:00,770 [ERROR] LogOutputStream:75 - [STDERR_REDIRECT] WARNING: Couldn't flush system prefs: java.util.prefs.BackingStoreException: Couldn't get file lock.
2025-09-15 20:34:00,770 [ERROR] LogOutputStream:75 - [STDERR_REDIRECT] 
2025-09-15 20:34:30,769 [ERROR] LogOutputStream:75 - [STDERR_REDIRECT] Sep 15, 2025 8:34:30 PM java.util.prefs.FileSystemPreferences checkLockFile0ErrorCode
2025-09-15 20:34:30,769 [ERROR] LogOutputStream:75 - [STDERR_REDIRECT] WARNING: Could not lock System prefs. Unix error code 2.
2025-09-15 20:34:30,770 [ERROR] LogOutputStream:75 - [STDERR_REDIRECT] 
2025-09-15 20:34:30,770 [ERROR] LogOutputStream:75 - [STDERR_REDIRECT] Sep 15, 2025 8:34:30 PM java.util.prefs.FileSystemPreferences syncWorld
2025-09-15 20:34:30,771 [ERROR] LogOutputStream:75 - [STDERR_REDIRECT] WARNING: Couldn't flush system prefs: java.util.prefs.BackingStoreException: Couldn't get file lock.
2025-09-15 20:34:30,771 [ERROR] LogOutputStream:75 - [STDERR_REDIRECT] 
2025-09-15 20:35:00,769 [ERROR] LogOutputStream:75 - [STDERR_REDIRECT] Sep 15, 2025 8:35:00 PM java.util.prefs.FileSystemPreferences checkLockFile0ErrorCode
2025-09-15 20:35:00,769 [ERROR] LogOutputStream:75 - [STDERR_REDIRECT] WARNING: Could not lock System prefs. Unix error code 2.
2025-09-15 20:35:00,769 [ERROR] LogOutputStream:75 - [STDERR_REDIRECT] 
2025-09-15 20:35:00,770 [ERROR] LogOutputStream:75 - [STDERR_REDIRECT] Sep 15, 2025 8:35:00 PM java.util.prefs.FileSystemPreferences syncWorld
2025-09-15 20:35:00,770 [ERROR] LogOutputStream:75 - [STDERR_REDIRECT] WARNING: Couldn't flush system prefs: java.util.prefs.BackingStoreException: Couldn't get file lock.
2025-09-15 20:35:00,771 [ERROR] LogOutputStream:75 - [STDERR_REDIRECT] 
2025-09-15 20:35:30,769 [ERROR] LogOutputStream:75 - [STDERR_REDIRECT] Sep 15, 2025 8:35:30 PM java.util.prefs.FileSystemPreferences checkLockFile0ErrorCode
2025-09-15 20:35:30,769 [ERROR] LogOutputStream:75 - [STDERR_REDIRECT] WARNING: Could not lock System prefs. Unix error code 2.
2025-09-15 20:35:30,769 [ERROR] LogOutputStream:75 - [STDERR_REDIRECT] 
2025-09-15 20:35:30,770 [ERROR] LogOutputStream:75 - [STDERR_REDIRECT] Sep 15, 2025 8:35:30 PM java.util.prefs.FileSystemPreferences syncWorld
2025-09-15 20:35:30,770 [ERROR] LogOutputStream:75 - [STDERR_REDIRECT] WARNING: Couldn't flush system prefs: java.util.prefs.BackingStoreException: Couldn't get file lock.
2025-09-15 20:35:30,770 [ERROR] LogOutputStream:75 - [STDERR_REDIRECT] 
2025-09-15 20:36:00,769 [ERROR] LogOutputStream:75 - [STDERR_REDIRECT] Sep 15, 2025 8:36:00 PM java.util.prefs.FileSystemPreferences checkLockFile0ErrorCode
2025-09-15 20:36:00,769 [ERROR] LogOutputStream:75 - [STDERR_REDIRECT] WARNING: Could not lock System prefs. Unix error code 2.
2025-09-15 20:36:00,769 [ERROR] LogOutputStream:75 - [STDERR_REDIRECT] 
2025-09-15 20:36:00,770 [ERROR] LogOutputStream:75 - [STDERR_REDIRECT] Sep 15, 2025 8:36:00 PM java.util.prefs.FileSystemPreferences syncWorld
2025-09-15 20:36:00,770 [ERROR] LogOutputStream:75 - [STDERR_REDIRECT] WARNING: Couldn't flush system prefs: java.util.prefs.BackingStoreException: Couldn't get file lock.
2025-09-15 20:36:00,771 [ERROR] LogOutputStream:75 - [STDERR_REDIRECT] 
2025-09-15 20:36:30,768 [ERROR] LogOutputStream:75 - [STDERR_REDIRECT] Sep 15, 2025 8:36:30 PM java.util.prefs.FileSystemPreferences checkLockFile0ErrorCode
2025-09-15 20:36:30,769 [ERROR] LogOutputStream:75 - [STDERR_REDIRECT] WARNING: Could not lock System prefs. Unix error code 2.
2025-09-15 20:36:30,769 [ERROR] LogOutputStream:75 - [STDERR_REDIRECT] 
2025-09-15 20:36:30,770 [ERROR] LogOutputStream:75 - [STDERR_REDIRECT] Sep 15, 2025 8:36:30 PM java.util.prefs.FileSystemPreferences syncWorld
2025-09-15 20:36:30,770 [ERROR] LogOutputStream:75 - [STDERR_REDIRECT] WARNING: Couldn't flush system prefs: java.util.prefs.BackingStoreException: Couldn't get file lock.
2025-09-15 20:36:30,770 [ERROR] LogOutputStream:75 - [STDERR_REDIRECT] 
2025-09-15 20:37:00,772 [ERROR] LogOutputStream:75 - [STDERR_REDIRECT] Sep 15, 2025 8:37:00 PM java.util.prefs.FileSystemPreferences checkLockFile0ErrorCode
2025-09-15 20:37:00,772 [ERROR] LogOutputStream:75 - [STDERR_REDIRECT] WARNING: Could not lock System prefs. Unix error code 2.
2025-09-15 20:37:00,772 [ERROR] LogOutputStream:75 - [STDERR_REDIRECT] 
2025-09-15 20:37:00,773 [ERROR] LogOutputStream:75 - [STDERR_REDIRECT] Sep 15, 2025 8:37:00 PM java.util.prefs.FileSystemPreferences syncWorld
2025-09-15 20:37:00,773 [ERROR] LogOutputStream:75 - [STDERR_REDIRECT] WARNING: Couldn't flush system prefs: java.util.prefs.BackingStoreException: Couldn't get file lock.
2025-09-15 20:37:00,774 [ERROR] LogOutputStream:75 - [STDERR_REDIRECT] 
2025-09-15 20:37:30,772 [ERROR] LogOutputStream:75 - [STDERR_REDIRECT] Sep 15, 2025 8:37:30 PM java.util.prefs.FileSystemPreferences checkLockFile0ErrorCode
2025-09-15 20:37:30,773 [ERROR] LogOutputStream:75 - [STDERR_REDIRECT] WARNING: Could not lock System prefs. Unix error code 2.
2025-09-15 20:37:30,773 [ERROR] LogOutputStream:75 - [STDERR_REDIRECT] 
2025-09-15 20:37:30,774 [ERROR] LogOutputStream:75 - [STDERR_REDIRECT] Sep 15, 2025 8:37:30 PM java.util.prefs.FileSystemPreferences syncWorld
2025-09-15 20:37:30,774 [ERROR] LogOutputStream:75 - [STDERR_REDIRECT] WARNING: Couldn't flush system prefs: java.util.prefs.BackingStoreException: Couldn't get file lock.
2025-09-15 20:37:30,774 [ERROR] LogOutputStream:75 - [STDERR_REDIRECT] 
2025-09-15 20:38:00,769 [ERROR] LogOutputStream:75 - [STDERR_REDIRECT] Sep 15, 2025 8:38:00 PM java.util.prefs.FileSystemPreferences checkLockFile0ErrorCode
2025-09-15 20:38:00,769 [ERROR] LogOutputStream:75 - [STDERR_REDIRECT] WARNING: Could not lock System prefs. Unix error code 2.
2025-09-15 20:38:00,769 [ERROR] LogOutputStream:75 - [STDERR_REDIRECT] 
2025-09-15 20:38:00,770 [ERROR] LogOutputStream:75 - [STDERR_REDIRECT] Sep 15, 2025 8:38:00 PM java.util.prefs.FileSystemPreferences syncWorld
2025-09-15 20:38:00,771 [ERROR] LogOutputStream:75 - [STDERR_REDIRECT] WARNING: Couldn't flush system prefs: java.util.prefs.BackingStoreException: Couldn't get file lock.
2025-09-15 20:38:00,771 [ERROR] LogOutputStream:75 - [STDERR_REDIRECT] 
2025-09-15 20:38:30,769 [ERROR] LogOutputStream:75 - [STDERR_REDIRECT] Sep 15, 2025 8:38:30 PM java.util.prefs.FileSystemPreferences checkLockFile0ErrorCode
2025-09-15 20:38:30,769 [ERROR] LogOutputStream:75 - [STDERR_REDIRECT] WARNING: Could not lock System prefs. Unix error code 2.
2025-09-15 20:38:30,769 [ERROR] LogOutputStream:75 - [STDERR_REDIRECT] 
2025-09-15 20:38:30,770 [ERROR] LogOutputStream:75 - [STDERR_REDIRECT] Sep 15, 2025 8:38:30 PM java.util.prefs.FileSystemPreferences syncWorld
2025-09-15 20:38:30,770 [ERROR] LogOutputStream:75 - [STDERR_REDIRECT] WARNING: Couldn't flush system prefs: java.util.prefs.BackingStoreException: Couldn't get file lock.
2025-09-15 20:38:30,771 [ERROR] LogOutputStream:75 - [STDERR_REDIRECT] 
2025-09-15 20:39:00,769 [ERROR] LogOutputStream:75 - [STDERR_REDIRECT] Sep 15, 2025 8:39:00 PM java.util.prefs.FileSystemPreferences checkLockFile0ErrorCode
2025-09-15 20:39:00,769 [ERROR] LogOutputStream:75 - [STDERR_REDIRECT] WARNING: Could not lock System prefs. Unix error code 2.
2025-09-15 20:39:00,769 [ERROR] LogOutputStream:75 - [STDERR_REDIRECT] 
2025-09-15 20:39:00,770 [ERROR] LogOutputStream:75 - [STDERR_REDIRECT] Sep 15, 2025 8:39:00 PM java.util.prefs.FileSystemPreferences syncWorld
2025-09-15 20:39:00,770 [ERROR] LogOutputStream:75 - [STDERR_REDIRECT] WARNING: Couldn't flush system prefs: java.util.prefs.BackingStoreException: Couldn't get file lock.
2025-09-15 20:39:00,770 [ERROR] LogOutputStream:75 - [STDERR_REDIRECT] 
2025-09-15 20:39:30,769 [ERROR] LogOutputStream:75 - [STDERR_REDIRECT] Sep 15, 2025 8:39:30 PM java.util.prefs.FileSystemPreferences checkLockFile0ErrorCode
2025-09-15 20:39:30,770 [ERROR] LogOutputStream:75 - [STDERR_REDIRECT] WARNING: Could not lock System prefs. Unix error code 2.
2025-09-15 20:39:30,770 [ERROR] LogOutputStream:75 - [STDERR_REDIRECT] 
2025-09-15 20:39:30,771 [ERROR] LogOutputStream:75 - [STDERR_REDIRECT] Sep 15, 2025 8:39:30 PM java.util.prefs.FileSystemPreferences syncWorld
2025-09-15 20:39:30,771 [ERROR] LogOutputStream:75 - [STDERR_REDIRECT] WARNING: Couldn't flush system prefs: java.util.prefs.BackingStoreException: Couldn't get file lock.
2025-09-15 20:39:30,771 [ERROR] LogOutputStream:75 - [STDERR_REDIRECT] 
2025-09-15 20:40:00,768 [ERROR] LogOutputStream:75 - [STDERR_REDIRECT] Sep 15, 2025 8:40:00 PM java.util.prefs.FileSystemPreferences checkLockFile0ErrorCode
2025-09-15 20:40:00,769 [ERROR] LogOutputStream:75 - [STDERR_REDIRECT] WARNING: Could not lock System prefs. Unix error code 2.
2025-09-15 20:40:00,769 [ERROR] LogOutputStream:75 - [STDERR_REDIRECT] 
2025-09-15 20:40:00,770 [ERROR] LogOutputStream:75 - [STDERR_REDIRECT] Sep 15, 2025 8:40:00 PM java.util.prefs.FileSystemPreferences syncWorld
2025-09-15 20:40:00,770 [ERROR] LogOutputStream:75 - [STDERR_REDIRECT] WARNING: Couldn't flush system prefs: java.util.prefs.BackingStoreException: Couldn't get file lock.
2025-09-15 20:40:00,770 [ERROR] LogOutputStream:75 - [STDERR_REDIRECT] 
2025-09-15 20:40:30,769 [ERROR] LogOutputStream:75 - [STDERR_REDIRECT] Sep 15, 2025 8:40:30 PM java.util.prefs.FileSystemPreferences checkLockFile0ErrorCode
2025-09-15 20:40:30,769 [ERROR] LogOutputStream:75 - [STDERR_REDIRECT] WARNING: Could not lock System prefs. Unix error code 2.
2025-09-15 20:40:30,769 [ERROR] LogOutputStream:75 - [STDERR_REDIRECT] 
2025-09-15 20:40:30,770 [ERROR] LogOutputStream:75 - [STDERR_REDIRECT] Sep 15, 2025 8:40:30 PM java.util.prefs.FileSystemPreferences syncWorld
2025-09-15 20:40:30,770 [ERROR] LogOutputStream:75 - [STDERR_REDIRECT] WARNING: Couldn't flush system prefs: java.util.prefs.BackingStoreException: Couldn't get file lock.
2025-09-15 20:40:30,770 [ERROR] LogOutputStream:75 - [STDERR_REDIRECT] 
2025-09-15 20:41:00,770 [ERROR] LogOutputStream:75 - [STDERR_REDIRECT] Sep 15, 2025 8:41:00 PM java.util.prefs.FileSystemPreferences checkLockFile0ErrorCode
2025-09-15 20:41:00,770 [ERROR] LogOutputStream:75 - [STDERR_REDIRECT] WARNING: Could not lock System prefs. Unix error code 2.
2025-09-15 20:41:00,770 [ERROR] LogOutputStream:75 - [STDERR_REDIRECT] 
2025-09-15 20:41:00,771 [ERROR] LogOutputStream:75 - [STDERR_REDIRECT] Sep 15, 2025 8:41:00 PM java.util.prefs.FileSystemPreferences syncWorld
2025-09-15 20:41:00,771 [ERROR] LogOutputStream:75 - [STDERR_REDIRECT] WARNING: Couldn't flush system prefs: java.util.prefs.BackingStoreException: Couldn't get file lock.
2025-09-15 20:41:00,771 [ERROR] LogOutputStream:75 - [STDERR_REDIRECT] 
2025-09-15 20:41:30,770 [ERROR] LogOutputStream:75 - [STDERR_REDIRECT] Sep 15, 2025 8:41:30 PM java.util.prefs.FileSystemPreferences checkLockFile0ErrorCode
2025-09-15 20:41:30,770 [ERROR] LogOutputStream:75 - [STDERR_REDIRECT] WARNING: Could not lock System prefs. Unix error code 2.
2025-09-15 20:41:30,771 [ERROR] LogOutputStream:75 - [STDERR_REDIRECT] 
2025-09-15 20:41:30,771 [ERROR] LogOutputStream:75 - [STDERR_REDIRECT] Sep 15, 2025 8:41:30 PM java.util.prefs.FileSystemPreferences syncWorld
2025-09-15 20:41:30,771 [ERROR] LogOutputStream:75 - [STDERR_REDIRECT] WARNING: Couldn't flush system prefs: java.util.prefs.BackingStoreException: Couldn't get file lock.
2025-09-15 20:41:30,772 [ERROR] LogOutputStream:75 - [STDERR_REDIRECT] 
2025-09-15 20:42:00,769 [ERROR] LogOutputStream:75 - [STDERR_REDIRECT] Sep 15, 2025 8:42:00 PM java.util.prefs.FileSystemPreferences checkLockFile0ErrorCode
2025-09-15 20:42:00,770 [ERROR] LogOutputStream:75 - [STDERR_REDIRECT] WARNING: Could not lock System prefs. Unix error code 2.
2025-09-15 20:42:00,770 [ERROR] LogOutputStream:75 - [STDERR_REDIRECT] 
2025-09-15 20:42:00,771 [ERROR] LogOutputStream:75 - [STDERR_REDIRECT] Sep 15, 2025 8:42:00 PM java.util.prefs.FileSystemPreferences syncWorld
2025-09-15 20:42:00,771 [ERROR] LogOutputStream:75 - [STDERR_REDIRECT] WARNING: Couldn't flush system prefs: java.util.prefs.BackingStoreException: Couldn't get file lock.
2025-09-15 20:42:00,771 [ERROR] LogOutputStream:75 - [STDERR_REDIRECT] 
2025-09-15 20:42:30,770 [ERROR] LogOutputStream:75 - [STDERR_REDIRECT] Sep 15, 2025 8:42:30 PM java.util.prefs.FileSystemPreferences checkLockFile0ErrorCode
2025-09-15 20:42:30,771 [ERROR] LogOutputStream:75 - [STDERR_REDIRECT] WARNING: Could not lock System prefs. Unix error code 2.
2025-09-15 20:42:30,771 [ERROR] LogOutputStream:75 - [STDERR_REDIRECT] 
2025-09-15 20:42:30,772 [ERROR] LogOutputStream:75 - [STDERR_REDIRECT] Sep 15, 2025 8:42:30 PM java.util.prefs.FileSystemPreferences syncWorld
2025-09-15 20:42:30,772 [ERROR] LogOutputStream:75 - [STDERR_REDIRECT] WARNING: Couldn't flush system prefs: java.util.prefs.BackingStoreException: Couldn't get file lock.
2025-09-15 20:42:30,772 [ERROR] LogOutputStream:75 - [STDERR_REDIRECT] 
2025-09-15 20:43:00,771 [ERROR] LogOutputStream:75 - [STDERR_REDIRECT] Sep 15, 2025 8:43:00 PM java.util.prefs.FileSystemPreferences checkLockFile0ErrorCode
2025-09-15 20:43:00,772 [ERROR] LogOutputStream:75 - [STDERR_REDIRECT] WARNING: Could not lock System prefs. Unix error code 2.
2025-09-15 20:43:00,772 [ERROR] LogOutputStream:75 - [STDERR_REDIRECT] 
2025-09-15 20:43:00,773 [ERROR] LogOutputStream:75 - [STDERR_REDIRECT] Sep 15, 2025 8:43:00 PM java.util.prefs.FileSystemPreferences syncWorld
2025-09-15 20:43:00,773 [ERROR] LogOutputStream:75 - [STDERR_REDIRECT] WARNING: Couldn't flush system prefs: java.util.prefs.BackingStoreException: Couldn't get file lock.
2025-09-15 20:43:00,774 [ERROR] LogOutputStream:75 - [STDERR_REDIRECT] 
2025-09-15 20:43:30,770 [ERROR] LogOutputStream:75 - [STDERR_REDIRECT] Sep 15, 2025 8:43:30 PM java.util.prefs.FileSystemPreferences checkLockFile0ErrorCode
2025-09-15 20:43:30,771 [ERROR] LogOutputStream:75 - [STDERR_REDIRECT] WARNING: Could not lock System prefs. Unix error code 2.
2025-09-15 20:43:30,771 [ERROR] LogOutputStream:75 - [STDERR_REDIRECT] 
2025-09-15 20:43:30,772 [ERROR] LogOutputStream:75 - [STDERR_REDIRECT] Sep 15, 2025 8:43:30 PM java.util.prefs.FileSystemPreferences syncWorld
2025-09-15 20:43:30,772 [ERROR] LogOutputStream:75 - [STDERR_REDIRECT] WARNING: Couldn't flush system prefs: java.util.prefs.BackingStoreException: Couldn't get file lock.
2025-09-15 20:43:30,773 [ERROR] LogOutputStream:75 - [STDERR_REDIRECT] 
2025-09-15 20:44:00,771 [ERROR] LogOutputStream:75 - [STDERR_REDIRECT] Sep 15, 2025 8:44:00 PM java.util.prefs.FileSystemPreferences checkLockFile0ErrorCode
2025-09-15 20:44:00,771 [ERROR] LogOutputStream:75 - [STDERR_REDIRECT] WARNING: Could not lock System prefs. Unix error code 2.
2025-09-15 20:44:00,771 [ERROR] LogOutputStream:75 - [STDERR_REDIRECT] 
2025-09-15 20:44:00,772 [ERROR] LogOutputStream:75 - [STDERR_REDIRECT] Sep 15, 2025 8:44:00 PM java.util.prefs.FileSystemPreferences syncWorld
2025-09-15 20:44:00,772 [ERROR] LogOutputStream:75 - [STDERR_REDIRECT] WARNING: Couldn't flush system prefs: java.util.prefs.BackingStoreException: Couldn't get file lock.
2025-09-15 20:44:00,773 [ERROR] LogOutputStream:75 - [STDERR_REDIRECT] 
2025-09-15 20:44:30,770 [ERROR] LogOutputStream:75 - [STDERR_REDIRECT] Sep 15, 2025 8:44:30 PM java.util.prefs.FileSystemPreferences checkLockFile0ErrorCode
2025-09-15 20:44:30,770 [ERROR] LogOutputStream:75 - [STDERR_REDIRECT] WARNING: Could not lock System prefs. Unix error code 2.
2025-09-15 20:44:30,771 [ERROR] LogOutputStream:75 - [STDERR_REDIRECT] 
2025-09-15 20:44:30,771 [ERROR] LogOutputStream:75 - [STDERR_REDIRECT] Sep 15, 2025 8:44:30 PM java.util.prefs.FileSystemPreferences syncWorld
2025-09-15 20:44:30,771 [ERROR] LogOutputStream:75 - [STDERR_REDIRECT] WARNING: Couldn't flush system prefs: java.util.prefs.BackingStoreException: Couldn't get file lock.
2025-09-15 20:44:30,771 [ERROR] LogOutputStream:75 - [STDERR_REDIRECT] 
2025-09-15 20:45:00,770 [ERROR] LogOutputStream:75 - [STDERR_REDIRECT] Sep 15, 2025 8:45:00 PM java.util.prefs.FileSystemPreferences checkLockFile0ErrorCode
2025-09-15 20:45:00,771 [ERROR] LogOutputStream:75 - [STDERR_REDIRECT] WARNING: Could not lock System prefs. Unix error code 2.
2025-09-15 20:45:00,771 [ERROR] LogOutputStream:75 - [STDERR_REDIRECT] 
2025-09-15 20:45:00,772 [ERROR] LogOutputStream:75 - [STDERR_REDIRECT] Sep 15, 2025 8:45:00 PM java.util.prefs.FileSystemPreferences syncWorld
2025-09-15 20:45:00,772 [ERROR] LogOutputStream:75 - [STDERR_REDIRECT] WARNING: Couldn't flush system prefs: java.util.prefs.BackingStoreException: Couldn't get file lock.
2025-09-15 20:45:00,772 [ERROR] LogOutputStream:75 - [STDERR_REDIRECT] 
2025-09-15 20:45:30,771 [ERROR] LogOutputStream:75 - [STDERR_REDIRECT] Sep 15, 2025 8:45:30 PM java.util.prefs.FileSystemPreferences checkLockFile0ErrorCode
2025-09-15 20:45:30,772 [ERROR] LogOutputStream:75 - [STDERR_REDIRECT] WARNING: Could not lock System prefs. Unix error code 2.
2025-09-15 20:45:30,772 [ERROR] LogOutputStream:75 - [STDERR_REDIRECT] 
2025-09-15 20:45:30,773 [ERROR] LogOutputStream:75 - [STDERR_REDIRECT] Sep 15, 2025 8:45:30 PM java.util.prefs.FileSystemPreferences syncWorld
2025-09-15 20:45:30,773 [ERROR] LogOutputStream:75 - [STDERR_REDIRECT] WARNING: Couldn't flush system prefs: java.util.prefs.BackingStoreException: Couldn't get file lock.
2025-09-15 20:45:30,773 [ERROR] LogOutputStream:75 - [STDERR_REDIRECT] 
2025-09-15 20:46:00,771 [ERROR] LogOutputStream:75 - [STDERR_REDIRECT] Sep 15, 2025 8:46:00 PM java.util.prefs.FileSystemPreferences checkLockFile0ErrorCode
2025-09-15 20:46:00,771 [ERROR] LogOutputStream:75 - [STDERR_REDIRECT] WARNING: Could not lock System prefs. Unix error code 2.
2025-09-15 20:46:00,772 [ERROR] LogOutputStream:75 - [STDERR_REDIRECT] 
2025-09-15 20:46:00,772 [ERROR] LogOutputStream:75 - [STDERR_REDIRECT] Sep 15, 2025 8:46:00 PM java.util.prefs.FileSystemPreferences syncWorld
2025-09-15 20:46:00,773 [ERROR] LogOutputStream:75 - [STDERR_REDIRECT] WARNING: Couldn't flush system prefs: java.util.prefs.BackingStoreException: Couldn't get file lock.
2025-09-15 20:46:00,773 [ERROR] LogOutputStream:75 - [STDERR_REDIRECT] 
2025-09-15 20:46:30,774 [ERROR] LogOutputStream:75 - [STDERR_REDIRECT] Sep 15, 2025 8:46:30 PM java.util.prefs.FileSystemPreferences checkLockFile0ErrorCode
2025-09-15 20:46:30,774 [ERROR] LogOutputStream:75 - [STDERR_REDIRECT] WARNING: Could not lock System prefs. Unix error code 2.
2025-09-15 20:46:30,774 [ERROR] LogOutputStream:75 - [STDERR_REDIRECT] 
2025-09-15 20:46:30,775 [ERROR] LogOutputStream:75 - [STDERR_REDIRECT] Sep 15, 2025 8:46:30 PM java.util.prefs.FileSystemPreferences syncWorld
2025-09-15 20:46:30,775 [ERROR] LogOutputStream:75 - [STDERR_REDIRECT] WARNING: Couldn't flush system prefs: java.util.prefs.BackingStoreException: Couldn't get file lock.
2025-09-15 20:46:30,775 [ERROR] LogOutputStream:75 - [STDERR_REDIRECT] 
2025-09-15 20:47:00,771 [ERROR] LogOutputStream:75 - [STDERR_REDIRECT] Sep 15, 2025 8:47:00 PM java.util.prefs.FileSystemPreferences checkLockFile0ErrorCode
2025-09-15 20:47:00,771 [ERROR] LogOutputStream:75 - [STDERR_REDIRECT] WARNING: Could not lock System prefs. Unix error code 2.
2025-09-15 20:47:00,771 [ERROR] LogOutputStream:75 - [STDERR_REDIRECT] 
2025-09-15 20:47:00,772 [ERROR] LogOutputStream:75 - [STDERR_REDIRECT] Sep 15, 2025 8:47:00 PM java.util.prefs.FileSystemPreferences syncWorld
2025-09-15 20:47:00,772 [ERROR] LogOutputStream:75 - [STDERR_REDIRECT] WARNING: Couldn't flush system prefs: java.util.prefs.BackingStoreException: Couldn't get file lock.
2025-09-15 20:47:00,773 [ERROR] LogOutputStream:75 - [STDERR_REDIRECT] 
2025-09-15 20:47:30,770 [ERROR] LogOutputStream:75 - [STDERR_REDIRECT] Sep 15, 2025 8:47:30 PM java.util.prefs.FileSystemPreferences checkLockFile0ErrorCode
2025-09-15 20:47:30,771 [ERROR] LogOutputStream:75 - [STDERR_REDIRECT] WARNING: Could not lock System prefs. Unix error code 2.
2025-09-15 20:47:30,771 [ERROR] LogOutputStream:75 - [STDERR_REDIRECT] 
2025-09-15 20:47:30,772 [ERROR] LogOutputStream:75 - [STDERR_REDIRECT] Sep 15, 2025 8:47:30 PM java.util.prefs.FileSystemPreferences syncWorld
2025-09-15 20:47:30,772 [ERROR] LogOutputStream:75 - [STDERR_REDIRECT] WARNING: Couldn't flush system prefs: java.util.prefs.BackingStoreException: Couldn't get file lock.
2025-09-15 20:47:30,772 [ERROR] LogOutputStream:75 - [STDERR_REDIRECT] 
2025-09-15 20:48:00,770 [ERROR] LogOutputStream:75 - [STDERR_REDIRECT] Sep 15, 2025 8:48:00 PM java.util.prefs.FileSystemPreferences checkLockFile0ErrorCode
2025-09-15 20:48:00,771 [ERROR] LogOutputStream:75 - [STDERR_REDIRECT] WARNING: Could not lock System prefs. Unix error code 2.
2025-09-15 20:48:00,771 [ERROR] LogOutputStream:75 - [STDERR_REDIRECT] 
2025-09-15 20:48:00,771 [ERROR] LogOutputStream:75 - [STDERR_REDIRECT] Sep 15, 2025 8:48:00 PM java.util.prefs.FileSystemPreferences syncWorld
2025-09-15 20:48:00,772 [ERROR] LogOutputStream:75 - [STDERR_REDIRECT] WARNING: Couldn't flush system prefs: java.util.prefs.BackingStoreException: Couldn't get file lock.
2025-09-15 20:48:00,772 [ERROR] LogOutputStream:75 - [STDERR_REDIRECT] 
2025-09-15 20:48:30,771 [ERROR] LogOutputStream:75 - [STDERR_REDIRECT] Sep 15, 2025 8:48:30 PM java.util.prefs.FileSystemPreferences checkLockFile0ErrorCode
2025-09-15 20:48:30,771 [ERROR] LogOutputStream:75 - [STDERR_REDIRECT] WARNING: Could not lock System prefs. Unix error code 2.
2025-09-15 20:48:30,772 [ERROR] LogOutputStream:75 - [STDERR_REDIRECT] 
2025-09-15 20:48:30,772 [ERROR] LogOutputStream:75 - [STDERR_REDIRECT] Sep 15, 2025 8:48:30 PM java.util.prefs.FileSystemPreferences syncWorld
2025-09-15 20:48:30,773 [ERROR] LogOutputStream:75 - [STDERR_REDIRECT] WARNING: Couldn't flush system prefs: java.util.prefs.BackingStoreException: Couldn't get file lock.
2025-09-15 20:48:30,773 [ERROR] LogOutputStream:75 - [STDERR_REDIRECT] 
2025-09-15 20:49:00,771 [ERROR] LogOutputStream:75 - [STDERR_REDIRECT] Sep 15, 2025 8:49:00 PM java.util.prefs.FileSystemPreferences checkLockFile0ErrorCode
2025-09-15 20:49:00,771 [ERROR] LogOutputStream:75 - [STDERR_REDIRECT] WARNING: Could not lock System prefs. Unix error code 2.
2025-09-15 20:49:00,771 [ERROR] LogOutputStream:75 - [STDERR_REDIRECT] 
2025-09-15 20:49:00,772 [ERROR] LogOutputStream:75 - [STDERR_REDIRECT] Sep 15, 2025 8:49:00 PM java.util.prefs.FileSystemPreferences syncWorld
2025-09-15 20:49:00,773 [ERROR] LogOutputStream:75 - [STDERR_REDIRECT] WARNING: Couldn't flush system prefs: java.util.prefs.BackingStoreException: Couldn't get file lock.
2025-09-15 20:49:00,773 [ERROR] LogOutputStream:75 - [STDERR_REDIRECT] 
2025-09-15 20:49:30,771 [ERROR] LogOutputStream:75 - [STDERR_REDIRECT] Sep 15, 2025 8:49:30 PM java.util.prefs.FileSystemPreferences checkLockFile0ErrorCode
2025-09-15 20:49:30,771 [ERROR] LogOutputStream:75 - [STDERR_REDIRECT] WARNING: Could not lock System prefs. Unix error code 2.
2025-09-15 20:49:30,772 [ERROR] LogOutputStream:75 - [STDERR_REDIRECT] 
2025-09-15 20:49:30,772 [ERROR] LogOutputStream:75 - [STDERR_REDIRECT] Sep 15, 2025 8:49:30 PM java.util.prefs.FileSystemPreferences syncWorld
2025-09-15 20:49:30,773 [ERROR] LogOutputStream:75 - [STDERR_REDIRECT] WARNING: Couldn't flush system prefs: java.util.prefs.BackingStoreException: Couldn't get file lock.
2025-09-15 20:49:30,773 [ERROR] LogOutputStream:75 - [STDERR_REDIRECT] 
2025-09-15 20:50:00,770 [ERROR] LogOutputStream:75 - [STDERR_REDIRECT] Sep 15, 2025 8:50:00 PM java.util.prefs.FileSystemPreferences checkLockFile0ErrorCode
2025-09-15 20:50:00,771 [ERROR] LogOutputStream:75 - [STDERR_REDIRECT] WARNING: Could not lock System prefs. Unix error code 2.
2025-09-15 20:50:00,771 [ERROR] LogOutputStream:75 - [STDERR_REDIRECT] 
2025-09-15 20:50:00,772 [ERROR] LogOutputStream:75 - [STDERR_REDIRECT] Sep 15, 2025 8:50:00 PM java.util.prefs.FileSystemPreferences syncWorld
2025-09-15 20:50:00,772 [ERROR] LogOutputStream:75 - [STDERR_REDIRECT] WARNING: Couldn't flush system prefs: java.util.prefs.BackingStoreException: Couldn't get file lock.
2025-09-15 20:50:00,772 [ERROR] LogOutputStream:75 - [STDERR_REDIRECT] 
2025-09-15 20:50:30,770 [ERROR] LogOutputStream:75 - [STDERR_REDIRECT] Sep 15, 2025 8:50:30 PM java.util.prefs.FileSystemPreferences checkLockFile0ErrorCode
2025-09-15 20:50:30,770 [ERROR] LogOutputStream:75 - [STDERR_REDIRECT] WARNING: Could not lock System prefs. Unix error code 2.
2025-09-15 20:50:30,771 [ERROR] LogOutputStream:75 - [STDERR_REDIRECT] 
2025-09-15 20:50:30,771 [ERROR] LogOutputStream:75 - [STDERR_REDIRECT] Sep 15, 2025 8:50:30 PM java.util.prefs.FileSystemPreferences syncWorld
2025-09-15 20:50:30,771 [ERROR] LogOutputStream:75 - [STDERR_REDIRECT] WARNING: Couldn't flush system prefs: java.util.prefs.BackingStoreException: Couldn't get file lock.
2025-09-15 20:50:30,771 [ERROR] LogOutputStream:75 - [STDERR_REDIRECT] 
2025-09-15 20:51:00,770 [ERROR] LogOutputStream:75 - [STDERR_REDIRECT] Sep 15, 2025 8:51:00 PM java.util.prefs.FileSystemPreferences checkLockFile0ErrorCode
2025-09-15 20:51:00,770 [ERROR] LogOutputStream:75 - [STDERR_REDIRECT] WARNING: Could not lock System prefs. Unix error code 2.
2025-09-15 20:51:00,770 [ERROR] LogOutputStream:75 - [STDERR_REDIRECT] 
2025-09-15 20:51:00,770 [ERROR] LogOutputStream:75 - [STDERR_REDIRECT] Sep 15, 2025 8:51:00 PM java.util.prefs.FileSystemPreferences syncWorld
2025-09-15 20:51:00,771 [ERROR] LogOutputStream:75 - [STDERR_REDIRECT] WARNING: Couldn't flush system prefs: java.util.prefs.BackingStoreException: Couldn't get file lock.
2025-09-15 20:51:00,771 [ERROR] LogOutputStream:75 - [STDERR_REDIRECT] 
2025-09-15 20:51:30,771 [ERROR] LogOutputStream:75 - [STDERR_REDIRECT] Sep 15, 2025 8:51:30 PM java.util.prefs.FileSystemPreferences checkLockFile0ErrorCode
2025-09-15 20:51:30,771 [ERROR] LogOutputStream:75 - [STDERR_REDIRECT] WARNING: Could not lock System prefs. Unix error code 2.
2025-09-15 20:51:30,771 [ERROR] LogOutputStream:75 - [STDERR_REDIRECT] 
2025-09-15 20:51:30,772 [ERROR] LogOutputStream:75 - [STDERR_REDIRECT] Sep 15, 2025 8:51:30 PM java.util.prefs.FileSystemPreferences syncWorld
2025-09-15 20:51:30,772 [ERROR] LogOutputStream:75 - [STDERR_REDIRECT] WARNING: Couldn't flush system prefs: java.util.prefs.BackingStoreException: Couldn't get file lock.
2025-09-15 20:51:30,772 [ERROR] LogOutputStream:75 - [STDERR_REDIRECT] 
2025-09-15 20:52:00,771 [ERROR] LogOutputStream:75 - [STDERR_REDIRECT] Sep 15, 2025 8:52:00 PM java.util.prefs.FileSystemPreferences checkLockFile0ErrorCode
2025-09-15 20:52:00,772 [ERROR] LogOutputStream:75 - [STDERR_REDIRECT] WARNING: Could not lock System prefs. Unix error code 2.
2025-09-15 20:52:00,772 [ERROR] LogOutputStream:75 - [STDERR_REDIRECT] 
2025-09-15 20:52:00,773 [ERROR] LogOutputStream:75 - [STDERR_REDIRECT] Sep 15, 2025 8:52:00 PM java.util.prefs.FileSystemPreferences syncWorld
2025-09-15 20:52:00,773 [ERROR] LogOutputStream:75 - [STDERR_REDIRECT] WARNING: Couldn't flush system prefs: java.util.prefs.BackingStoreException: Couldn't get file lock.
2025-09-15 20:52:00,773 [ERROR] LogOutputStream:75 - [STDERR_REDIRECT] 
2025-09-15 20:52:30,771 [ERROR] LogOutputStream:75 - [STDERR_REDIRECT] Sep 15, 2025 8:52:30 PM java.util.prefs.FileSystemPreferences checkLockFile0ErrorCode
2025-09-15 20:52:30,771 [ERROR] LogOutputStream:75 - [STDERR_REDIRECT] WARNING: Could not lock System prefs. Unix error code 2.
2025-09-15 20:52:30,771 [ERROR] LogOutputStream:75 - [STDERR_REDIRECT] 
2025-09-15 20:52:30,771 [ERROR] LogOutputStream:75 - [STDERR_REDIRECT] Sep 15, 2025 8:52:30 PM java.util.prefs.FileSystemPreferences syncWorld
2025-09-15 20:52:30,771 [ERROR] LogOutputStream:75 - [STDERR_REDIRECT] WARNING: Couldn't flush system prefs: java.util.prefs.BackingStoreException: Couldn't get file lock.
2025-09-15 20:52:30,772 [ERROR] LogOutputStream:75 - [STDERR_REDIRECT] 
2025-09-15 20:53:00,771 [ERROR] LogOutputStream:75 - [STDERR_REDIRECT] Sep 15, 2025 8:53:00 PM java.util.prefs.FileSystemPreferences checkLockFile0ErrorCode
2025-09-15 20:53:00,772 [ERROR] LogOutputStream:75 - [STDERR_REDIRECT] WARNING: Could not lock System prefs. Unix error code 2.
2025-09-15 20:53:00,772 [ERROR] LogOutputStream:75 - [STDERR_REDIRECT] 
2025-09-15 20:53:00,772 [ERROR] LogOutputStream:75 - [STDERR_REDIRECT] Sep 15, 2025 8:53:00 PM java.util.prefs.FileSystemPreferences syncWorld
2025-09-15 20:53:00,773 [ERROR] LogOutputStream:75 - [STDERR_REDIRECT] WARNING: Couldn't flush system prefs: java.util.prefs.BackingStoreException: Couldn't get file lock.
2025-09-15 20:53:00,773 [ERROR] LogOutputStream:75 - [STDERR_REDIRECT] 
2025-09-15 20:53:30,772 [ERROR] LogOutputStream:75 - [STDERR_REDIRECT] Sep 15, 2025 8:53:30 PM java.util.prefs.FileSystemPreferences checkLockFile0ErrorCode
2025-09-15 20:53:30,772 [ERROR] LogOutputStream:75 - [STDERR_REDIRECT] WARNING: Could not lock System prefs. Unix error code 2.
2025-09-15 20:53:30,772 [ERROR] LogOutputStream:75 - [STDERR_REDIRECT] 
2025-09-15 20:53:30,773 [ERROR] LogOutputStream:75 - [STDERR_REDIRECT] Sep 15, 2025 8:53:30 PM java.util.prefs.FileSystemPreferences syncWorld
2025-09-15 20:53:30,773 [ERROR] LogOutputStream:75 - [STDERR_REDIRECT] WARNING: Couldn't flush system prefs: java.util.prefs.BackingStoreException: Couldn't get file lock.
2025-09-15 20:53:30,773 [ERROR] LogOutputStream:75 - [STDERR_REDIRECT] 
2025-09-15 20:54:00,773 [ERROR] LogOutputStream:75 - [STDERR_REDIRECT] Sep 15, 2025 8:54:00 PM java.util.prefs.FileSystemPreferences checkLockFile0ErrorCode
2025-09-15 20:54:00,773 [ERROR] LogOutputStream:75 - [STDERR_REDIRECT] WARNING: Could not lock System prefs. Unix error code 2.
2025-09-15 20:54:00,773 [ERROR] LogOutputStream:75 - [STDERR_REDIRECT] 
2025-09-15 20:54:00,774 [ERROR] LogOutputStream:75 - [STDERR_REDIRECT] Sep 15, 2025 8:54:00 PM java.util.prefs.FileSystemPreferences syncWorld
2025-09-15 20:54:00,774 [ERROR] LogOutputStream:75 - [STDERR_REDIRECT] WARNING: Couldn't flush system prefs: java.util.prefs.BackingStoreException: Couldn't get file lock.
2025-09-15 20:54:00,775 [ERROR] LogOutputStream:75 - [STDERR_REDIRECT] 
2025-09-15 20:54:30,771 [ERROR] LogOutputStream:75 - [STDERR_REDIRECT] Sep 15, 2025 8:54:30 PM java.util.prefs.FileSystemPreferences checkLockFile0ErrorCode
2025-09-15 20:54:30,772 [ERROR] LogOutputStream:75 - [STDERR_REDIRECT] WARNING: Could not lock System prefs. Unix error code 2.
2025-09-15 20:54:30,772 [ERROR] LogOutputStream:75 - [STDERR_REDIRECT] 
2025-09-15 20:54:30,773 [ERROR] LogOutputStream:75 - [STDERR_REDIRECT] Sep 15, 2025 8:54:30 PM java.util.prefs.FileSystemPreferences syncWorld
2025-09-15 20:54:30,773 [ERROR] LogOutputStream:75 - [STDERR_REDIRECT] WARNING: Couldn't flush system prefs: java.util.prefs.BackingStoreException: Couldn't get file lock.
2025-09-15 20:54:30,773 [ERROR] LogOutputStream:75 - [STDERR_REDIRECT] 
2025-09-15 20:55:00,772 [ERROR] LogOutputStream:75 - [STDERR_REDIRECT] Sep 15, 2025 8:55:00 PM java.util.prefs.FileSystemPreferences checkLockFile0ErrorCode
2025-09-15 20:55:00,772 [ERROR] LogOutputStream:75 - [STDERR_REDIRECT] WARNING: Could not lock System prefs. Unix error code 2.
2025-09-15 20:55:00,772 [ERROR] LogOutputStream:75 - [STDERR_REDIRECT] 
2025-09-15 20:55:00,773 [ERROR] LogOutputStream:75 - [STDERR_REDIRECT] Sep 15, 2025 8:55:00 PM java.util.prefs.FileSystemPreferences syncWorld
2025-09-15 20:55:00,773 [ERROR] LogOutputStream:75 - [STDERR_REDIRECT] WARNING: Couldn't flush system prefs: java.util.prefs.BackingStoreException: Couldn't get file lock.
2025-09-15 20:55:00,773 [ERROR] LogOutputStream:75 - [STDERR_REDIRECT] 
2025-09-15 20:55:30,771 [ERROR] LogOutputStream:75 - [STDERR_REDIRECT] Sep 15, 2025 8:55:30 PM java.util.prefs.FileSystemPreferences checkLockFile0ErrorCode
2025-09-15 20:55:30,771 [ERROR] LogOutputStream:75 - [STDERR_REDIRECT] WARNING: Could not lock System prefs. Unix error code 2.
2025-09-15 20:55:30,771 [ERROR] LogOutputStream:75 - [STDERR_REDIRECT] 
2025-09-15 20:55:30,772 [ERROR] LogOutputStream:75 - [STDERR_REDIRECT] Sep 15, 2025 8:55:30 PM java.util.prefs.FileSystemPreferences syncWorld
2025-09-15 20:55:30,772 [ERROR] LogOutputStream:75 - [STDERR_REDIRECT] WARNING: Couldn't flush system prefs: java.util.prefs.BackingStoreException: Couldn't get file lock.
2025-09-15 20:55:30,773 [ERROR] LogOutputStream:75 - [STDERR_REDIRECT] 
2025-09-15 20:56:00,771 [ERROR] LogOutputStream:75 - [STDERR_REDIRECT] Sep 15, 2025 8:56:00 PM java.util.prefs.FileSystemPreferences checkLockFile0ErrorCode
2025-09-15 20:56:00,771 [ERROR] LogOutputStream:75 - [STDERR_REDIRECT] WARNING: Could not lock System prefs. Unix error code 2.
2025-09-15 20:56:00,772 [ERROR] LogOutputStream:75 - [STDERR_REDIRECT] 
2025-09-15 20:56:00,772 [ERROR] LogOutputStream:75 - [STDERR_REDIRECT] Sep 15, 2025 8:56:00 PM java.util.prefs.FileSystemPreferences syncWorld
2025-09-15 20:56:00,772 [ERROR] LogOutputStream:75 - [STDERR_REDIRECT] WARNING: Couldn't flush system prefs: java.util.prefs.BackingStoreException: Couldn't get file lock.
2025-09-15 20:56:00,773 [ERROR] LogOutputStream:75 - [STDERR_REDIRECT] 
2025-09-15 20:56:30,771 [ERROR] LogOutputStream:75 - [STDERR_REDIRECT] Sep 15, 2025 8:56:30 PM java.util.prefs.FileSystemPreferences checkLockFile0ErrorCode
2025-09-15 20:56:30,771 [ERROR] LogOutputStream:75 - [STDERR_REDIRECT] WARNING: Could not lock System prefs. Unix error code 2.
2025-09-15 20:56:30,772 [ERROR] LogOutputStream:75 - [STDERR_REDIRECT] 
2025-09-15 20:56:30,772 [ERROR] LogOutputStream:75 - [STDERR_REDIRECT] Sep 15, 2025 8:56:30 PM java.util.prefs.FileSystemPreferences syncWorld
2025-09-15 20:56:30,772 [ERROR] LogOutputStream:75 - [STDERR_REDIRECT] WARNING: Couldn't flush system prefs: java.util.prefs.BackingStoreException: Couldn't get file lock.
2025-09-15 20:56:30,772 [ERROR] LogOutputStream:75 - [STDERR_REDIRECT] 
2025-09-15 20:57:00,772 [ERROR] LogOutputStream:75 - [STDERR_REDIRECT] Sep 15, 2025 8:57:00 PM java.util.prefs.FileSystemPreferences checkLockFile0ErrorCode
2025-09-15 20:57:00,773 [ERROR] LogOutputStream:75 - [STDERR_REDIRECT] WARNING: Could not lock System prefs. Unix error code 2.
2025-09-15 20:57:00,773 [ERROR] LogOutputStream:75 - [STDERR_REDIRECT] 
2025-09-15 20:57:00,773 [ERROR] LogOutputStream:75 - [STDERR_REDIRECT] Sep 15, 2025 8:57:00 PM java.util.prefs.FileSystemPreferences syncWorld
2025-09-15 20:57:00,774 [ERROR] LogOutputStream:75 - [STDERR_REDIRECT] WARNING: Couldn't flush system prefs: java.util.prefs.BackingStoreException: Couldn't get file lock.
2025-09-15 20:57:00,774 [ERROR] LogOutputStream:75 - [STDERR_REDIRECT] 
2025-09-15 20:57:30,772 [ERROR] LogOutputStream:75 - [STDERR_REDIRECT] Sep 15, 2025 8:57:30 PM java.util.prefs.FileSystemPreferences checkLockFile0ErrorCode
2025-09-15 20:57:30,773 [ERROR] LogOutputStream:75 - [STDERR_REDIRECT] WARNING: Could not lock System prefs. Unix error code 2.
2025-09-15 20:57:30,773 [ERROR] LogOutputStream:75 - [STDERR_REDIRECT] 
2025-09-15 20:57:30,773 [ERROR] LogOutputStream:75 - [STDERR_REDIRECT] Sep 15, 2025 8:57:30 PM java.util.prefs.FileSystemPreferences syncWorld
2025-09-15 20:57:30,774 [ERROR] LogOutputStream:75 - [STDERR_REDIRECT] WARNING: Couldn't flush system prefs: java.util.prefs.BackingStoreException: Couldn't get file lock.
2025-09-15 20:57:30,774 [ERROR] LogOutputStream:75 - [STDERR_REDIRECT] 
2025-09-15 20:58:00,772 [ERROR] LogOutputStream:75 - [STDERR_REDIRECT] Sep 15, 2025 8:58:00 PM java.util.prefs.FileSystemPreferences checkLockFile0ErrorCode
2025-09-15 20:58:00,772 [ERROR] LogOutputStream:75 - [STDERR_REDIRECT] WARNING: Could not lock System prefs. Unix error code 2.
2025-09-15 20:58:00,773 [ERROR] LogOutputStream:75 - [STDERR_REDIRECT] 
2025-09-15 20:58:00,773 [ERROR] LogOutputStream:75 - [STDERR_REDIRECT] Sep 15, 2025 8:58:00 PM java.util.prefs.FileSystemPreferences syncWorld
2025-09-15 20:58:00,774 [ERROR] LogOutputStream:75 - [STDERR_REDIRECT] WARNING: Couldn't flush system prefs: java.util.prefs.BackingStoreException: Couldn't get file lock.
2025-09-15 20:58:00,774 [ERROR] LogOutputStream:75 - [STDERR_REDIRECT] 
2025-09-15 20:58:30,773 [ERROR] LogOutputStream:75 - [STDERR_REDIRECT] Sep 15, 2025 8:58:30 PM java.util.prefs.FileSystemPreferences checkLockFile0ErrorCode
2025-09-15 20:58:30,773 [ERROR] LogOutputStream:75 - [STDERR_REDIRECT] WARNING: Could not lock System prefs. Unix error code 2.
2025-09-15 20:58:30,773 [ERROR] LogOutputStream:75 - [STDERR_REDIRECT] 
2025-09-15 20:58:30,774 [ERROR] LogOutputStream:75 - [STDERR_REDIRECT] Sep 15, 2025 8:58:30 PM java.util.prefs.FileSystemPreferences syncWorld
2025-09-15 20:58:30,774 [ERROR] LogOutputStream:75 - [STDERR_REDIRECT] WARNING: Couldn't flush system prefs: java.util.prefs.BackingStoreException: Couldn't get file lock.
2025-09-15 20:58:30,775 [ERROR] LogOutputStream:75 - [STDERR_REDIRECT] 
2025-09-15 20:59:00,772 [ERROR] LogOutputStream:75 - [STDERR_REDIRECT] Sep 15, 2025 8:59:00 PM java.util.prefs.FileSystemPreferences checkLockFile0ErrorCode
2025-09-15 20:59:00,773 [ERROR] LogOutputStream:75 - [STDERR_REDIRECT] WARNING: Could not lock System prefs. Unix error code 2.
2025-09-15 20:59:00,773 [ERROR] LogOutputStream:75 - [STDERR_REDIRECT] 
2025-09-15 20:59:00,774 [ERROR] LogOutputStream:75 - [STDERR_REDIRECT] Sep 15, 2025 8:59:00 PM java.util.prefs.FileSystemPreferences syncWorld
2025-09-15 20:59:00,774 [ERROR] LogOutputStream:75 - [STDERR_REDIRECT] WARNING: Couldn't flush system prefs: java.util.prefs.BackingStoreException: Couldn't get file lock.
2025-09-15 20:59:00,774 [ERROR] LogOutputStream:75 - [STDERR_REDIRECT] 
2025-09-15 20:59:30,772 [ERROR] LogOutputStream:75 - [STDERR_REDIRECT] Sep 15, 2025 8:59:30 PM java.util.prefs.FileSystemPreferences checkLockFile0ErrorCode
2025-09-15 20:59:30,773 [ERROR] LogOutputStream:75 - [STDERR_REDIRECT] WARNING: Could not lock System prefs. Unix error code 2.
2025-09-15 20:59:30,773 [ERROR] LogOutputStream:75 - [STDERR_REDIRECT] 
2025-09-15 20:59:30,774 [ERROR] LogOutputStream:75 - [STDERR_REDIRECT] Sep 15, 2025 8:59:30 PM java.util.prefs.FileSystemPreferences syncWorld
2025-09-15 20:59:30,774 [ERROR] LogOutputStream:75 - [STDERR_REDIRECT] WARNING: Couldn't flush system prefs: java.util.prefs.BackingStoreException: Couldn't get file lock.
2025-09-15 20:59:30,774 [ERROR] LogOutputStream:75 - [STDERR_REDIRECT] 
2025-09-15 21:00:00,772 [ERROR] LogOutputStream:75 - [STDERR_REDIRECT] Sep 15, 2025 9:00:00 PM java.util.prefs.FileSystemPreferences checkLockFile0ErrorCode
2025-09-15 21:00:00,773 [ERROR] LogOutputStream:75 - [STDERR_REDIRECT] WARNING: Could not lock System prefs. Unix error code 2.
2025-09-15 21:00:00,773 [ERROR] LogOutputStream:75 - [STDERR_REDIRECT] 
2025-09-15 21:00:00,774 [ERROR] LogOutputStream:75 - [STDERR_REDIRECT] Sep 15, 2025 9:00:00 PM java.util.prefs.FileSystemPreferences syncWorld
2025-09-15 21:00:00,774 [ERROR] LogOutputStream:75 - [STDERR_REDIRECT] WARNING: Couldn't flush system prefs: java.util.prefs.BackingStoreException: Couldn't get file lock.
2025-09-15 21:00:00,774 [ERROR] LogOutputStream:75 - [STDERR_REDIRECT] 
2025-09-15 21:00:30,773 [ERROR] LogOutputStream:75 - [STDERR_REDIRECT] Sep 15, 2025 9:00:30 PM java.util.prefs.FileSystemPreferences checkLockFile0ErrorCode
2025-09-15 21:00:30,774 [ERROR] LogOutputStream:75 - [STDERR_REDIRECT] WARNING: Could not lock System prefs. Unix error code 2.
2025-09-15 21:00:30,774 [ERROR] LogOutputStream:75 - [STDERR_REDIRECT] 
2025-09-15 21:00:30,775 [ERROR] LogOutputStream:75 - [STDERR_REDIRECT] Sep 15, 2025 9:00:30 PM java.util.prefs.FileSystemPreferences syncWorld
2025-09-15 21:00:30,775 [ERROR] LogOutputStream:75 - [STDERR_REDIRECT] WARNING: Couldn't flush system prefs: java.util.prefs.BackingStoreException: Couldn't get file lock.
2025-09-15 21:00:30,775 [ERROR] LogOutputStream:75 - [STDERR_REDIRECT] 
2025-09-15 21:01:00,774 [ERROR] LogOutputStream:75 - [STDERR_REDIRECT] Sep 15, 2025 9:01:00 PM java.util.prefs.FileSystemPreferences checkLockFile0ErrorCode
2025-09-15 21:01:00,775 [ERROR] LogOutputStream:75 - [STDERR_REDIRECT] WARNING: Could not lock System prefs. Unix error code 2.
2025-09-15 21:01:00,775 [ERROR] LogOutputStream:75 - [STDERR_REDIRECT] 
2025-09-15 21:01:00,776 [ERROR] LogOutputStream:75 - [STDERR_REDIRECT] Sep 15, 2025 9:01:00 PM java.util.prefs.FileSystemPreferences syncWorld
2025-09-15 21:01:00,776 [ERROR] LogOutputStream:75 - [STDERR_REDIRECT] WARNING: Couldn't flush system prefs: java.util.prefs.BackingStoreException: Couldn't get file lock.
2025-09-15 21:01:00,776 [ERROR] LogOutputStream:75 - [STDERR_REDIRECT] 
2025-09-15 21:01:30,775 [ERROR] LogOutputStream:75 - [STDERR_REDIRECT] Sep 15, 2025 9:01:30 PM java.util.prefs.FileSystemPreferences checkLockFile0ErrorCode
2025-09-15 21:01:30,776 [ERROR] LogOutputStream:75 - [STDERR_REDIRECT] WARNING: Could not lock System prefs. Unix error code 2.
2025-09-15 21:01:30,776 [ERROR] LogOutputStream:75 - [STDERR_REDIRECT] 
2025-09-15 21:01:30,777 [ERROR] LogOutputStream:75 - [STDERR_REDIRECT] Sep 15, 2025 9:01:30 PM java.util.prefs.FileSystemPreferences syncWorld
2025-09-15 21:01:30,777 [ERROR] LogOutputStream:75 - [STDERR_REDIRECT] WARNING: Couldn't flush system prefs: java.util.prefs.BackingStoreException: Couldn't get file lock.
2025-09-15 21:01:30,777 [ERROR] LogOutputStream:75 - [STDERR_REDIRECT] 
2025-09-15 21:02:00,775 [ERROR] LogOutputStream:75 - [STDERR_REDIRECT] Sep 15, 2025 9:02:00 PM java.util.prefs.FileSystemPreferences checkLockFile0ErrorCode
2025-09-15 21:02:00,775 [ERROR] LogOutputStream:75 - [STDERR_REDIRECT] WARNING: Could not lock System prefs. Unix error code 2.
2025-09-15 21:02:00,776 [ERROR] LogOutputStream:75 - [STDERR_REDIRECT] 
2025-09-15 21:02:00,776 [ERROR] LogOutputStream:75 - [STDERR_REDIRECT] Sep 15, 2025 9:02:00 PM java.util.prefs.FileSystemPreferences syncWorld
2025-09-15 21:02:00,777 [ERROR] LogOutputStream:75 - [STDERR_REDIRECT] WARNING: Couldn't flush system prefs: java.util.prefs.BackingStoreException: Couldn't get file lock.
2025-09-15 21:02:00,777 [ERROR] LogOutputStream:75 - [STDERR_REDIRECT] 
2025-09-15 21:02:30,775 [ERROR] LogOutputStream:75 - [STDERR_REDIRECT] Sep 15, 2025 9:02:30 PM java.util.prefs.FileSystemPreferences checkLockFile0ErrorCode
2025-09-15 21:02:30,775 [ERROR] LogOutputStream:75 - [STDERR_REDIRECT] WARNING: Could not lock System prefs. Unix error code 2.
2025-09-15 21:02:30,776 [ERROR] LogOutputStream:75 - [STDERR_REDIRECT] 
2025-09-15 21:02:30,776 [ERROR] LogOutputStream:75 - [STDERR_REDIRECT] Sep 15, 2025 9:02:30 PM java.util.prefs.FileSystemPreferences syncWorld
2025-09-15 21:02:30,777 [ERROR] LogOutputStream:75 - [STDERR_REDIRECT] WARNING: Couldn't flush system prefs: java.util.prefs.BackingStoreException: Couldn't get file lock.
2025-09-15 21:02:30,777 [ERROR] LogOutputStream:75 - [STDERR_REDIRECT] 
2025-09-15 21:03:00,774 [ERROR] LogOutputStream:75 - [STDERR_REDIRECT] Sep 15, 2025 9:03:00 PM java.util.prefs.FileSystemPreferences checkLockFile0ErrorCode
2025-09-15 21:03:00,775 [ERROR] LogOutputStream:75 - [STDERR_REDIRECT] WARNING: Could not lock System prefs. Unix error code 2.
2025-09-15 21:03:00,775 [ERROR] LogOutputStream:75 - [STDERR_REDIRECT] 
2025-09-15 21:03:00,776 [ERROR] LogOutputStream:75 - [STDERR_REDIRECT] Sep 15, 2025 9:03:00 PM java.util.prefs.FileSystemPreferences syncWorld
2025-09-15 21:03:00,776 [ERROR] LogOutputStream:75 - [STDERR_REDIRECT] WARNING: Couldn't flush system prefs: java.util.prefs.BackingStoreException: Couldn't get file lock.
2025-09-15 21:03:00,776 [ERROR] LogOutputStream:75 - [STDERR_REDIRECT] 
2025-09-15 21:03:30,774 [ERROR] LogOutputStream:75 - [STDERR_REDIRECT] Sep 15, 2025 9:03:30 PM java.util.prefs.FileSystemPreferences checkLockFile0ErrorCode
2025-09-15 21:03:30,775 [ERROR] LogOutputStream:75 - [STDERR_REDIRECT] WARNING: Could not lock System prefs. Unix error code 2.
2025-09-15 21:03:30,775 [ERROR] LogOutputStream:75 - [STDERR_REDIRECT] 
2025-09-15 21:03:30,776 [ERROR] LogOutputStream:75 - [STDERR_REDIRECT] Sep 15, 2025 9:03:30 PM java.util.prefs.FileSystemPreferences syncWorld
2025-09-15 21:03:30,776 [ERROR] LogOutputStream:75 - [STDERR_REDIRECT] WARNING: Couldn't flush system prefs: java.util.prefs.BackingStoreException: Couldn't get file lock.
2025-09-15 21:03:30,776 [ERROR] LogOutputStream:75 - [STDERR_REDIRECT] 
2025-09-15 21:04:00,776 [ERROR] LogOutputStream:75 - [STDERR_REDIRECT] Sep 15, 2025 9:04:00 PM java.util.prefs.FileSystemPreferences checkLockFile0ErrorCode
2025-09-15 21:04:00,776 [ERROR] LogOutputStream:75 - [STDERR_REDIRECT] WARNING: Could not lock System prefs. Unix error code 2.
2025-09-15 21:04:00,776 [ERROR] LogOutputStream:75 - [STDERR_REDIRECT] 
2025-09-15 21:04:00,777 [ERROR] LogOutputStream:75 - [STDERR_REDIRECT] Sep 15, 2025 9:04:00 PM java.util.prefs.FileSystemPreferences syncWorld
2025-09-15 21:04:00,777 [ERROR] LogOutputStream:75 - [STDERR_REDIRECT] WARNING: Couldn't flush system prefs: java.util.prefs.BackingStoreException: Couldn't get file lock.
2025-09-15 21:04:00,777 [ERROR] LogOutputStream:75 - [STDERR_REDIRECT] 
2025-09-15 21:04:30,775 [ERROR] LogOutputStream:75 - [STDERR_REDIRECT] Sep 15, 2025 9:04:30 PM java.util.prefs.FileSystemPreferences checkLockFile0ErrorCode
2025-09-15 21:04:30,775 [ERROR] LogOutputStream:75 - [STDERR_REDIRECT] WARNING: Could not lock System prefs. Unix error code 2.
2025-09-15 21:04:30,776 [ERROR] LogOutputStream:75 - [STDERR_REDIRECT] 
2025-09-15 21:04:30,776 [ERROR] LogOutputStream:75 - [STDERR_REDIRECT] Sep 15, 2025 9:04:30 PM java.util.prefs.FileSystemPreferences syncWorld
2025-09-15 21:04:30,776 [ERROR] LogOutputStream:75 - [STDERR_REDIRECT] WARNING: Couldn't flush system prefs: java.util.prefs.BackingStoreException: Couldn't get file lock.
2025-09-15 21:04:30,777 [ERROR] LogOutputStream:75 - [STDERR_REDIRECT] 
2025-09-15 21:05:00,776 [ERROR] LogOutputStream:75 - [STDERR_REDIRECT] Sep 15, 2025 9:05:00 PM java.util.prefs.FileSystemPreferences checkLockFile0ErrorCode
2025-09-15 21:05:00,777 [ERROR] LogOutputStream:75 - [STDERR_REDIRECT] WARNING: Could not lock System prefs. Unix error code 2.
2025-09-15 21:05:00,777 [ERROR] LogOutputStream:75 - [STDERR_REDIRECT] 
2025-09-15 21:05:00,777 [ERROR] LogOutputStream:75 - [STDERR_REDIRECT] Sep 15, 2025 9:05:00 PM java.util.prefs.FileSystemPreferences syncWorld
2025-09-15 21:05:00,777 [ERROR] LogOutputStream:75 - [STDERR_REDIRECT] WARNING: Couldn't flush system prefs: java.util.prefs.BackingStoreException: Couldn't get file lock.
2025-09-15 21:05:00,777 [ERROR] LogOutputStream:75 - [STDERR_REDIRECT] 
2025-09-15 21:05:30,778 [ERROR] LogOutputStream:75 - [STDERR_REDIRECT] Sep 15, 2025 9:05:30 PM java.util.prefs.FileSystemPreferences checkLockFile0ErrorCode
2025-09-15 21:05:30,778 [ERROR] LogOutputStream:75 - [STDERR_REDIRECT] WARNING: Could not lock System prefs. Unix error code 2.
2025-09-15 21:05:30,778 [ERROR] LogOutputStream:75 - [STDERR_REDIRECT] 
2025-09-15 21:05:30,779 [ERROR] LogOutputStream:75 - [STDERR_REDIRECT] Sep 15, 2025 9:05:30 PM java.util.prefs.FileSystemPreferences syncWorld
2025-09-15 21:05:30,779 [ERROR] LogOutputStream:75 - [STDERR_REDIRECT] WARNING: Couldn't flush system prefs: java.util.prefs.BackingStoreException: Couldn't get file lock.
2025-09-15 21:05:30,779 [ERROR] LogOutputStream:75 - [STDERR_REDIRECT] 
2025-09-15 21:06:00,780 [ERROR] LogOutputStream:75 - [STDERR_REDIRECT] Sep 15, 2025 9:06:00 PM java.util.prefs.FileSystemPreferences checkLockFile0ErrorCode
2025-09-15 21:06:00,780 [ERROR] LogOutputStream:75 - [STDERR_REDIRECT] WARNING: Could not lock System prefs. Unix error code 2.
2025-09-15 21:06:00,780 [ERROR] LogOutputStream:75 - [STDERR_REDIRECT] 
2025-09-15 21:06:00,781 [ERROR] LogOutputStream:75 - [STDERR_REDIRECT] Sep 15, 2025 9:06:00 PM java.util.prefs.FileSystemPreferences syncWorld
2025-09-15 21:06:00,781 [ERROR] LogOutputStream:75 - [STDERR_REDIRECT] WARNING: Couldn't flush system prefs: java.util.prefs.BackingStoreException: Couldn't get file lock.
2025-09-15 21:06:00,781 [ERROR] LogOutputStream:75 - [STDERR_REDIRECT] 
2025-09-15 21:06:30,778 [ERROR] LogOutputStream:75 - [STDERR_REDIRECT] Sep 15, 2025 9:06:30 PM java.util.prefs.FileSystemPreferences checkLockFile0ErrorCode
2025-09-15 21:06:30,779 [ERROR] LogOutputStream:75 - [STDERR_REDIRECT] WARNING: Could not lock System prefs. Unix error code 2.
2025-09-15 21:06:30,779 [ERROR] LogOutputStream:75 - [STDERR_REDIRECT] 
2025-09-15 21:06:30,780 [ERROR] LogOutputStream:75 - [STDERR_REDIRECT] Sep 15, 2025 9:06:30 PM java.util.prefs.FileSystemPreferences syncWorld
2025-09-15 21:06:30,780 [ERROR] LogOutputStream:75 - [STDERR_REDIRECT] WARNING: Couldn't flush system prefs: java.util.prefs.BackingStoreException: Couldn't get file lock.
2025-09-15 21:06:30,780 [ERROR] LogOutputStream:75 - [STDERR_REDIRECT] 
2025-09-15 21:07:00,778 [ERROR] LogOutputStream:75 - [STDERR_REDIRECT] Sep 15, 2025 9:07:00 PM java.util.prefs.FileSystemPreferences checkLockFile0ErrorCode
2025-09-15 21:07:00,778 [ERROR] LogOutputStream:75 - [STDERR_REDIRECT] WARNING: Could not lock System prefs. Unix error code 2.
2025-09-15 21:07:00,778 [ERROR] LogOutputStream:75 - [STDERR_REDIRECT] 
2025-09-15 21:07:00,779 [ERROR] LogOutputStream:75 - [STDERR_REDIRECT] Sep 15, 2025 9:07:00 PM java.util.prefs.FileSystemPreferences syncWorld
2025-09-15 21:07:00,779 [ERROR] LogOutputStream:75 - [STDERR_REDIRECT] WARNING: Couldn't flush system prefs: java.util.prefs.BackingStoreException: Couldn't get file lock.
2025-09-15 21:07:00,779 [ERROR] LogOutputStream:75 - [STDERR_REDIRECT] 
2025-09-15 21:07:30,779 [ERROR] LogOutputStream:75 - [STDERR_REDIRECT] Sep 15, 2025 9:07:30 PM java.util.prefs.FileSystemPreferences checkLockFile0ErrorCode
2025-09-15 21:07:30,780 [ERROR] LogOutputStream:75 - [STDERR_REDIRECT] WARNING: Could not lock System prefs. Unix error code 2.
2025-09-15 21:07:30,780 [ERROR] LogOutputStream:75 - [STDERR_REDIRECT] 
2025-09-15 21:07:30,781 [ERROR] LogOutputStream:75 - [STDERR_REDIRECT] Sep 15, 2025 9:07:30 PM java.util.prefs.FileSystemPreferences syncWorld
2025-09-15 21:07:30,781 [ERROR] LogOutputStream:75 - [STDERR_REDIRECT] WARNING: Couldn't flush system prefs: java.util.prefs.BackingStoreException: Couldn't get file lock.
2025-09-15 21:07:30,781 [ERROR] LogOutputStream:75 - [STDERR_REDIRECT] 
2025-09-15 21:08:00,779 [ERROR] LogOutputStream:75 - [STDERR_REDIRECT] Sep 15, 2025 9:08:00 PM java.util.prefs.FileSystemPreferences checkLockFile0ErrorCode
2025-09-15 21:08:00,780 [ERROR] LogOutputStream:75 - [STDERR_REDIRECT] WARNING: Could not lock System prefs. Unix error code 2.
2025-09-15 21:08:00,780 [ERROR] LogOutputStream:75 - [STDERR_REDIRECT] 
2025-09-15 21:08:00,780 [ERROR] LogOutputStream:75 - [STDERR_REDIRECT] Sep 15, 2025 9:08:00 PM java.util.prefs.FileSystemPreferences syncWorld
2025-09-15 21:08:00,781 [ERROR] LogOutputStream:75 - [STDERR_REDIRECT] WARNING: Couldn't flush system prefs: java.util.prefs.BackingStoreException: Couldn't get file lock.
2025-09-15 21:08:00,781 [ERROR] LogOutputStream:75 - [STDERR_REDIRECT] 
2025-09-15 21:08:30,779 [ERROR] LogOutputStream:75 - [STDERR_REDIRECT] Sep 15, 2025 9:08:30 PM java.util.prefs.FileSystemPreferences checkLockFile0ErrorCode
2025-09-15 21:08:30,779 [ERROR] LogOutputStream:75 - [STDERR_REDIRECT] WARNING: Could not lock System prefs. Unix error code 2.
2025-09-15 21:08:30,779 [ERROR] LogOutputStream:75 - [STDERR_REDIRECT] 
2025-09-15 21:08:30,780 [ERROR] LogOutputStream:75 - [STDERR_REDIRECT] Sep 15, 2025 9:08:30 PM java.util.prefs.FileSystemPreferences syncWorld
2025-09-15 21:08:30,780 [ERROR] LogOutputStream:75 - [STDERR_REDIRECT] WARNING: Couldn't flush system prefs: java.util.prefs.BackingStoreException: Couldn't get file lock.
2025-09-15 21:08:30,780 [ERROR] LogOutputStream:75 - [STDERR_REDIRECT] 
2025-09-15 21:09:00,780 [ERROR] LogOutputStream:75 - [STDERR_REDIRECT] Sep 15, 2025 9:09:00 PM java.util.prefs.FileSystemPreferences checkLockFile0ErrorCode
2025-09-15 21:09:00,780 [ERROR] LogOutputStream:75 - [STDERR_REDIRECT] WARNING: Could not lock System prefs. Unix error code 2.
2025-09-15 21:09:00,780 [ERROR] LogOutputStream:75 - [STDERR_REDIRECT] 
2025-09-15 21:09:00,781 [ERROR] LogOutputStream:75 - [STDERR_REDIRECT] Sep 15, 2025 9:09:00 PM java.util.prefs.FileSystemPreferences syncWorld
2025-09-15 21:09:00,781 [ERROR] LogOutputStream:75 - [STDERR_REDIRECT] WARNING: Couldn't flush system prefs: java.util.prefs.BackingStoreException: Couldn't get file lock.
2025-09-15 21:09:00,781 [ERROR] LogOutputStream:75 - [STDERR_REDIRECT] 
2025-09-15 21:09:30,780 [ERROR] LogOutputStream:75 - [STDERR_REDIRECT] Sep 15, 2025 9:09:30 PM java.util.prefs.FileSystemPreferences checkLockFile0ErrorCode
2025-09-15 21:09:30,780 [ERROR] LogOutputStream:75 - [STDERR_REDIRECT] WARNING: Could not lock System prefs. Unix error code 2.
2025-09-15 21:09:30,781 [ERROR] LogOutputStream:75 - [STDERR_REDIRECT] 
2025-09-15 21:09:30,781 [ERROR] LogOutputStream:75 - [STDERR_REDIRECT] Sep 15, 2025 9:09:30 PM java.util.prefs.FileSystemPreferences syncWorld
2025-09-15 21:09:30,781 [ERROR] LogOutputStream:75 - [STDERR_REDIRECT] WARNING: Couldn't flush system prefs: java.util.prefs.BackingStoreException: Couldn't get file lock.
2025-09-15 21:09:30,782 [ERROR] LogOutputStream:75 - [STDERR_REDIRECT] 
2025-09-15 21:10:00,778 [ERROR] LogOutputStream:75 - [STDERR_REDIRECT] Sep 15, 2025 9:10:00 PM java.util.prefs.FileSystemPreferences checkLockFile0ErrorCode
2025-09-15 21:10:00,779 [ERROR] LogOutputStream:75 - [STDERR_REDIRECT] WARNING: Could not lock System prefs. Unix error code 2.
2025-09-15 21:10:00,779 [ERROR] LogOutputStream:75 - [STDERR_REDIRECT] 
2025-09-15 21:10:00,779 [ERROR] LogOutputStream:75 - [STDERR_REDIRECT] Sep 15, 2025 9:10:00 PM java.util.prefs.FileSystemPreferences syncWorld
2025-09-15 21:10:00,779 [ERROR] LogOutputStream:75 - [STDERR_REDIRECT] WARNING: Couldn't flush system prefs: java.util.prefs.BackingStoreException: Couldn't get file lock.
2025-09-15 21:10:00,780 [ERROR] LogOutputStream:75 - [STDERR_REDIRECT] 
2025-09-15 21:10:30,779 [ERROR] LogOutputStream:75 - [STDERR_REDIRECT] Sep 15, 2025 9:10:30 PM java.util.prefs.FileSystemPreferences checkLockFile0ErrorCode
2025-09-15 21:10:30,780 [ERROR] LogOutputStream:75 - [STDERR_REDIRECT] WARNING: Could not lock System prefs. Unix error code 2.
2025-09-15 21:10:30,780 [ERROR] LogOutputStream:75 - [STDERR_REDIRECT] 
2025-09-15 21:10:30,780 [ERROR] LogOutputStream:75 - [STDERR_REDIRECT] Sep 15, 2025 9:10:30 PM java.util.prefs.FileSystemPreferences syncWorld
2025-09-15 21:10:30,781 [ERROR] LogOutputStream:75 - [STDERR_REDIRECT] WARNING: Couldn't flush system prefs: java.util.prefs.BackingStoreException: Couldn't get file lock.
2025-09-15 21:10:30,781 [ERROR] LogOutputStream:75 - [STDERR_REDIRECT] 
2025-09-15 21:11:00,779 [ERROR] LogOutputStream:75 - [STDERR_REDIRECT] Sep 15, 2025 9:11:00 PM java.util.prefs.FileSystemPreferences checkLockFile0ErrorCode
2025-09-15 21:11:00,780 [ERROR] LogOutputStream:75 - [STDERR_REDIRECT] WARNING: Could not lock System prefs. Unix error code 2.
2025-09-15 21:11:00,780 [ERROR] LogOutputStream:75 - [STDERR_REDIRECT] 
2025-09-15 21:11:00,780 [ERROR] LogOutputStream:75 - [STDERR_REDIRECT] Sep 15, 2025 9:11:00 PM java.util.prefs.FileSystemPreferences syncWorld
2025-09-15 21:11:00,781 [ERROR] LogOutputStream:75 - [STDERR_REDIRECT] WARNING: Couldn't flush system prefs: java.util.prefs.BackingStoreException: Couldn't get file lock.
2025-09-15 21:11:00,781 [ERROR] LogOutputStream:75 - [STDERR_REDIRECT] 
2025-09-15 21:11:30,779 [ERROR] LogOutputStream:75 - [STDERR_REDIRECT] Sep 15, 2025 9:11:30 PM java.util.prefs.FileSystemPreferences checkLockFile0ErrorCode
2025-09-15 21:11:30,780 [ERROR] LogOutputStream:75 - [STDERR_REDIRECT] WARNING: Could not lock System prefs. Unix error code 2.
2025-09-15 21:11:30,780 [ERROR] LogOutputStream:75 - [STDERR_REDIRECT] 
2025-09-15 21:11:30,780 [ERROR] LogOutputStream:75 - [STDERR_REDIRECT] Sep 15, 2025 9:11:30 PM java.util.prefs.FileSystemPreferences syncWorld
2025-09-15 21:11:30,781 [ERROR] LogOutputStream:75 - [STDERR_REDIRECT] WARNING: Couldn't flush system prefs: java.util.prefs.BackingStoreException: Couldn't get file lock.
2025-09-15 21:11:30,781 [ERROR] LogOutputStream:75 - [STDERR_REDIRECT] 
2025-09-15 21:12:00,780 [ERROR] LogOutputStream:75 - [STDERR_REDIRECT] Sep 15, 2025 9:12:00 PM java.util.prefs.FileSystemPreferences checkLockFile0ErrorCode
2025-09-15 21:12:00,781 [ERROR] LogOutputStream:75 - [STDERR_REDIRECT] WARNING: Could not lock System prefs. Unix error code 2.
2025-09-15 21:12:00,781 [ERROR] LogOutputStream:75 - [STDERR_REDIRECT] 
2025-09-15 21:12:00,782 [ERROR] LogOutputStream:75 - [STDERR_REDIRECT] Sep 15, 2025 9:12:00 PM java.util.prefs.FileSystemPreferences syncWorld
2025-09-15 21:12:00,782 [ERROR] LogOutputStream:75 - [STDERR_REDIRECT] WARNING: Couldn't flush system prefs: java.util.prefs.BackingStoreException: Couldn't get file lock.
2025-09-15 21:12:00,782 [ERROR] LogOutputStream:75 - [STDERR_REDIRECT] 
2025-09-15 21:12:30,779 [ERROR] LogOutputStream:75 - [STDERR_REDIRECT] Sep 15, 2025 9:12:30 PM java.util.prefs.FileSystemPreferences checkLockFile0ErrorCode
2025-09-15 21:12:30,779 [ERROR] LogOutputStream:75 - [STDERR_REDIRECT] WARNING: Could not lock System prefs. Unix error code 2.
2025-09-15 21:12:30,780 [ERROR] LogOutputStream:75 - [STDERR_REDIRECT] 
2025-09-15 21:12:30,780 [ERROR] LogOutputStream:75 - [STDERR_REDIRECT] Sep 15, 2025 9:12:30 PM java.util.prefs.FileSystemPreferences syncWorld
2025-09-15 21:12:30,780 [ERROR] LogOutputStream:75 - [STDERR_REDIRECT] WARNING: Couldn't flush system prefs: java.util.prefs.BackingStoreException: Couldn't get file lock.
2025-09-15 21:12:30,780 [ERROR] LogOutputStream:75 - [STDERR_REDIRECT] 
2025-09-15 21:13:00,780 [ERROR] LogOutputStream:75 - [STDERR_REDIRECT] Sep 15, 2025 9:13:00 PM java.util.prefs.FileSystemPreferences checkLockFile0ErrorCode
2025-09-15 21:13:00,780 [ERROR] LogOutputStream:75 - [STDERR_REDIRECT] WARNING: Could not lock System prefs. Unix error code 2.
2025-09-15 21:13:00,780 [ERROR] LogOutputStream:75 - [STDERR_REDIRECT] 
2025-09-15 21:13:00,781 [ERROR] LogOutputStream:75 - [STDERR_REDIRECT] Sep 15, 2025 9:13:00 PM java.util.prefs.FileSystemPreferences syncWorld
2025-09-15 21:13:00,781 [ERROR] LogOutputStream:75 - [STDERR_REDIRECT] WARNING: Couldn't flush system prefs: java.util.prefs.BackingStoreException: Couldn't get file lock.
2025-09-15 21:13:00,781 [ERROR] LogOutputStream:75 - [STDERR_REDIRECT] 
2025-09-15 21:13:30,780 [ERROR] LogOutputStream:75 - [STDERR_REDIRECT] Sep 15, 2025 9:13:30 PM java.util.prefs.FileSystemPreferences checkLockFile0ErrorCode
2025-09-15 21:13:30,780 [ERROR] LogOutputStream:75 - [STDERR_REDIRECT] WARNING: Could not lock System prefs. Unix error code 2.
2025-09-15 21:13:30,780 [ERROR] LogOutputStream:75 - [STDERR_REDIRECT] 
2025-09-15 21:13:30,781 [ERROR] LogOutputStream:75 - [STDERR_REDIRECT] Sep 15, 2025 9:13:30 PM java.util.prefs.FileSystemPreferences syncWorld
2025-09-15 21:13:30,781 [ERROR] LogOutputStream:75 - [STDERR_REDIRECT] WARNING: Couldn't flush system prefs: java.util.prefs.BackingStoreException: Couldn't get file lock.
2025-09-15 21:13:30,781 [ERROR] LogOutputStream:75 - [STDERR_REDIRECT] 
2025-09-15 21:14:00,779 [ERROR] LogOutputStream:75 - [STDERR_REDIRECT] Sep 15, 2025 9:14:00 PM java.util.prefs.FileSystemPreferences checkLockFile0ErrorCode
2025-09-15 21:14:00,780 [ERROR] LogOutputStream:75 - [STDERR_REDIRECT] WARNING: Could not lock System prefs. Unix error code 2.
2025-09-15 21:14:00,780 [ERROR] LogOutputStream:75 - [STDERR_REDIRECT] 
2025-09-15 21:14:00,781 [ERROR] LogOutputStream:75 - [STDERR_REDIRECT] Sep 15, 2025 9:14:00 PM java.util.prefs.FileSystemPreferences syncWorld
2025-09-15 21:14:00,781 [ERROR] LogOutputStream:75 - [STDERR_REDIRECT] WARNING: Couldn't flush system prefs: java.util.prefs.BackingStoreException: Couldn't get file lock.
2025-09-15 21:14:00,781 [ERROR] LogOutputStream:75 - [STDERR_REDIRECT] 
2025-09-15 21:14:30,779 [ERROR] LogOutputStream:75 - [STDERR_REDIRECT] Sep 15, 2025 9:14:30 PM java.util.prefs.FileSystemPreferences checkLockFile0ErrorCode
2025-09-15 21:14:30,780 [ERROR] LogOutputStream:75 - [STDERR_REDIRECT] WARNING: Could not lock System prefs. Unix error code 2.
2025-09-15 21:14:30,780 [ERROR] LogOutputStream:75 - [STDERR_REDIRECT] 
2025-09-15 21:14:30,780 [ERROR] LogOutputStream:75 - [STDERR_REDIRECT] Sep 15, 2025 9:14:30 PM java.util.prefs.FileSystemPreferences syncWorld
2025-09-15 21:14:30,781 [ERROR] LogOutputStream:75 - [STDERR_REDIRECT] WARNING: Couldn't flush system prefs: java.util.prefs.BackingStoreException: Couldn't get file lock.
2025-09-15 21:14:30,781 [ERROR] LogOutputStream:75 - [STDERR_REDIRECT] 
2025-09-15 21:15:00,778 [ERROR] LogOutputStream:75 - [STDERR_REDIRECT] Sep 15, 2025 9:15:00 PM java.util.prefs.FileSystemPreferences checkLockFile0ErrorCode
2025-09-15 21:15:00,778 [ERROR] LogOutputStream:75 - [STDERR_REDIRECT] WARNING: Could not lock System prefs. Unix error code 2.
2025-09-15 21:15:00,779 [ERROR] LogOutputStream:75 - [STDERR_REDIRECT] 
2025-09-15 21:15:00,779 [ERROR] LogOutputStream:75 - [STDERR_REDIRECT] Sep 15, 2025 9:15:00 PM java.util.prefs.FileSystemPreferences syncWorld
2025-09-15 21:15:00,779 [ERROR] LogOutputStream:75 - [STDERR_REDIRECT] WARNING: Couldn't flush system prefs: java.util.prefs.BackingStoreException: Couldn't get file lock.
2025-09-15 21:15:00,779 [ERROR] LogOutputStream:75 - [STDERR_REDIRECT] 
2025-09-15 21:15:30,779 [ERROR] LogOutputStream:75 - [STDERR_REDIRECT] Sep 15, 2025 9:15:30 PM java.util.prefs.FileSystemPreferences checkLockFile0ErrorCode
2025-09-15 21:15:30,780 [ERROR] LogOutputStream:75 - [STDERR_REDIRECT] WARNING: Could not lock System prefs. Unix error code 2.
2025-09-15 21:15:30,780 [ERROR] LogOutputStream:75 - [STDERR_REDIRECT] 
2025-09-15 21:15:30,781 [ERROR] LogOutputStream:75 - [STDERR_REDIRECT] Sep 15, 2025 9:15:30 PM java.util.prefs.FileSystemPreferences syncWorld
2025-09-15 21:15:30,781 [ERROR] LogOutputStream:75 - [STDERR_REDIRECT] WARNING: Couldn't flush system prefs: java.util.prefs.BackingStoreException: Couldn't get file lock.
2025-09-15 21:15:30,781 [ERROR] LogOutputStream:75 - [STDERR_REDIRECT] 
2025-09-15 21:16:00,780 [ERROR] LogOutputStream:75 - [STDERR_REDIRECT] Sep 15, 2025 9:16:00 PM java.util.prefs.FileSystemPreferences checkLockFile0ErrorCode
2025-09-15 21:16:00,780 [ERROR] LogOutputStream:75 - [STDERR_REDIRECT] WARNING: Could not lock System prefs. Unix error code 2.
2025-09-15 21:16:00,780 [ERROR] LogOutputStream:75 - [STDERR_REDIRECT] 
2025-09-15 21:16:00,781 [ERROR] LogOutputStream:75 - [STDERR_REDIRECT] Sep 15, 2025 9:16:00 PM java.util.prefs.FileSystemPreferences syncWorld
2025-09-15 21:16:00,781 [ERROR] LogOutputStream:75 - [STDERR_REDIRECT] WARNING: Couldn't flush system prefs: java.util.prefs.BackingStoreException: Couldn't get file lock.
2025-09-15 21:16:00,781 [ERROR] LogOutputStream:75 - [STDERR_REDIRECT] 
2025-09-15 21:16:19,508 [INFO] MainUpdater:2873 - connection check result : 10
2025-09-15 21:16:19,509 [INFO] MainUpdater:2873 - connection check result : 10
2025-09-15 21:16:21,551 [INFO] MicroXplorer:468 - Change Database Path : 
2025-09-15 21:16:21,551 [INFO] MicroXplorer:498 - Change Database Version : DB.6.0.120
2025-09-15 21:16:21,559 [ERROR] ProjectManagerView:394 - 
java.lang.NullPointerException: Cannot invoke "javax.swing.JTextField.getText()" because the return value of "java.util.List.get(int)" is null
	at com.st.microxplorer.plugins.projectmanager.gui.ProjectChoiceTab$10.caretUpdate(ProjectChoiceTab.java:2622) ~[filemanager.jar:?]
	at javax.swing.text.JTextComponent.fireCaretUpdate(JTextComponent.java:412) ~[?:?]
	at javax.swing.text.JTextComponent$MutableCaretEvent.fire(JTextComponent.java:4491) ~[?:?]
	at javax.swing.text.JTextComponent$MutableCaretEvent.stateChanged(JTextComponent.java:4513) ~[?:?]
	at javax.swing.text.DefaultCaret.fireStateChanged(DefaultCaret.java:842) ~[?:?]
	at javax.swing.text.DefaultCaret.changeCaretPosition(DefaultCaret.java:1313) ~[?:?]
	at javax.swing.text.DefaultCaret.handleSetDot(DefaultCaret.java:1212) ~[?:?]
	at javax.swing.text.DefaultCaret.setDot(DefaultCaret.java:1193) ~[?:?]
	at javax.swing.text.DefaultCaret$Handler.insertUpdate(DefaultCaret.java:1789) ~[?:?]
	at javax.swing.text.AbstractDocument.fireInsertUpdate(AbstractDocument.java:226) ~[?:?]
	at javax.swing.text.AbstractDocument.handleInsertString(AbstractDocument.java:780) ~[?:?]
	at javax.swing.text.AbstractDocument.insertString(AbstractDocument.java:739) ~[?:?]
	at javax.swing.text.PlainDocument.insertString(PlainDocument.java:131) ~[?:?]
	at javax.swing.text.AbstractDocument.replace(AbstractDocument.java:698) ~[?:?]
	at javax.swing.text.JTextComponent.setText(JTextComponent.java:1729) ~[?:?]
	at com.st.microxplorer.plugins.projectmanager.gui.ProjectChoiceTab.createHeapStackFields(ProjectChoiceTab.java:972) ~[filemanager.jar:?]
	at com.st.microxplorer.plugins.projectmanager.gui.ProjectChoiceTab.buildLinkSettingsPanel(ProjectChoiceTab.java:3597) ~[filemanager.jar:?]
	at com.st.microxplorer.plugins.projectmanager.gui.ProjectChoiceTab.defineWindowsFields(ProjectChoiceTab.java:1940) ~[filemanager.jar:?]
	at com.st.microxplorer.plugins.projectmanager.gui.ProjectChoiceTab.updateSettings(ProjectChoiceTab.java:550) ~[filemanager.jar:?]
	at com.st.microxplorer.plugins.projectmanager.gui.ProjectSettingsPanel.UpdateDialog(ProjectSettingsPanel.java:245) ~[filemanager.jar:?]
	at com.st.microxplorer.plugins.projectmanager.ProjectManagerView.propertyChange(ProjectManagerView.java:391) ~[filemanager.jar:?]
	at java.beans.PropertyChangeSupport.fire(PropertyChangeSupport.java:343) ~[?:?]
	at java.beans.PropertyChangeSupport.firePropertyChange(PropertyChangeSupport.java:335) ~[?:?]
	at java.beans.PropertyChangeSupport.firePropertyChange(PropertyChangeSupport.java:268) ~[?:?]
	at com.st.microxplorer.util.MXPropertyChangeSupport.firePropertyChange(MXPropertyChangeSupport.java:54) ~[STM32CubeMX.jar:?]
	at com.st.microxplorer.mxsystem.MxSystem.closeConfig(MxSystem.java:900) ~[STM32CubeMX.jar:?]
	at com.st.microxplorer.maingui.MainPanel.closeConfig(MainPanel.java:781) ~[STM32CubeMX.jar:?]
	at com.st.microxplorer.plugins.filemanager.engine.OpenFileManager.loadConfigurationFile(OpenFileManager.java:265) ~[filemanager.jar:?]
	at com.st.microxplorer.plugins.filemanager.engine.MainFileManager.userLoadConfig(MainFileManager.java:352) ~[filemanager.jar:?]
	at com.st.microxplorer.plugins.filemanager.engine.MainFileManager.userLoadConfig(MainFileManager.java:330) ~[filemanager.jar:?]
	at com.st.microxplorer.plugins.filemanager.FileManagerView.getSpecificTask(FileManagerView.java:246) ~[filemanager.jar:?]
	at com.st.stm32cube.common.mx.editor.CubeMxEditor.getMxTabbedPaneInstance(CubeMxEditor.java:1198) ~[com.st.stm32cube.common.mx_6.12.0.202406281431/:?]
	at com.st.stm32cube.common.mx.editor.CubeMxEditor$12$1.createSwingComponent(CubeMxEditor.java:1068) ~[com.st.stm32cube.common.mx_6.12.0.202406281431/:?]
	at com.st.stm32cube.common.mx.oss.core.awtswtbridge.EmbeddedSwingComposite.doComponentCreation(EmbeddedSwingComposite.java:492) ~[com.st.stm32cube.common.mx.oss_6.12.0.202406281431/:?]
	at com.st.stm32cube.common.mx.oss.core.awtswtbridge.EmbeddedSwingComposite$4.run(EmbeddedSwingComposite.java:291) ~[com.st.stm32cube.common.mx.oss_6.12.0.202406281431/:?]
	at com.st.stm32cube.common.mx.oss.core.awtswtbridge.AwtEnvironment$2.run(AwtEnvironment.java:166) ~[com.st.stm32cube.common.mx.oss_6.12.0.202406281431/:?]
	at java.awt.event.InvocationEvent.dispatch(InvocationEvent.java:318) ~[?:?]
	at java.awt.EventQueue.dispatchEventImpl(EventQueue.java:773) ~[?:?]
	at java.awt.EventQueue$4.run(EventQueue.java:720) ~[?:?]
	at java.awt.EventQueue$4.run(EventQueue.java:714) ~[?:?]
	at java.security.AccessController.doPrivileged(AccessController.java:399) ~[?:?]
	at java.security.ProtectionDomain$JavaSecurityAccessImpl.doIntersectionPrivilege(ProtectionDomain.java:86) ~[?:?]
	at java.awt.EventQueue.dispatchEvent(EventQueue.java:742) ~[?:?]
	at java.awt.EventDispatchThread.pumpOneEventForFilters(EventDispatchThread.java:203) ~[?:?]
	at java.awt.EventDispatchThread.pumpEventsForFilter(EventDispatchThread.java:124) ~[?:?]
	at java.awt.EventDispatchThread.pumpEventsForHierarchy(EventDispatchThread.java:113) ~[?:?]
	at java.awt.EventDispatchThread.pumpEvents(EventDispatchThread.java:109) ~[?:?]
	at java.awt.EventDispatchThread.pumpEvents(EventDispatchThread.java:101) ~[?:?]
	at java.awt.EventDispatchThread.run(EventDispatchThread.java:90) ~[?:?]
2025-09-15 21:16:21,563 [WARN] ThirdParty:871 - waiting for thirdparty lock release [close project]
2025-09-15 21:16:21,563 [INFO] ThirdParty:873 - entering critical section [close project]
2025-09-15 21:16:21,563 [INFO] ThirdParty:883 - exiting critical section [close project]
2025-09-15 21:16:21,565 [INFO] PinOutPanel:1561 - setPackage(No Configuration,No Configuration)
2025-09-15 21:16:21,580 [WARN] IpParametersView:151 - Warning: This peripheral hasn't parameters
2025-09-15 21:16:21,592 [WARN] MainPanel:284 - <html><b><center>Warning: This peripheral has no parameters to be configured<br></b></html>
2025-09-15 21:16:21,601 [INFO] UtilMem:75 - Begin LoadConfig() Used Memory: 420373344 Bytes (709885952)
2025-09-15 21:16:21,603 [INFO] MicroXplorer:468 - Change Database Path : 
2025-09-15 21:16:21,603 [INFO] MicroXplorer:498 - Change Database Version : DB.6.0.120
2025-09-15 21:16:21,603 [INFO] OpenFileManager:332 - Change cursor
2025-09-15 21:16:21,612 [INFO] Mcu:2032 - Initializing MCU STM32F446R(C-E)Tx STM32F446RETx STM32F446RET6
2025-09-15 21:16:22,896 [INFO] Context:742 - Trying to add GPIOservice into a context  which must be forbidden
2025-09-15 21:16:23,231 [INFO] RtosManager:555 - Registered RTOS mode: class=CMSIS, group=RTOS, mode=CMSIS_V1, owner=FREERTOS
2025-09-15 21:16:23,231 [INFO] RtosManager:555 - Registered RTOS mode: class=CMSIS, group=RTOS2, mode=CMSIS_V2, owner=FREERTOS
2025-09-15 21:16:23,231 [INFO] RtosManager:555 - Registered RTOS mode: class=RTOS, group=Core, mode=CMSIS_V1, owner=FREERTOS
2025-09-15 21:16:23,231 [INFO] RtosManager:555 - Registered RTOS mode: class=RTOS, group=Core, mode=CMSIS_V2, owner=FREERTOS
2025-09-15 21:16:23,231 [WARN] ModelIntegratedComponent:184 - Missing modes for component STMicroelectronics:FreeRTOS:0.0.1:STMicroelectronics:RTOS:FreeRTOS:Core:::10.2.0:
2025-09-15 21:16:23,238 [WARN] ModelIntegratedComponent:63 - No mode defined for component null
2025-09-15 21:16:23,238 [WARN] ModelIntegratedComponent:63 - No mode defined for component null
2025-09-15 21:16:23,239 [WARN] ModelIntegratedComponent:63 - No mode defined for component null
2025-09-15 21:16:23,239 [WARN] ModelIntegratedComponent:63 - No mode defined for component null
2025-09-15 21:16:23,239 [WARN] ModelIntegratedComponent:63 - No mode defined for component null
2025-09-15 21:16:23,239 [WARN] ModelIntegratedComponent:63 - No mode defined for component null
2025-09-15 21:16:23,239 [WARN] ModelIntegratedComponent:63 - No mode defined for component null
2025-09-15 21:16:23,239 [WARN] ModelIntegratedComponent:63 - No mode defined for component null
2025-09-15 21:16:23,239 [WARN] ModelIntegratedComponent:63 - No mode defined for component null
2025-09-15 21:16:23,239 [WARN] ModelIntegratedComponent:63 - No mode defined for component null
2025-09-15 21:16:23,239 [WARN] ModelIntegratedComponent:63 - No mode defined for component null
2025-09-15 21:16:23,239 [WARN] ModelIntegratedComponent:63 - No mode defined for component null
2025-09-15 21:16:23,239 [WARN] ModelIntegratedComponent:63 - No mode defined for component null
2025-09-15 21:16:23,239 [WARN] ModelIntegratedComponent:63 - No mode defined for component null
2025-09-15 21:16:23,239 [WARN] ModelIntegratedComponent:63 - No mode defined for component null
2025-09-15 21:16:23,239 [WARN] ModelIntegratedComponent:63 - No mode defined for component null
2025-09-15 21:16:23,239 [WARN] ModelIntegratedComponent:63 - No mode defined for component null
2025-09-15 21:16:23,240 [WARN] ModelIntegratedComponent:63 - No mode defined for component null
2025-09-15 21:16:23,240 [WARN] ModelIntegratedComponent:63 - No mode defined for component null
2025-09-15 21:16:23,240 [WARN] ModelIntegratedComponent:63 - No mode defined for component null
2025-09-15 21:16:23,240 [WARN] ModelIntegratedComponent:63 - No mode defined for component null
2025-09-15 21:16:23,240 [WARN] ModelIntegratedComponent:63 - No mode defined for component null
2025-09-15 21:16:23,240 [WARN] ModelIntegratedComponent:63 - No mode defined for component null
2025-09-15 21:16:23,240 [WARN] ModelIntegratedComponent:63 - No mode defined for component null
2025-09-15 21:16:23,240 [WARN] ModelIntegratedComponent:63 - No mode defined for component null
2025-09-15 21:16:23,240 [WARN] ModelIntegratedComponent:63 - No mode defined for component null
2025-09-15 21:16:23,240 [WARN] ModelIntegratedComponent:63 - No mode defined for component null
2025-09-15 21:16:23,240 [WARN] ModelIntegratedComponent:63 - No mode defined for component null
2025-09-15 21:16:23,240 [WARN] ModelIntegratedComponent:63 - No mode defined for component null
2025-09-15 21:16:23,240 [WARN] ModelIntegratedComponent:63 - No mode defined for component null
2025-09-15 21:16:23,240 [WARN] ModelIntegratedComponent:63 - No mode defined for component null
2025-09-15 21:16:23,240 [WARN] ModelIntegratedComponent:63 - No mode defined for component null
2025-09-15 21:16:23,240 [WARN] ModelIntegratedComponent:63 - No mode defined for component null
2025-09-15 21:16:23,240 [WARN] ModelIntegratedComponent:63 - No mode defined for component null
2025-09-15 21:16:23,240 [WARN] ModelIntegratedComponent:63 - No mode defined for component null
2025-09-15 21:16:23,240 [WARN] ModelPack:524 - Component already loaded: STMicroelectronics:HAL Drivers:0.0.0:STMicroelectronics:Device:STMicro_Driver:XSPI:HAL::0.0.1:HAL_XSPI
2025-09-15 21:16:23,315 [INFO] ThirdPartyModel:298 - Start build external matchings
2025-09-15 21:16:23,566 [INFO] ThirdPartyModel:316 - End build external matchings
2025-09-15 21:16:23,581 [INFO] ImportTextPane:205 - (OptionalMessage_ERROR) IP (RCC) : Parameter (FLatency) has Id (AdvancedSettings) currently not set
2025-09-15 21:16:23,581 [INFO] ImportTextPane:205 - (OptionalMessage_ERROR) IP (RCC) : Invalid parameter (FamilyName)
2025-09-15 21:16:23,582 [INFO] ImportTextPane:205 - (OptionalMessage_ERROR) IP (RCC) : Invalid parameter (VcooutputI2S)
2025-09-15 21:16:23,585 [WARN] IP:2191 - DEVICE_SERIAL0_CDC_FS not found: check if there is a RefParameter without a condition.
2025-09-15 21:16:23,585 [WARN] IP:2191 - DEVICE_SERIAL1_CDC_FS not found: check if there is a RefParameter without a condition.
2025-09-15 21:16:23,585 [WARN] IP:2191 - DEVICE_SERIAL2_CDC_FS not found: check if there is a RefParameter without a condition.
2025-09-15 21:16:23,788 [INFO] UtilMem:75 - End LoadConfig() Used Memory: 319602552 Bytes (709885952)
2025-09-15 21:16:23,801 [WARN] ThirdParty:833 - waiting for thirdparty lock release [change project]
2025-09-15 21:16:23,801 [INFO] ThirdParty:835 - entering critical section [change project]
2025-09-15 21:16:23,801 [INFO] ThirdParty:1030 - CMSIS Pack Vendor :STMicroelectronics X-CUBE-PM33A1 1.0.0
2025-09-15 21:16:23,801 [INFO] ThirdParty:1030 - CMSIS Pack Vendor :STMicroelectronics USBPD 4.1
2025-09-15 21:16:23,801 [INFO] ThirdParty:1030 - CMSIS Pack Vendor :STMicroelectronics X-CUBE-NFC9 1.0.0
2025-09-15 21:16:23,801 [INFO] ThirdParty:1030 - CMSIS Pack Vendor :STMicroelectronics USB_HOST 2.0.0
2025-09-15 21:16:23,801 [INFO] ThirdParty:1030 - CMSIS Pack Vendor :STMicroelectronics FP-SNS-MOTENVWB1 1.4.0
2025-09-15 21:16:23,801 [INFO] ThirdParty:1030 - CMSIS Pack Vendor :STMicroelectronics X-CUBE-AZRTOS-F4 1.1.0
2025-09-15 21:16:23,801 [INFO] ThirdParty:1030 - CMSIS Pack Vendor :STMicroelectronics LIBJPEG 8.0.0
2025-09-15 21:16:23,802 [INFO] ThirdParty:1030 - CMSIS Pack Vendor :STMicroelectronics FP-ATR-ASTRA1 2.0.2
2025-09-15 21:16:23,802 [INFO] ThirdParty:1030 - CMSIS Pack Vendor :wolfSSL I-CUBE-wolfSSL 5.8.2
2025-09-15 21:16:23,802 [INFO] ThirdParty:1030 - CMSIS Pack Vendor :STMicroelectronics X-CUBE-BLE1 7.1.0
2025-09-15 21:16:23,802 [INFO] ThirdParty:1030 - CMSIS Pack Vendor :STMicroelectronics X-CUBE-SMBUS 2.1.0
2025-09-15 21:16:23,802 [INFO] ThirdParty:1030 - CMSIS Pack Vendor :wolfSSL I-CUBE-wolfMQTT 1.19.2
2025-09-15 21:16:23,802 [INFO] ThirdParty:1030 - CMSIS Pack Vendor :STMicroelectronics USB_DEVICE 3.0.0
2025-09-15 21:16:23,802 [INFO] ThirdParty:1030 - CMSIS Pack Vendor :STMicroelectronics X-CUBE-ISPU 2.1.0
2025-09-15 21:16:23,802 [INFO] ThirdParty:1030 - CMSIS Pack Vendor :STMicroelectronics X-CUBE-EEPRMA1 5.2.0
2025-09-15 21:16:23,802 [INFO] ThirdParty:1030 - CMSIS Pack Vendor :STMicroelectronics X-CUBE-AZRTOS-WB 2.0.0
2025-09-15 21:16:23,802 [INFO] ThirdParty:1030 - CMSIS Pack Vendor :STMicroelectronics X-CUBE-GNSS1 7.0.1
2025-09-15 21:16:23,802 [INFO] ThirdParty:1030 - CMSIS Pack Vendor :STMicroelectronics X-CUBE-NFC12 1.0.0
2025-09-15 21:16:23,802 [INFO] ThirdParty:1030 - CMSIS Pack Vendor :STMicroelectronics X-CUBE-AZRTOS-F7 1.1.0
2025-09-15 21:16:23,802 [INFO] ThirdParty:1030 - CMSIS Pack Vendor :STMicroelectronics X-CUBE-AZRTOS-L5 2.0.0
2025-09-15 21:16:23,802 [INFO] ThirdParty:1030 - CMSIS Pack Vendor :STMicroelectronics X-CUBE-TOUCHGFX 4.25.0
2025-09-15 21:16:23,802 [INFO] ThirdParty:1030 - CMSIS Pack Vendor :STMicroelectronics USB_DEVICE 2.0.0
2025-09-15 21:16:23,802 [INFO] ThirdParty:1030 - CMSIS Pack Vendor :STMicroelectronics X-CUBE-NFC6 3.1.0
2025-09-15 21:16:23,802 [INFO] ThirdParty:1030 - CMSIS Pack Vendor :quantropi X-CUBE-qispace-sdk-base 2.1.0
2025-09-15 21:16:23,802 [INFO] ThirdParty:1030 - CMSIS Pack Vendor :STMicroelectronics FreeRTOS 0.0.1
2025-09-15 21:16:23,802 [INFO] ThirdParty:1030 - CMSIS Pack Vendor :STMicroelectronics X-CUBE-AZRTOS-G0 1.1.0
2025-09-15 21:16:23,802 [INFO] ThirdParty:1030 - CMSIS Pack Vendor :STMicroelectronics X-CUBE-SAFEA1 1.2.2
2025-09-15 21:16:23,802 [INFO] ThirdParty:1030 - CMSIS Pack Vendor :STMicroelectronics X-CUBE-NFC4 3.0.0
2025-09-15 21:16:23,802 [INFO] ThirdParty:1030 - CMSIS Pack Vendor :STMicroelectronics X-CUBE-SUBG2 5.0.0
2025-09-15 21:16:23,802 [INFO] ThirdParty:1030 - CMSIS Pack Vendor :STMicroelectronics X-CUBE-AZRTOS-H7RS 1.1.0
2025-09-15 21:16:23,802 [INFO] ThirdParty:1030 - CMSIS Pack Vendor :STMicroelectronics STM32_WPAN 1.0.0
2025-09-15 21:16:23,802 [INFO] ThirdParty:1030 - CMSIS Pack Vendor :EmbeddedOffice I-CUBE-FS-RTOS 1.0.1
2025-09-15 21:16:23,802 [INFO] ThirdParty:1030 - CMSIS Pack Vendor :STMicroelectronics lwIP 2.0.3
2025-09-15 21:16:23,803 [INFO] ThirdParty:1030 - CMSIS Pack Vendor :Cesanta I-CUBE-Mongoose 7.13.0
2025-09-15 21:16:23,803 [INFO] ThirdParty:1030 - CMSIS Pack Vendor :STMicroelectronics USB_HOST 1.0.0
2025-09-15 21:16:23,803 [INFO] ThirdParty:1030 - CMSIS Pack Vendor :Infineon AIROC-Wi-Fi-Bluetooth-STM32 1.7.1
2025-09-15 21:16:23,803 [INFO] ThirdParty:1030 - CMSIS Pack Vendor :STMicroelectronics X-CUBE-AZRTOS-G4 2.0.0
2025-09-15 21:16:23,803 [INFO] ThirdParty:1030 - CMSIS Pack Vendor :STMicroelectronics X-CUBE-WB05N 2.0.0
2025-09-15 21:16:23,803 [INFO] ThirdParty:1030 - CMSIS Pack Vendor :STMicroelectronics PDM2PCM 3.1.0
2025-09-15 21:16:23,803 [INFO] ThirdParty:1030 - CMSIS Pack Vendor :STMicroelectronics PDM2PCM 3.3.0
2025-09-15 21:16:23,803 [INFO] ThirdParty:1030 - CMSIS Pack Vendor :wolfSSL I-CUBE-wolfTPM 3.8.0
2025-09-15 21:16:23,803 [INFO] ThirdParty:1030 - CMSIS Pack Vendor :STMicroelectronics X-CUBE-AZRTOS-H7 3.4.0
2025-09-15 21:16:23,803 [INFO] ThirdParty:1030 - CMSIS Pack Vendor :STMicroelectronics X-CUBE-DISPLAY 3.0.0
2025-09-15 21:16:23,803 [INFO] ThirdParty:1030 - CMSIS Pack Vendor :wolfSSL I-CUBE-wolfSSH 1.4.20
2025-09-15 21:16:23,803 [INFO] ThirdParty:1030 - CMSIS Pack Vendor :STMicroelectronics X-CUBE-NFC7 2.0.0
2025-09-15 21:16:23,803 [INFO] ThirdParty:1030 - CMSIS Pack Vendor :RealThread X-CUBE-RT-Thread_Nano 4.1.1
2025-09-15 21:16:23,803 [INFO] ThirdParty:1030 - CMSIS Pack Vendor :STMicroelectronics FP-ATR-SIGFOX1 3.2.0
2025-09-15 21:16:23,803 [INFO] ThirdParty:1030 - CMSIS Pack Vendor :STMicroelectronics X-CUBE-NFC10 1.0.0
2025-09-15 21:16:23,803 [INFO] ThirdParty:1030 - CMSIS Pack Vendor :STMicroelectronics X-CUBE-FREERTOS 1.3.1
2025-09-15 21:16:23,803 [INFO] ThirdParty:1030 - CMSIS Pack Vendor :STMicroelectronics HAL Drivers 0.0.0
2025-09-15 21:16:23,804 [INFO] ThirdParty:1030 - CMSIS Pack Vendor :STMicroelectronics MBEDTLS 2.16.2
2025-09-15 21:16:23,804 [INFO] ThirdParty:1030 - CMSIS Pack Vendor :STMicroelectronics X-CUBE-ALS 1.0.2
2025-09-15 21:16:23,804 [INFO] ThirdParty:1030 - CMSIS Pack Vendor :emotas I-CUBE-CANOPEN 1.3.0
2025-09-15 21:16:23,804 [INFO] ThirdParty:1030 - CMSIS Pack Vendor :STMicroelectronics MBEDTLS 2.14.1
2025-09-15 21:16:23,804 [INFO] ThirdParty:1030 - CMSIS Pack Vendor :ITTIA_DB I-CUBE-ITTIADB 8.9.0
2025-09-15 21:16:23,804 [INFO] ThirdParty:1030 - CMSIS Pack Vendor :STMicroelectronics X-CUBE-STSE01 1.0.0
2025-09-15 21:16:23,805 [INFO] ThirdParty:1030 - CMSIS Pack Vendor :portGmbH I-Cube-SoM-uGOAL 1.1.0
2025-09-15 21:16:23,805 [INFO] ThirdParty:1030 - CMSIS Pack Vendor :STMicroelectronics X-CUBE-AI 10.2.0
2025-09-15 21:16:23,807 [INFO] ThirdParty:1030 - CMSIS Pack Vendor :STMicroelectronics ThreadX 1.0.0
2025-09-15 21:16:23,807 [INFO] ThirdParty:1030 - CMSIS Pack Vendor :STMicroelectronics FP-SNS-SMARTAG2 1.2.0
2025-09-15 21:16:23,807 [INFO] ThirdParty:1030 - CMSIS Pack Vendor :STMicroelectronics X-CUBE-AZRTOS-WL 2.0.0
2025-09-15 21:16:23,807 [INFO] ThirdParty:1030 - CMSIS Pack Vendor :SEGGER I-CUBE-embOS 1.3.1
2025-09-15 21:16:23,808 [INFO] ThirdParty:1030 - CMSIS Pack Vendor :STMicroelectronics X-CUBE-ALGOBUILD 1.4.0
2025-09-15 21:16:23,808 [INFO] ThirdParty:1030 - CMSIS Pack Vendor :STMicroelectronics X-CUBE-DPower 1.3.0
2025-09-15 21:16:23,808 [INFO] ThirdParty:1030 - CMSIS Pack Vendor :STMicroelectronics X-CUBE-MEMS1 11.3.0
2025-09-15 21:16:23,808 [INFO] ThirdParty:1030 - CMSIS Pack Vendor :STMicroelectronics FP-SNS-MOTENV1 5.0.0
2025-09-15 21:16:23,808 [INFO] ThirdParty:1030 - CMSIS Pack Vendor :STMicroelectronics USB_DEVICE 1.0.0
2025-09-15 21:16:23,808 [INFO] ThirdParty:1030 - CMSIS Pack Vendor :STMicroelectronics X-CUBE-AZRTOS-L4 2.0.0
2025-09-15 21:16:23,808 [INFO] ThirdParty:1030 - CMSIS Pack Vendor :STMicroelectronics ThreadX 0.0.2
2025-09-15 21:16:23,808 [INFO] ThirdParty:1030 - CMSIS Pack Vendor :WES I-CUBE-Cesium 1.3.0
2025-09-15 21:16:23,808 [INFO] ThirdParty:1030 - CMSIS Pack Vendor :STMicroelectronics lwIP 2.1.2
2025-09-15 21:16:23,808 [INFO] ThirdParty:1030 - CMSIS Pack Vendor :STMicroelectronics X-CUBE-SFXS2LP1 4.0.0
2025-09-15 21:16:23,808 [INFO] ThirdParty:1030 - CMSIS Pack Vendor :STMicroelectronics X-CUBE-BLE2 3.3.0
2025-09-15 21:16:23,808 [INFO] ThirdParty:1030 - CMSIS Pack Vendor :STMicroelectronics PDM2PCM 3.2.0
2025-09-15 21:16:23,808 [INFO] ThirdParty:841 - exiting critical section [change project]
2025-09-15 21:16:24,127 [INFO] PinOutPanel:1561 - setPackage(No Configuration,No Configuration)
2025-09-15 21:16:24,128 [INFO] PinOutPanel:1561 - setPackage(STM32F446RETx,LQFP64)
2025-09-15 21:16:24,450 [INFO] UtilMem:75 - Before build in PCC Used Memory: 247997392 Bytes (709885952)
2025-09-15 21:16:24,812 [INFO] UtilMem:75 - After build in PCC Used Memory: 297802704 Bytes (709885952)
2025-09-15 21:16:24,819 [INFO] ApiDbMcu:508 - Load IP Config File for USB_DEVICE
2025-09-15 21:16:24,845 [INFO] IPUIPlugin:80 - create IPUIPlugin
2025-09-15 21:16:24,846 [INFO] IPUIPlugin:80 - create IPUIPlugin
2025-09-15 21:16:24,846 [INFO] IPUIPlugin:80 - create IPUIPlugin
2025-09-15 21:16:24,846 [INFO] IPUIPlugin:80 - create IPUIPlugin
2025-09-15 21:16:24,846 [INFO] IPUIPlugin:80 - create IPUIPlugin
2025-09-15 21:16:24,846 [INFO] IPUIPlugin:80 - create IPUIPlugin
2025-09-15 21:16:24,846 [INFO] IPUIPlugin:80 - create IPUIPlugin
2025-09-15 21:16:24,846 [INFO] IPUIPlugin:80 - create IPUIPlugin
2025-09-15 21:16:24,846 [INFO] IPUIPlugin:80 - create IPUIPlugin
2025-09-15 21:16:24,846 [INFO] IPUIPlugin:80 - create IPUIPlugin
2025-09-15 21:16:24,846 [INFO] IPUIPlugin:80 - create IPUIPlugin
2025-09-15 21:16:24,847 [INFO] IPUIPlugin:80 - create IPUIPlugin
2025-09-15 21:16:24,847 [INFO] IPUIPlugin:80 - create IPUIPlugin
2025-09-15 21:16:24,847 [INFO] IPUIPlugin:80 - create IPUIPlugin
2025-09-15 21:16:24,847 [INFO] IPUIPlugin:80 - create IPUIPlugin
2025-09-15 21:16:24,847 [INFO] IPUIPlugin:80 - create IPUIPlugin
2025-09-15 21:16:24,847 [INFO] IPUIPlugin:80 - create IPUIPlugin
2025-09-15 21:16:24,847 [INFO] IPUIPlugin:80 - create IPUIPlugin
2025-09-15 21:16:24,847 [INFO] IPUIPlugin:80 - create IPUIPlugin
2025-09-15 21:16:24,847 [INFO] IPUIPlugin:80 - create IPUIPlugin
2025-09-15 21:16:24,848 [INFO] IPUIPlugin:80 - create IPUIPlugin
2025-09-15 21:16:24,848 [INFO] IPUIPlugin:80 - create IPUIPlugin
2025-09-15 21:16:24,848 [INFO] IPUIPlugin:80 - create IPUIPlugin
2025-09-15 21:16:24,848 [INFO] IPUIPlugin:80 - create IPUIPlugin
2025-09-15 21:16:24,848 [INFO] IPUIPlugin:80 - create IPUIPlugin
2025-09-15 21:16:24,849 [INFO] IPUIPlugin:80 - create IPUIPlugin
2025-09-15 21:16:24,849 [INFO] IPUIPlugin:80 - create IPUIPlugin
2025-09-15 21:16:24,849 [INFO] IPUIPlugin:80 - create IPUIPlugin
2025-09-15 21:16:24,849 [INFO] IPUIPlugin:80 - create IPUIPlugin
2025-09-15 21:16:24,849 [INFO] IPUIPlugin:80 - create IPUIPlugin
2025-09-15 21:16:24,849 [INFO] IPUIPlugin:80 - create IPUIPlugin
2025-09-15 21:16:24,850 [INFO] IPUIPlugin:80 - create IPUIPlugin
2025-09-15 21:16:24,850 [INFO] IPUIPlugin:80 - create IPUIPlugin
2025-09-15 21:16:24,850 [INFO] IPUIPlugin:80 - create IPUIPlugin
2025-09-15 21:16:24,850 [INFO] IPUIPlugin:80 - create IPUIPlugin
2025-09-15 21:16:24,850 [INFO] IPUIPlugin:80 - create IPUIPlugin
2025-09-15 21:16:24,850 [INFO] IPUIPlugin:80 - create IPUIPlugin
2025-09-15 21:16:24,850 [INFO] IPUIPlugin:80 - create IPUIPlugin
2025-09-15 21:16:24,851 [INFO] IPUIPlugin:80 - create IPUIPlugin
2025-09-15 21:16:24,851 [INFO] IPUIPlugin:80 - create IPUIPlugin
2025-09-15 21:16:24,851 [INFO] IPUIPlugin:80 - create IPUIPlugin
2025-09-15 21:16:24,851 [INFO] IPUIPlugin:80 - create IPUIPlugin
2025-09-15 21:16:24,851 [INFO] IPUIPlugin:80 - create IPUIPlugin
2025-09-15 21:16:24,851 [INFO] IPUIPlugin:80 - create IPUIPlugin
2025-09-15 21:16:24,851 [INFO] IPUIPlugin:80 - create IPUIPlugin
2025-09-15 21:16:24,852 [INFO] IPUIPlugin:80 - create IPUIPlugin
2025-09-15 21:16:24,852 [INFO] IPUIPlugin:80 - create IPUIPlugin
2025-09-15 21:16:24,852 [INFO] IPUIPlugin:80 - create IPUIPlugin
2025-09-15 21:16:24,852 [INFO] IPUIPlugin:80 - create IPUIPlugin
2025-09-15 21:16:24,852 [INFO] IPUIPlugin:80 - create IPUIPlugin
2025-09-15 21:16:24,853 [INFO] IPUIPlugin:80 - create IPUIPlugin
2025-09-15 21:16:24,853 [INFO] IPUIPlugin:80 - create IPUIPlugin
2025-09-15 21:16:24,853 [INFO] IPUIPlugin:80 - create IPUIPlugin
2025-09-15 21:16:24,853 [INFO] IPUIPlugin:80 - create IPUIPlugin
2025-09-15 21:16:24,853 [INFO] IPUIPlugin:80 - create IPUIPlugin
2025-09-15 21:16:24,854 [INFO] IPUIPlugin:80 - create IPUIPlugin
2025-09-15 21:16:24,854 [INFO] IPUIPlugin:80 - create IPUIPlugin
2025-09-15 21:16:24,854 [INFO] IPUIPlugin:80 - create IPUIPlugin
2025-09-15 21:16:24,855 [INFO] IPUIPlugin:80 - create IPUIPlugin
2025-09-15 21:16:24,855 [INFO] IPUIPlugin:80 - create IPUIPlugin
2025-09-15 21:16:24,857 [INFO] ApiDbMcu:508 - Load IP Config File for PDM2PCM
2025-09-15 21:16:24,921 [INFO] CADModel:165 - CPN selected for project levelSTM32F446RET6
2025-09-15 21:16:24,921 [INFO] CADModel:114 - Register for checkConnection events
2025-09-15 21:16:24,960 [INFO] OpenFileManager:363 - Restore cursor
2025-09-15 21:16:25,132 [WARN] IP:2191 - DEVICE_SERIAL0_CDC_FS not found: check if there is a RefParameter without a condition.
2025-09-15 21:16:25,132 [WARN] IP:2191 - DEVICE_SERIAL1_CDC_FS not found: check if there is a RefParameter without a condition.
2025-09-15 21:16:25,132 [WARN] IP:2191 - DEVICE_SERIAL2_CDC_FS not found: check if there is a RefParameter without a condition.
2025-09-15 21:16:25,133 [WARN] IP:2191 - DEVICE_SERIAL0_CDC_FS not found: check if there is a RefParameter without a condition.
2025-09-15 21:16:25,133 [WARN] IP:2191 - DEVICE_SERIAL1_CDC_FS not found: check if there is a RefParameter without a condition.
2025-09-15 21:16:25,133 [WARN] IP:2191 - DEVICE_SERIAL2_CDC_FS not found: check if there is a RefParameter without a condition.
2025-09-15 21:16:30,782 [ERROR] LogOutputStream:75 - [STDERR_REDIRECT] Sep 15, 2025 9:16:30 PM java.util.prefs.FileSystemPreferences checkLockFile0ErrorCode
2025-09-15 21:16:30,782 [ERROR] LogOutputStream:75 - [STDERR_REDIRECT] WARNING: Could not lock System prefs. Unix error code 2.
2025-09-15 21:16:30,782 [ERROR] LogOutputStream:75 - [STDERR_REDIRECT] 
2025-09-15 21:16:30,783 [ERROR] LogOutputStream:75 - [STDERR_REDIRECT] Sep 15, 2025 9:16:30 PM java.util.prefs.FileSystemPreferences syncWorld
2025-09-15 21:16:30,783 [ERROR] LogOutputStream:75 - [STDERR_REDIRECT] WARNING: Couldn't flush system prefs: java.util.prefs.BackingStoreException: Couldn't get file lock.
2025-09-15 21:16:30,783 [ERROR] LogOutputStream:75 - [STDERR_REDIRECT] 
2025-09-15 21:17:00,780 [ERROR] LogOutputStream:75 - [STDERR_REDIRECT] Sep 15, 2025 9:17:00 PM java.util.prefs.FileSystemPreferences checkLockFile0ErrorCode
2025-09-15 21:17:00,780 [ERROR] LogOutputStream:75 - [STDERR_REDIRECT] WARNING: Could not lock System prefs. Unix error code 2.
2025-09-15 21:17:00,780 [ERROR] LogOutputStream:75 - [STDERR_REDIRECT] 
2025-09-15 21:17:00,780 [ERROR] LogOutputStream:75 - [STDERR_REDIRECT] Sep 15, 2025 9:17:00 PM java.util.prefs.FileSystemPreferences syncWorld
2025-09-15 21:17:00,780 [ERROR] LogOutputStream:75 - [STDERR_REDIRECT] WARNING: Couldn't flush system prefs: java.util.prefs.BackingStoreException: Couldn't get file lock.
2025-09-15 21:17:00,780 [ERROR] LogOutputStream:75 - [STDERR_REDIRECT] 
2025-09-15 21:17:30,780 [ERROR] LogOutputStream:75 - [STDERR_REDIRECT] Sep 15, 2025 9:17:30 PM java.util.prefs.FileSystemPreferences checkLockFile0ErrorCode
2025-09-15 21:17:30,780 [ERROR] LogOutputStream:75 - [STDERR_REDIRECT] WARNING: Could not lock System prefs. Unix error code 2.
2025-09-15 21:17:30,780 [ERROR] LogOutputStream:75 - [STDERR_REDIRECT] 
2025-09-15 21:17:30,781 [ERROR] LogOutputStream:75 - [STDERR_REDIRECT] Sep 15, 2025 9:17:30 PM java.util.prefs.FileSystemPreferences syncWorld
2025-09-15 21:17:30,781 [ERROR] LogOutputStream:75 - [STDERR_REDIRECT] WARNING: Couldn't flush system prefs: java.util.prefs.BackingStoreException: Couldn't get file lock.
2025-09-15 21:17:30,781 [ERROR] LogOutputStream:75 - [STDERR_REDIRECT] 
2025-09-15 21:18:00,780 [ERROR] LogOutputStream:75 - [STDERR_REDIRECT] Sep 15, 2025 9:18:00 PM java.util.prefs.FileSystemPreferences checkLockFile0ErrorCode
2025-09-15 21:18:00,780 [ERROR] LogOutputStream:75 - [STDERR_REDIRECT] WARNING: Could not lock System prefs. Unix error code 2.
2025-09-15 21:18:00,780 [ERROR] LogOutputStream:75 - [STDERR_REDIRECT] 
2025-09-15 21:18:00,781 [ERROR] LogOutputStream:75 - [STDERR_REDIRECT] Sep 15, 2025 9:18:00 PM java.util.prefs.FileSystemPreferences syncWorld
2025-09-15 21:18:00,781 [ERROR] LogOutputStream:75 - [STDERR_REDIRECT] WARNING: Couldn't flush system prefs: java.util.prefs.BackingStoreException: Couldn't get file lock.
2025-09-15 21:18:00,781 [ERROR] LogOutputStream:75 - [STDERR_REDIRECT] 
2025-09-15 21:18:26,099 [INFO] UtilMem:75 - End SaveConfig() Used Memory: 628646576 Bytes (724566016)
2025-09-15 21:18:29,235 [INFO] UtilMem:75 - End SaveConfig() Used Memory: 233009616 Bytes (724566016)
2025-09-15 21:18:29,509 [INFO] UtilMem:75 - End SaveConfig() Used Memory: 320567760 Bytes (724566016)
2025-09-15 21:18:30,225 [INFO] BlockDiagram:2766 - set Specific Code input for plugin: TIM1_8
2025-09-15 21:18:30,225 [INFO] BlockDiagram:2766 - set Specific Code input for plugin: USB_DEVICE
2025-09-15 21:18:30,225 [INFO] BlockDiagram:2766 - set Specific Code input for plugin: SYS
2025-09-15 21:18:30,225 [INFO] BlockDiagram:2766 - set Specific Code input for plugin: ADC
2025-09-15 21:18:30,225 [INFO] BlockDiagram:2766 - set Specific Code input for plugin: RCC
2025-09-15 21:18:30,225 [INFO] BlockDiagram:2766 - set Specific Code input for plugin: USB_OTG_FS
2025-09-15 21:18:30,225 [INFO] BlockDiagram:2766 - set Specific Code input for plugin: NVIC
2025-09-15 21:18:30,225 [INFO] BlockDiagram:2766 - set Specific Code input for plugin: USART
2025-09-15 21:18:30,225 [INFO] BlockDiagram:2766 - set Specific Code input for plugin: USART
2025-09-15 21:18:30,225 [INFO] BlockDiagram:2766 - set Specific Code input for plugin: UART
2025-09-15 21:18:30,225 [INFO] BlockDiagram:2766 - set Specific Code input for plugin: UART
2025-09-15 21:18:30,226 [INFO] BlockDiagram:2766 - set Specific Code input for plugin: GPIO
2025-09-15 21:18:30,226 [INFO] CodeGenerator:807 - code generatio: config db path: /opt/st/stm32cubeide_1.16.0/plugins/com.st.stm32cube.common.mx_6.12.0.202406281431//db/
2025-09-15 21:18:30,286 [WARN] IP:2191 - DEVICE_SERIAL0_CDC_FS not found: check if there is a RefParameter without a condition.
2025-09-15 21:18:30,286 [WARN] IP:2191 - DEVICE_SERIAL1_CDC_FS not found: check if there is a RefParameter without a condition.
2025-09-15 21:18:30,286 [WARN] IP:2191 - DEVICE_SERIAL2_CDC_FS not found: check if there is a RefParameter without a condition.
2025-09-15 21:18:30,519 [INFO] CodeEngine:255 - oldGeneratedFile, /home/kailas/Music/LC_GATE_RAILWAY-master/LC_GATE_RAILWAY-master/RAILWAY_GATE_FINAL/MXTmpFiles/license.tmp_save
2025-09-15 21:18:30,784 [ERROR] LogOutputStream:75 - [STDERR_REDIRECT] Sep 15, 2025 9:18:30 PM java.util.prefs.FileSystemPreferences checkLockFile0ErrorCode
2025-09-15 21:18:30,784 [ERROR] LogOutputStream:75 - [STDERR_REDIRECT] WARNING: Could not lock System prefs. Unix error code 2.
2025-09-15 21:18:30,784 [ERROR] LogOutputStream:75 - [STDERR_REDIRECT] 
2025-09-15 21:18:30,784 [ERROR] LogOutputStream:75 - [STDERR_REDIRECT] Sep 15, 2025 9:18:30 PM java.util.prefs.FileSystemPreferences syncWorld
2025-09-15 21:18:30,784 [ERROR] LogOutputStream:75 - [STDERR_REDIRECT] WARNING: Couldn't flush system prefs: java.util.prefs.BackingStoreException: Couldn't get file lock.
2025-09-15 21:18:30,784 [ERROR] LogOutputStream:75 - [STDERR_REDIRECT] 
2025-09-15 21:18:30,904 [INFO] CodeEngine:279 - Generated code: /home/kailas/Music/LC_GATE_RAILWAY-master/LC_GATE_RAILWAY-master/RAILWAY_GATE_FINAL/MXTmpFiles/license.tmp
2025-09-15 21:18:30,984 [INFO] CodeEngine:255 - oldGeneratedFile, /home/kailas/Music/LC_GATE_RAILWAY-master/LC_GATE_RAILWAY-master/RAILWAY_GATE_FINAL/MXTmpFiles/gpio.tmp_save
2025-09-15 21:18:31,131 [INFO] CodeEngine:279 - Generated code: /home/kailas/Music/LC_GATE_RAILWAY-master/LC_GATE_RAILWAY-master/RAILWAY_GATE_FINAL/MXTmpFiles/gpio.tmp
2025-09-15 21:18:31,259 [WARN] IPConfigManager:3005 - Warning: the RefConfig PWREx_EnableUSBVoltageDetector is not available in your config.xml file
2025-09-15 21:18:31,270 [INFO] CodeEngine:255 - oldGeneratedFile, /home/kailas/Music/LC_GATE_RAILWAY-master/LC_GATE_RAILWAY-master/RAILWAY_GATE_FINAL/MXTmpFiles/usb_otg_fs_vars.tmp_save
2025-09-15 21:18:31,350 [INFO] CodeEngine:279 - Generated code: /home/kailas/Music/LC_GATE_RAILWAY-master/LC_GATE_RAILWAY-master/RAILWAY_GATE_FINAL/MXTmpFiles/usb_otg_fs_vars.tmp
2025-09-15 21:18:31,353 [INFO] CodeEngine:255 - oldGeneratedFile, /home/kailas/Music/LC_GATE_RAILWAY-master/LC_GATE_RAILWAY-master/RAILWAY_GATE_FINAL/MXTmpFiles/usb_otg_fs_inc.tmp_save
2025-09-15 21:18:31,419 [INFO] CodeEngine:279 - Generated code: /home/kailas/Music/LC_GATE_RAILWAY-master/LC_GATE_RAILWAY-master/RAILWAY_GATE_FINAL/MXTmpFiles/usb_otg_fs_inc.tmp
2025-09-15 21:18:31,421 [INFO] CodeEngine:255 - oldGeneratedFile, /home/kailas/Music/LC_GATE_RAILWAY-master/LC_GATE_RAILWAY-master/RAILWAY_GATE_FINAL/MXTmpFiles/usb_otg_fs_HalInit.tmp_save
2025-09-15 21:18:31,509 [INFO] CodeEngine:279 - Generated code: /home/kailas/Music/LC_GATE_RAILWAY-master/LC_GATE_RAILWAY-master/RAILWAY_GATE_FINAL/MXTmpFiles/usb_otg_fs_HalInit.tmp
2025-09-15 21:18:31,511 [INFO] CodeEngine:255 - oldGeneratedFile, /home/kailas/Music/LC_GATE_RAILWAY-master/LC_GATE_RAILWAY-master/RAILWAY_GATE_FINAL/MXTmpFiles/usb_otg_fs_Msp.tmp_save
2025-09-15 21:18:31,611 [INFO] CodeEngine:279 - Generated code: /home/kailas/Music/LC_GATE_RAILWAY-master/LC_GATE_RAILWAY-master/RAILWAY_GATE_FINAL/MXTmpFiles/usb_otg_fs_Msp.tmp
2025-09-15 21:18:32,103 [INFO] Middleware:1439 - No code input for Bsp Dependency
2025-09-15 21:18:32,167 [INFO] Middleware:1439 - No code input for Bsp Dependency
2025-09-15 21:18:32,173 [INFO] CodeEngine:255 - oldGeneratedFile, /home/kailas/Music/LC_GATE_RAILWAY-master/LC_GATE_RAILWAY-master/RAILWAY_GATE_FINAL/USB_DEVICE/App/usb_device.c_save
2025-09-15 21:18:32,260 [INFO] CodeEngine:279 - Generated code: /home/kailas/Music/LC_GATE_RAILWAY-master/LC_GATE_RAILWAY-master/RAILWAY_GATE_FINAL/USB_DEVICE/App/usb_device.c
2025-09-15 21:18:32,263 [INFO] CodeEngine:255 - oldGeneratedFile, /home/kailas/Music/LC_GATE_RAILWAY-master/LC_GATE_RAILWAY-master/RAILWAY_GATE_FINAL/USB_DEVICE/App/usb_device.h_save
2025-09-15 21:18:32,331 [INFO] CodeEngine:279 - Generated code: /home/kailas/Music/LC_GATE_RAILWAY-master/LC_GATE_RAILWAY-master/RAILWAY_GATE_FINAL/USB_DEVICE/App/usb_device.h
2025-09-15 21:18:32,334 [INFO] CodeEngine:255 - oldGeneratedFile, /home/kailas/Music/LC_GATE_RAILWAY-master/LC_GATE_RAILWAY-master/RAILWAY_GATE_FINAL/USB_DEVICE/Target/usbd_conf.h_save
2025-09-15 21:18:32,406 [INFO] CodeEngine:279 - Generated code: /home/kailas/Music/LC_GATE_RAILWAY-master/LC_GATE_RAILWAY-master/RAILWAY_GATE_FINAL/USB_DEVICE/Target/usbd_conf.h
2025-09-15 21:18:32,408 [INFO] CodeEngine:255 - oldGeneratedFile, /home/kailas/Music/LC_GATE_RAILWAY-master/LC_GATE_RAILWAY-master/RAILWAY_GATE_FINAL/USB_DEVICE/Target/usbd_conf.c_save
2025-09-15 21:18:32,497 [INFO] CodeEngine:279 - Generated code: /home/kailas/Music/LC_GATE_RAILWAY-master/LC_GATE_RAILWAY-master/RAILWAY_GATE_FINAL/USB_DEVICE/Target/usbd_conf.c
2025-09-15 21:18:32,501 [INFO] CodeEngine:255 - oldGeneratedFile, /home/kailas/Music/LC_GATE_RAILWAY-master/LC_GATE_RAILWAY-master/RAILWAY_GATE_FINAL/USB_DEVICE/App/usbd_desc.h_save
2025-09-15 21:18:32,573 [INFO] CodeEngine:279 - Generated code: /home/kailas/Music/LC_GATE_RAILWAY-master/LC_GATE_RAILWAY-master/RAILWAY_GATE_FINAL/USB_DEVICE/App/usbd_desc.h
2025-09-15 21:18:32,575 [INFO] CodeEngine:255 - oldGeneratedFile, /home/kailas/Music/LC_GATE_RAILWAY-master/LC_GATE_RAILWAY-master/RAILWAY_GATE_FINAL/USB_DEVICE/App/usbd_desc.c_save
2025-09-15 21:18:32,639 [INFO] CodeEngine:279 - Generated code: /home/kailas/Music/LC_GATE_RAILWAY-master/LC_GATE_RAILWAY-master/RAILWAY_GATE_FINAL/USB_DEVICE/App/usbd_desc.c
2025-09-15 21:18:32,641 [INFO] CodeEngine:255 - oldGeneratedFile, /home/kailas/Music/LC_GATE_RAILWAY-master/LC_GATE_RAILWAY-master/RAILWAY_GATE_FINAL/USB_DEVICE/App/usbd_cdc_if.h_save
2025-09-15 21:18:32,699 [INFO] CodeEngine:279 - Generated code: /home/kailas/Music/LC_GATE_RAILWAY-master/LC_GATE_RAILWAY-master/RAILWAY_GATE_FINAL/USB_DEVICE/App/usbd_cdc_if.h
2025-09-15 21:18:32,701 [INFO] CodeEngine:255 - oldGeneratedFile, /home/kailas/Music/LC_GATE_RAILWAY-master/LC_GATE_RAILWAY-master/RAILWAY_GATE_FINAL/USB_DEVICE/App/usbd_cdc_if.c_save
2025-09-15 21:18:32,770 [INFO] CodeEngine:279 - Generated code: /home/kailas/Music/LC_GATE_RAILWAY-master/LC_GATE_RAILWAY-master/RAILWAY_GATE_FINAL/USB_DEVICE/App/usbd_cdc_if.c
2025-09-15 21:18:32,782 [INFO] CodeEngine:255 - oldGeneratedFile, /home/kailas/Music/LC_GATE_RAILWAY-master/LC_GATE_RAILWAY-master/RAILWAY_GATE_FINAL/Core/Src/stm32f4xx_it.c_save
2025-09-15 21:18:32,904 [INFO] CodeEngine:279 - Generated code: /home/kailas/Music/LC_GATE_RAILWAY-master/LC_GATE_RAILWAY-master/RAILWAY_GATE_FINAL/Core/Src/stm32f4xx_it.c
2025-09-15 21:18:32,906 [INFO] CodeEngine:255 - oldGeneratedFile, /home/kailas/Music/LC_GATE_RAILWAY-master/LC_GATE_RAILWAY-master/RAILWAY_GATE_FINAL/Core/Inc/stm32f4xx_it.h_save
2025-09-15 21:18:32,970 [INFO] CodeEngine:279 - Generated code: /home/kailas/Music/LC_GATE_RAILWAY-master/LC_GATE_RAILWAY-master/RAILWAY_GATE_FINAL/Core/Inc/stm32f4xx_it.h
2025-09-15 21:18:32,988 [INFO] CodeEngine:255 - oldGeneratedFile, /home/kailas/Music/LC_GATE_RAILWAY-master/LC_GATE_RAILWAY-master/RAILWAY_GATE_FINAL/Core/Src/stm32f4xx_hal_msp.c_save
2025-09-15 21:18:33,148 [INFO] CodeEngine:279 - Generated code: /home/kailas/Music/LC_GATE_RAILWAY-master/LC_GATE_RAILWAY-master/RAILWAY_GATE_FINAL/Core/Src/stm32f4xx_hal_msp.c
2025-09-15 21:18:33,150 [INFO] CodeEngine:255 - oldGeneratedFile, /home/kailas/Music/LC_GATE_RAILWAY-master/LC_GATE_RAILWAY-master/RAILWAY_GATE_FINAL/MXTmpFiles/system.tmp_save
2025-09-15 21:18:33,213 [INFO] CodeEngine:279 - Generated code: /home/kailas/Music/LC_GATE_RAILWAY-master/LC_GATE_RAILWAY-master/RAILWAY_GATE_FINAL/MXTmpFiles/system.tmp
2025-09-15 21:18:33,220 [INFO] CodeEngine:311 - oldGeneratedFile, /home/kailas/Music/LC_GATE_RAILWAY-master/LC_GATE_RAILWAY-master/RAILWAY_GATE_FINAL/Core/Inc/stm32f4xx_hal_conf.h_save
2025-09-15 21:18:33,290 [INFO] CodeEngine:335 - Generated code: /home/kailas/Music/LC_GATE_RAILWAY-master/LC_GATE_RAILWAY-master/RAILWAY_GATE_FINAL/Core/Inc/stm32f4xx_hal_conf.h
2025-09-15 21:18:33,312 [WARN] IPConfigManager:3005 - Warning: the RefConfig PLL2P_FOR_MCO is not available in your config.xml file
2025-09-15 21:18:33,334 [WARN] IPConfigManager:3554 - IP not found : TIM
2025-09-15 21:18:33,335 [WARN] CodeGenerator:4002 - IP not found : null
2025-09-15 21:18:33,339 [INFO] CodeEngine:255 - oldGeneratedFile, /home/kailas/Music/LC_GATE_RAILWAY-master/LC_GATE_RAILWAY-master/RAILWAY_GATE_FINAL/Core/Inc/main.h_save
2025-09-15 21:18:33,437 [INFO] CodeEngine:279 - Generated code: /home/kailas/Music/LC_GATE_RAILWAY-master/LC_GATE_RAILWAY-master/RAILWAY_GATE_FINAL/Core/Inc/main.h
2025-09-15 21:18:33,440 [INFO] CodeEngine:255 - oldGeneratedFile, /home/kailas/Music/LC_GATE_RAILWAY-master/LC_GATE_RAILWAY-master/RAILWAY_GATE_FINAL/Core/Src/main.c_save
2025-09-15 21:18:33,592 [INFO] CodeEngine:279 - Generated code: /home/kailas/Music/LC_GATE_RAILWAY-master/LC_GATE_RAILWAY-master/RAILWAY_GATE_FINAL/Core/Src/main.c
2025-09-15 21:18:34,084 [INFO] ProjectBuilder:3249 - Time for Copy HAL[1] : 171mS.
2025-09-15 21:18:34,089 [INFO] ProjectBuilder:4828 - Project Generator version: 4.4.0-B60
2025-09-15 21:18:34,198 [INFO] ConfigFileManager:1531 - The Die is : DIE421
2025-09-15 21:18:34,205 [INFO] ApiDbMcu:508 - Load IP Config File for FATFS
2025-09-15 21:18:34,211 [INFO] ApiDbMcu:508 - Load IP Config File for FREERTOS
2025-09-15 21:18:34,214 [INFO] ApiDbMcu:508 - Load IP Config File for LIBJPEG
2025-09-15 21:18:34,221 [INFO] ApiDbMcu:508 - Load IP Config File for MBEDTLS
2025-09-15 21:18:34,225 [INFO] ApiDbMcu:508 - Load IP Config File for USB_HOST
2025-09-15 21:18:34,637 [INFO] LogOutputStream:77 - [STDOUT_REDIRECT] 
2025-09-15 21:18:35,631 [INFO] ProjectBuilder:5097 - Time for Generating toolchain IDE Files: 1542mS.
2025-09-15 21:18:35,632 [INFO] ProjectBuilder:3107 - Time for Copy CMSIS : 1mS.
2025-09-15 21:18:35,633 [INFO] ProjectBuilder:3107 - Time for Copy CMSIS : 0mS.
2025-09-15 21:19:00,787 [ERROR] LogOutputStream:75 - [STDERR_REDIRECT] Sep 15, 2025 9:19:00 PM java.util.prefs.FileSystemPreferences checkLockFile0ErrorCode
2025-09-15 21:19:00,787 [ERROR] LogOutputStream:75 - [STDERR_REDIRECT] WARNING: Could not lock System prefs. Unix error code 2.
2025-09-15 21:19:00,788 [ERROR] LogOutputStream:75 - [STDERR_REDIRECT] 
2025-09-15 21:19:00,789 [ERROR] LogOutputStream:75 - [STDERR_REDIRECT] Sep 15, 2025 9:19:00 PM java.util.prefs.FileSystemPreferences syncWorld
2025-09-15 21:19:00,789 [ERROR] LogOutputStream:75 - [STDERR_REDIRECT] WARNING: Couldn't flush system prefs: java.util.prefs.BackingStoreException: Couldn't get file lock.
2025-09-15 21:19:00,789 [ERROR] LogOutputStream:75 - [STDERR_REDIRECT] 
2025-09-15 21:19:30,783 [ERROR] LogOutputStream:75 - [STDERR_REDIRECT] Sep 15, 2025 9:19:30 PM java.util.prefs.FileSystemPreferences checkLockFile0ErrorCode
2025-09-15 21:19:30,783 [ERROR] LogOutputStream:75 - [STDERR_REDIRECT] WARNING: Could not lock System prefs. Unix error code 2.
2025-09-15 21:19:30,784 [ERROR] LogOutputStream:75 - [STDERR_REDIRECT] 
2025-09-15 21:19:30,784 [ERROR] LogOutputStream:75 - [STDERR_REDIRECT] Sep 15, 2025 9:19:30 PM java.util.prefs.FileSystemPreferences syncWorld
2025-09-15 21:19:30,785 [ERROR] LogOutputStream:75 - [STDERR_REDIRECT] WARNING: Couldn't flush system prefs: java.util.prefs.BackingStoreException: Couldn't get file lock.
2025-09-15 21:19:30,785 [ERROR] LogOutputStream:75 - [STDERR_REDIRECT] 
2025-09-15 21:20:00,783 [ERROR] LogOutputStream:75 - [STDERR_REDIRECT] Sep 15, 2025 9:20:00 PM java.util.prefs.FileSystemPreferences checkLockFile0ErrorCode
2025-09-15 21:20:00,783 [ERROR] LogOutputStream:75 - [STDERR_REDIRECT] WARNING: Could not lock System prefs. Unix error code 2.
2025-09-15 21:20:00,783 [ERROR] LogOutputStream:75 - [STDERR_REDIRECT] 
2025-09-15 21:20:00,784 [ERROR] LogOutputStream:75 - [STDERR_REDIRECT] Sep 15, 2025 9:20:00 PM java.util.prefs.FileSystemPreferences syncWorld
2025-09-15 21:20:00,784 [ERROR] LogOutputStream:75 - [STDERR_REDIRECT] WARNING: Couldn't flush system prefs: java.util.prefs.BackingStoreException: Couldn't get file lock.
2025-09-15 21:20:00,784 [ERROR] LogOutputStream:75 - [STDERR_REDIRECT] 
2025-09-15 21:20:30,783 [ERROR] LogOutputStream:75 - [STDERR_REDIRECT] Sep 15, 2025 9:20:30 PM java.util.prefs.FileSystemPreferences checkLockFile0ErrorCode
2025-09-15 21:20:30,783 [ERROR] LogOutputStream:75 - [STDERR_REDIRECT] WARNING: Could not lock System prefs. Unix error code 2.
2025-09-15 21:20:30,784 [ERROR] LogOutputStream:75 - [STDERR_REDIRECT] 
2025-09-15 21:20:30,784 [ERROR] LogOutputStream:75 - [STDERR_REDIRECT] Sep 15, 2025 9:20:30 PM java.util.prefs.FileSystemPreferences syncWorld
2025-09-15 21:20:30,784 [ERROR] LogOutputStream:75 - [STDERR_REDIRECT] WARNING: Couldn't flush system prefs: java.util.prefs.BackingStoreException: Couldn't get file lock.
2025-09-15 21:20:30,785 [ERROR] LogOutputStream:75 - [STDERR_REDIRECT] 
2025-09-15 21:21:00,783 [ERROR] LogOutputStream:75 - [STDERR_REDIRECT] Sep 15, 2025 9:21:00 PM java.util.prefs.FileSystemPreferences checkLockFile0ErrorCode
2025-09-15 21:21:00,783 [ERROR] LogOutputStream:75 - [STDERR_REDIRECT] WARNING: Could not lock System prefs. Unix error code 2.
2025-09-15 21:21:00,783 [ERROR] LogOutputStream:75 - [STDERR_REDIRECT] 
2025-09-15 21:21:00,784 [ERROR] LogOutputStream:75 - [STDERR_REDIRECT] Sep 15, 2025 9:21:00 PM java.util.prefs.FileSystemPreferences syncWorld
2025-09-15 21:21:00,784 [ERROR] LogOutputStream:75 - [STDERR_REDIRECT] WARNING: Couldn't flush system prefs: java.util.prefs.BackingStoreException: Couldn't get file lock.
2025-09-15 21:21:00,784 [ERROR] LogOutputStream:75 - [STDERR_REDIRECT] 
2025-09-15 21:21:30,783 [ERROR] LogOutputStream:75 - [STDERR_REDIRECT] Sep 15, 2025 9:21:30 PM java.util.prefs.FileSystemPreferences checkLockFile0ErrorCode
2025-09-15 21:21:30,784 [ERROR] LogOutputStream:75 - [STDERR_REDIRECT] WARNING: Could not lock System prefs. Unix error code 2.
2025-09-15 21:21:30,784 [ERROR] LogOutputStream:75 - [STDERR_REDIRECT] 
2025-09-15 21:21:30,784 [ERROR] LogOutputStream:75 - [STDERR_REDIRECT] Sep 15, 2025 9:21:30 PM java.util.prefs.FileSystemPreferences syncWorld
2025-09-15 21:21:30,785 [ERROR] LogOutputStream:75 - [STDERR_REDIRECT] WARNING: Couldn't flush system prefs: java.util.prefs.BackingStoreException: Couldn't get file lock.
2025-09-15 21:21:30,785 [ERROR] LogOutputStream:75 - [STDERR_REDIRECT] 
2025-09-15 21:22:00,784 [ERROR] LogOutputStream:75 - [STDERR_REDIRECT] Sep 15, 2025 9:22:00 PM java.util.prefs.FileSystemPreferences checkLockFile0ErrorCode
2025-09-15 21:22:00,784 [ERROR] LogOutputStream:75 - [STDERR_REDIRECT] WARNING: Could not lock System prefs. Unix error code 2.
2025-09-15 21:22:00,784 [ERROR] LogOutputStream:75 - [STDERR_REDIRECT] 
2025-09-15 21:22:00,785 [ERROR] LogOutputStream:75 - [STDERR_REDIRECT] Sep 15, 2025 9:22:00 PM java.util.prefs.FileSystemPreferences syncWorld
2025-09-15 21:22:00,786 [ERROR] LogOutputStream:75 - [STDERR_REDIRECT] WARNING: Couldn't flush system prefs: java.util.prefs.BackingStoreException: Couldn't get file lock.
2025-09-15 21:22:00,786 [ERROR] LogOutputStream:75 - [STDERR_REDIRECT] 
2025-09-15 21:22:30,784 [ERROR] LogOutputStream:75 - [STDERR_REDIRECT] Sep 15, 2025 9:22:30 PM java.util.prefs.FileSystemPreferences checkLockFile0ErrorCode
2025-09-15 21:22:30,784 [ERROR] LogOutputStream:75 - [STDERR_REDIRECT] WARNING: Could not lock System prefs. Unix error code 2.
2025-09-15 21:22:30,785 [ERROR] LogOutputStream:75 - [STDERR_REDIRECT] 
2025-09-15 21:22:30,785 [ERROR] LogOutputStream:75 - [STDERR_REDIRECT] Sep 15, 2025 9:22:30 PM java.util.prefs.FileSystemPreferences syncWorld
2025-09-15 21:22:30,785 [ERROR] LogOutputStream:75 - [STDERR_REDIRECT] WARNING: Couldn't flush system prefs: java.util.prefs.BackingStoreException: Couldn't get file lock.
2025-09-15 21:22:30,786 [ERROR] LogOutputStream:75 - [STDERR_REDIRECT] 
2025-09-15 21:23:00,783 [ERROR] LogOutputStream:75 - [STDERR_REDIRECT] Sep 15, 2025 9:23:00 PM java.util.prefs.FileSystemPreferences checkLockFile0ErrorCode
2025-09-15 21:23:00,784 [ERROR] LogOutputStream:75 - [STDERR_REDIRECT] WARNING: Could not lock System prefs. Unix error code 2.
2025-09-15 21:23:00,784 [ERROR] LogOutputStream:75 - [STDERR_REDIRECT] 
2025-09-15 21:23:00,785 [ERROR] LogOutputStream:75 - [STDERR_REDIRECT] Sep 15, 2025 9:23:00 PM java.util.prefs.FileSystemPreferences syncWorld
2025-09-15 21:23:00,785 [ERROR] LogOutputStream:75 - [STDERR_REDIRECT] WARNING: Couldn't flush system prefs: java.util.prefs.BackingStoreException: Couldn't get file lock.
2025-09-15 21:23:00,785 [ERROR] LogOutputStream:75 - [STDERR_REDIRECT] 
2025-09-15 21:23:30,784 [ERROR] LogOutputStream:75 - [STDERR_REDIRECT] Sep 15, 2025 9:23:30 PM java.util.prefs.FileSystemPreferences checkLockFile0ErrorCode
2025-09-15 21:23:30,784 [ERROR] LogOutputStream:75 - [STDERR_REDIRECT] WARNING: Could not lock System prefs. Unix error code 2.
2025-09-15 21:23:30,784 [ERROR] LogOutputStream:75 - [STDERR_REDIRECT] 
2025-09-15 21:23:30,785 [ERROR] LogOutputStream:75 - [STDERR_REDIRECT] Sep 15, 2025 9:23:30 PM java.util.prefs.FileSystemPreferences syncWorld
2025-09-15 21:23:30,785 [ERROR] LogOutputStream:75 - [STDERR_REDIRECT] WARNING: Couldn't flush system prefs: java.util.prefs.BackingStoreException: Couldn't get file lock.
2025-09-15 21:23:30,785 [ERROR] LogOutputStream:75 - [STDERR_REDIRECT] 
2025-09-15 21:24:00,784 [ERROR] LogOutputStream:75 - [STDERR_REDIRECT] Sep 15, 2025 9:24:00 PM java.util.prefs.FileSystemPreferences checkLockFile0ErrorCode
2025-09-15 21:24:00,784 [ERROR] LogOutputStream:75 - [STDERR_REDIRECT] WARNING: Could not lock System prefs. Unix error code 2.
2025-09-15 21:24:00,784 [ERROR] LogOutputStream:75 - [STDERR_REDIRECT] 
2025-09-15 21:24:00,785 [ERROR] LogOutputStream:75 - [STDERR_REDIRECT] Sep 15, 2025 9:24:00 PM java.util.prefs.FileSystemPreferences syncWorld
2025-09-15 21:24:00,785 [ERROR] LogOutputStream:75 - [STDERR_REDIRECT] WARNING: Couldn't flush system prefs: java.util.prefs.BackingStoreException: Couldn't get file lock.
2025-09-15 21:24:00,786 [ERROR] LogOutputStream:75 - [STDERR_REDIRECT] 
2025-09-15 21:24:30,784 [ERROR] LogOutputStream:75 - [STDERR_REDIRECT] Sep 15, 2025 9:24:30 PM java.util.prefs.FileSystemPreferences checkLockFile0ErrorCode
2025-09-15 21:24:30,784 [ERROR] LogOutputStream:75 - [STDERR_REDIRECT] WARNING: Could not lock System prefs. Unix error code 2.
2025-09-15 21:24:30,785 [ERROR] LogOutputStream:75 - [STDERR_REDIRECT] 
2025-09-15 21:24:30,785 [ERROR] LogOutputStream:75 - [STDERR_REDIRECT] Sep 15, 2025 9:24:30 PM java.util.prefs.FileSystemPreferences syncWorld
2025-09-15 21:24:30,785 [ERROR] LogOutputStream:75 - [STDERR_REDIRECT] WARNING: Couldn't flush system prefs: java.util.prefs.BackingStoreException: Couldn't get file lock.
2025-09-15 21:24:30,786 [ERROR] LogOutputStream:75 - [STDERR_REDIRECT] 
2025-09-15 21:25:00,785 [ERROR] LogOutputStream:75 - [STDERR_REDIRECT] Sep 15, 2025 9:25:00 PM java.util.prefs.FileSystemPreferences checkLockFile0ErrorCode
2025-09-15 21:25:00,786 [ERROR] LogOutputStream:75 - [STDERR_REDIRECT] WARNING: Could not lock System prefs. Unix error code 2.
2025-09-15 21:25:00,786 [ERROR] LogOutputStream:75 - [STDERR_REDIRECT] 
2025-09-15 21:25:00,786 [ERROR] LogOutputStream:75 - [STDERR_REDIRECT] Sep 15, 2025 9:25:00 PM java.util.prefs.FileSystemPreferences syncWorld
2025-09-15 21:25:00,787 [ERROR] LogOutputStream:75 - [STDERR_REDIRECT] WARNING: Couldn't flush system prefs: java.util.prefs.BackingStoreException: Couldn't get file lock.
2025-09-15 21:25:00,787 [ERROR] LogOutputStream:75 - [STDERR_REDIRECT] 
2025-09-15 21:25:30,784 [ERROR] LogOutputStream:75 - [STDERR_REDIRECT] Sep 15, 2025 9:25:30 PM java.util.prefs.FileSystemPreferences checkLockFile0ErrorCode
2025-09-15 21:25:30,784 [ERROR] LogOutputStream:75 - [STDERR_REDIRECT] WARNING: Could not lock System prefs. Unix error code 2.
2025-09-15 21:25:30,784 [ERROR] LogOutputStream:75 - [STDERR_REDIRECT] 
2025-09-15 21:25:30,784 [ERROR] LogOutputStream:75 - [STDERR_REDIRECT] Sep 15, 2025 9:25:30 PM java.util.prefs.FileSystemPreferences syncWorld
2025-09-15 21:25:30,784 [ERROR] LogOutputStream:75 - [STDERR_REDIRECT] WARNING: Couldn't flush system prefs: java.util.prefs.BackingStoreException: Couldn't get file lock.
2025-09-15 21:25:30,784 [ERROR] LogOutputStream:75 - [STDERR_REDIRECT] 
2025-09-15 21:26:00,784 [ERROR] LogOutputStream:75 - [STDERR_REDIRECT] Sep 15, 2025 9:26:00 PM java.util.prefs.FileSystemPreferences checkLockFile0ErrorCode
2025-09-15 21:26:00,784 [ERROR] LogOutputStream:75 - [STDERR_REDIRECT] WARNING: Could not lock System prefs. Unix error code 2.
2025-09-15 21:26:00,784 [ERROR] LogOutputStream:75 - [STDERR_REDIRECT] 
2025-09-15 21:26:00,785 [ERROR] LogOutputStream:75 - [STDERR_REDIRECT] Sep 15, 2025 9:26:00 PM java.util.prefs.FileSystemPreferences syncWorld
2025-09-15 21:26:00,785 [ERROR] LogOutputStream:75 - [STDERR_REDIRECT] WARNING: Couldn't flush system prefs: java.util.prefs.BackingStoreException: Couldn't get file lock.
2025-09-15 21:26:00,785 [ERROR] LogOutputStream:75 - [STDERR_REDIRECT] 
2025-09-15 21:26:30,788 [ERROR] LogOutputStream:75 - [STDERR_REDIRECT] Sep 15, 2025 9:26:30 PM java.util.prefs.FileSystemPreferences checkLockFile0ErrorCode
2025-09-15 21:26:30,788 [ERROR] LogOutputStream:75 - [STDERR_REDIRECT] WARNING: Could not lock System prefs. Unix error code 2.
2025-09-15 21:26:30,789 [ERROR] LogOutputStream:75 - [STDERR_REDIRECT] 
2025-09-15 21:26:30,789 [ERROR] LogOutputStream:75 - [STDERR_REDIRECT] Sep 15, 2025 9:26:30 PM java.util.prefs.FileSystemPreferences syncWorld
2025-09-15 21:26:30,789 [ERROR] LogOutputStream:75 - [STDERR_REDIRECT] WARNING: Couldn't flush system prefs: java.util.prefs.BackingStoreException: Couldn't get file lock.
2025-09-15 21:26:30,790 [ERROR] LogOutputStream:75 - [STDERR_REDIRECT] 
2025-09-15 21:27:00,785 [ERROR] LogOutputStream:75 - [STDERR_REDIRECT] Sep 15, 2025 9:27:00 PM java.util.prefs.FileSystemPreferences checkLockFile0ErrorCode
2025-09-15 21:27:00,785 [ERROR] LogOutputStream:75 - [STDERR_REDIRECT] WARNING: Could not lock System prefs. Unix error code 2.
2025-09-15 21:27:00,785 [ERROR] LogOutputStream:75 - [STDERR_REDIRECT] 
2025-09-15 21:27:00,786 [ERROR] LogOutputStream:75 - [STDERR_REDIRECT] Sep 15, 2025 9:27:00 PM java.util.prefs.FileSystemPreferences syncWorld
2025-09-15 21:27:00,786 [ERROR] LogOutputStream:75 - [STDERR_REDIRECT] WARNING: Couldn't flush system prefs: java.util.prefs.BackingStoreException: Couldn't get file lock.
2025-09-15 21:27:00,786 [ERROR] LogOutputStream:75 - [STDERR_REDIRECT] 
2025-09-15 21:27:30,783 [ERROR] LogOutputStream:75 - [STDERR_REDIRECT] Sep 15, 2025 9:27:30 PM java.util.prefs.FileSystemPreferences checkLockFile0ErrorCode
2025-09-15 21:27:30,784 [ERROR] LogOutputStream:75 - [STDERR_REDIRECT] WARNING: Could not lock System prefs. Unix error code 2.
2025-09-15 21:27:30,784 [ERROR] LogOutputStream:75 - [STDERR_REDIRECT] 
2025-09-15 21:27:30,784 [ERROR] LogOutputStream:75 - [STDERR_REDIRECT] Sep 15, 2025 9:27:30 PM java.util.prefs.FileSystemPreferences syncWorld
2025-09-15 21:27:30,785 [ERROR] LogOutputStream:75 - [STDERR_REDIRECT] WARNING: Couldn't flush system prefs: java.util.prefs.BackingStoreException: Couldn't get file lock.
2025-09-15 21:27:30,785 [ERROR] LogOutputStream:75 - [STDERR_REDIRECT] 
2025-09-15 21:28:00,784 [ERROR] LogOutputStream:75 - [STDERR_REDIRECT] Sep 15, 2025 9:28:00 PM java.util.prefs.FileSystemPreferences checkLockFile0ErrorCode
2025-09-15 21:28:00,784 [ERROR] LogOutputStream:75 - [STDERR_REDIRECT] WARNING: Could not lock System prefs. Unix error code 2.
2025-09-15 21:28:00,784 [ERROR] LogOutputStream:75 - [STDERR_REDIRECT] 
2025-09-15 21:28:00,785 [ERROR] LogOutputStream:75 - [STDERR_REDIRECT] Sep 15, 2025 9:28:00 PM java.util.prefs.FileSystemPreferences syncWorld
2025-09-15 21:28:00,785 [ERROR] LogOutputStream:75 - [STDERR_REDIRECT] WARNING: Couldn't flush system prefs: java.util.prefs.BackingStoreException: Couldn't get file lock.
2025-09-15 21:28:00,785 [ERROR] LogOutputStream:75 - [STDERR_REDIRECT] 
2025-09-15 21:28:30,784 [ERROR] LogOutputStream:75 - [STDERR_REDIRECT] Sep 15, 2025 9:28:30 PM java.util.prefs.FileSystemPreferences checkLockFile0ErrorCode
2025-09-15 21:28:30,784 [ERROR] LogOutputStream:75 - [STDERR_REDIRECT] WARNING: Could not lock System prefs. Unix error code 2.
2025-09-15 21:28:30,785 [ERROR] LogOutputStream:75 - [STDERR_REDIRECT] 
2025-09-15 21:28:30,785 [ERROR] LogOutputStream:75 - [STDERR_REDIRECT] Sep 15, 2025 9:28:30 PM java.util.prefs.FileSystemPreferences syncWorld
2025-09-15 21:28:30,785 [ERROR] LogOutputStream:75 - [STDERR_REDIRECT] WARNING: Couldn't flush system prefs: java.util.prefs.BackingStoreException: Couldn't get file lock.
2025-09-15 21:28:30,786 [ERROR] LogOutputStream:75 - [STDERR_REDIRECT] 
2025-09-15 21:29:00,783 [ERROR] LogOutputStream:75 - [STDERR_REDIRECT] Sep 15, 2025 9:29:00 PM java.util.prefs.FileSystemPreferences checkLockFile0ErrorCode
2025-09-15 21:29:00,784 [ERROR] LogOutputStream:75 - [STDERR_REDIRECT] WARNING: Could not lock System prefs. Unix error code 2.
2025-09-15 21:29:00,784 [ERROR] LogOutputStream:75 - [STDERR_REDIRECT] 
2025-09-15 21:29:00,785 [ERROR] LogOutputStream:75 - [STDERR_REDIRECT] Sep 15, 2025 9:29:00 PM java.util.prefs.FileSystemPreferences syncWorld
2025-09-15 21:29:00,785 [ERROR] LogOutputStream:75 - [STDERR_REDIRECT] WARNING: Couldn't flush system prefs: java.util.prefs.BackingStoreException: Couldn't get file lock.
2025-09-15 21:29:00,785 [ERROR] LogOutputStream:75 - [STDERR_REDIRECT] 
2025-09-15 21:29:30,784 [ERROR] LogOutputStream:75 - [STDERR_REDIRECT] Sep 15, 2025 9:29:30 PM java.util.prefs.FileSystemPreferences checkLockFile0ErrorCode
2025-09-15 21:29:30,784 [ERROR] LogOutputStream:75 - [STDERR_REDIRECT] WARNING: Could not lock System prefs. Unix error code 2.
2025-09-15 21:29:30,784 [ERROR] LogOutputStream:75 - [STDERR_REDIRECT] 
2025-09-15 21:29:30,785 [ERROR] LogOutputStream:75 - [STDERR_REDIRECT] Sep 15, 2025 9:29:30 PM java.util.prefs.FileSystemPreferences syncWorld
2025-09-15 21:29:30,785 [ERROR] LogOutputStream:75 - [STDERR_REDIRECT] WARNING: Couldn't flush system prefs: java.util.prefs.BackingStoreException: Couldn't get file lock.
2025-09-15 21:29:30,785 [ERROR] LogOutputStream:75 - [STDERR_REDIRECT] 
2025-09-15 21:30:00,782 [ERROR] LogOutputStream:75 - [STDERR_REDIRECT] Sep 15, 2025 9:30:00 PM java.util.prefs.FileSystemPreferences checkLockFile0ErrorCode
2025-09-15 21:30:00,782 [ERROR] LogOutputStream:75 - [STDERR_REDIRECT] WARNING: Could not lock System prefs. Unix error code 2.
2025-09-15 21:30:00,782 [ERROR] LogOutputStream:75 - [STDERR_REDIRECT] 
2025-09-15 21:30:00,783 [ERROR] LogOutputStream:75 - [STDERR_REDIRECT] Sep 15, 2025 9:30:00 PM java.util.prefs.FileSystemPreferences syncWorld
2025-09-15 21:30:00,783 [ERROR] LogOutputStream:75 - [STDERR_REDIRECT] WARNING: Couldn't flush system prefs: java.util.prefs.BackingStoreException: Couldn't get file lock.
2025-09-15 21:30:00,783 [ERROR] LogOutputStream:75 - [STDERR_REDIRECT] 
2025-09-15 21:30:30,784 [ERROR] LogOutputStream:75 - [STDERR_REDIRECT] Sep 15, 2025 9:30:30 PM java.util.prefs.FileSystemPreferences checkLockFile0ErrorCode
2025-09-15 21:30:30,784 [ERROR] LogOutputStream:75 - [STDERR_REDIRECT] WARNING: Could not lock System prefs. Unix error code 2.
2025-09-15 21:30:30,784 [ERROR] LogOutputStream:75 - [STDERR_REDIRECT] 
2025-09-15 21:30:30,785 [ERROR] LogOutputStream:75 - [STDERR_REDIRECT] Sep 15, 2025 9:30:30 PM java.util.prefs.FileSystemPreferences syncWorld
2025-09-15 21:30:30,785 [ERROR] LogOutputStream:75 - [STDERR_REDIRECT] WARNING: Couldn't flush system prefs: java.util.prefs.BackingStoreException: Couldn't get file lock.
2025-09-15 21:30:30,785 [ERROR] LogOutputStream:75 - [STDERR_REDIRECT] 
2025-09-15 21:31:00,784 [ERROR] LogOutputStream:75 - [STDERR_REDIRECT] Sep 15, 2025 9:31:00 PM java.util.prefs.FileSystemPreferences checkLockFile0ErrorCode
2025-09-15 21:31:00,784 [ERROR] LogOutputStream:75 - [STDERR_REDIRECT] WARNING: Could not lock System prefs. Unix error code 2.
2025-09-15 21:31:00,784 [ERROR] LogOutputStream:75 - [STDERR_REDIRECT] 
2025-09-15 21:31:00,785 [ERROR] LogOutputStream:75 - [STDERR_REDIRECT] Sep 15, 2025 9:31:00 PM java.util.prefs.FileSystemPreferences syncWorld
2025-09-15 21:31:00,785 [ERROR] LogOutputStream:75 - [STDERR_REDIRECT] WARNING: Couldn't flush system prefs: java.util.prefs.BackingStoreException: Couldn't get file lock.
2025-09-15 21:31:00,785 [ERROR] LogOutputStream:75 - [STDERR_REDIRECT] 
2025-09-15 21:31:30,784 [ERROR] LogOutputStream:75 - [STDERR_REDIRECT] Sep 15, 2025 9:31:30 PM java.util.prefs.FileSystemPreferences checkLockFile0ErrorCode
2025-09-15 21:31:30,784 [ERROR] LogOutputStream:75 - [STDERR_REDIRECT] WARNING: Could not lock System prefs. Unix error code 2.
2025-09-15 21:31:30,784 [ERROR] LogOutputStream:75 - [STDERR_REDIRECT] 
2025-09-15 21:31:30,784 [ERROR] LogOutputStream:75 - [STDERR_REDIRECT] Sep 15, 2025 9:31:30 PM java.util.prefs.FileSystemPreferences syncWorld
2025-09-15 21:31:30,785 [ERROR] LogOutputStream:75 - [STDERR_REDIRECT] WARNING: Couldn't flush system prefs: java.util.prefs.BackingStoreException: Couldn't get file lock.
2025-09-15 21:31:30,785 [ERROR] LogOutputStream:75 - [STDERR_REDIRECT] 
2025-09-15 21:32:00,783 [ERROR] LogOutputStream:75 - [STDERR_REDIRECT] Sep 15, 2025 9:32:00 PM java.util.prefs.FileSystemPreferences checkLockFile0ErrorCode
2025-09-15 21:32:00,783 [ERROR] LogOutputStream:75 - [STDERR_REDIRECT] WARNING: Could not lock System prefs. Unix error code 2.
2025-09-15 21:32:00,783 [ERROR] LogOutputStream:75 - [STDERR_REDIRECT] 
2025-09-15 21:32:00,783 [ERROR] LogOutputStream:75 - [STDERR_REDIRECT] Sep 15, 2025 9:32:00 PM java.util.prefs.FileSystemPreferences syncWorld
2025-09-15 21:32:00,783 [ERROR] LogOutputStream:75 - [STDERR_REDIRECT] WARNING: Couldn't flush system prefs: java.util.prefs.BackingStoreException: Couldn't get file lock.
2025-09-15 21:32:00,783 [ERROR] LogOutputStream:75 - [STDERR_REDIRECT] 
2025-09-15 21:32:30,784 [ERROR] LogOutputStream:75 - [STDERR_REDIRECT] Sep 15, 2025 9:32:30 PM java.util.prefs.FileSystemPreferences checkLockFile0ErrorCode
2025-09-15 21:32:30,784 [ERROR] LogOutputStream:75 - [STDERR_REDIRECT] WARNING: Could not lock System prefs. Unix error code 2.
2025-09-15 21:32:30,785 [ERROR] LogOutputStream:75 - [STDERR_REDIRECT] 
2025-09-15 21:32:30,785 [ERROR] LogOutputStream:75 - [STDERR_REDIRECT] Sep 15, 2025 9:32:30 PM java.util.prefs.FileSystemPreferences syncWorld
2025-09-15 21:32:30,785 [ERROR] LogOutputStream:75 - [STDERR_REDIRECT] WARNING: Couldn't flush system prefs: java.util.prefs.BackingStoreException: Couldn't get file lock.
2025-09-15 21:32:30,786 [ERROR] LogOutputStream:75 - [STDERR_REDIRECT] 
2025-09-15 21:33:00,784 [ERROR] LogOutputStream:75 - [STDERR_REDIRECT] Sep 15, 2025 9:33:00 PM java.util.prefs.FileSystemPreferences checkLockFile0ErrorCode
2025-09-15 21:33:00,784 [ERROR] LogOutputStream:75 - [STDERR_REDIRECT] WARNING: Could not lock System prefs. Unix error code 2.
2025-09-15 21:33:00,784 [ERROR] LogOutputStream:75 - [STDERR_REDIRECT] 
2025-09-15 21:33:00,785 [ERROR] LogOutputStream:75 - [STDERR_REDIRECT] Sep 15, 2025 9:33:00 PM java.util.prefs.FileSystemPreferences syncWorld
2025-09-15 21:33:00,785 [ERROR] LogOutputStream:75 - [STDERR_REDIRECT] WARNING: Couldn't flush system prefs: java.util.prefs.BackingStoreException: Couldn't get file lock.
2025-09-15 21:33:00,785 [ERROR] LogOutputStream:75 - [STDERR_REDIRECT] 
2025-09-15 21:33:30,784 [ERROR] LogOutputStream:75 - [STDERR_REDIRECT] Sep 15, 2025 9:33:30 PM java.util.prefs.FileSystemPreferences checkLockFile0ErrorCode
2025-09-15 21:33:30,784 [ERROR] LogOutputStream:75 - [STDERR_REDIRECT] WARNING: Could not lock System prefs. Unix error code 2.
2025-09-15 21:33:30,785 [ERROR] LogOutputStream:75 - [STDERR_REDIRECT] 
2025-09-15 21:33:30,785 [ERROR] LogOutputStream:75 - [STDERR_REDIRECT] Sep 15, 2025 9:33:30 PM java.util.prefs.FileSystemPreferences syncWorld
2025-09-15 21:33:30,785 [ERROR] LogOutputStream:75 - [STDERR_REDIRECT] WARNING: Couldn't flush system prefs: java.util.prefs.BackingStoreException: Couldn't get file lock.
2025-09-15 21:33:30,786 [ERROR] LogOutputStream:75 - [STDERR_REDIRECT] 
2025-09-15 21:34:00,783 [ERROR] LogOutputStream:75 - [STDERR_REDIRECT] Sep 15, 2025 9:34:00 PM java.util.prefs.FileSystemPreferences checkLockFile0ErrorCode
2025-09-15 21:34:00,784 [ERROR] LogOutputStream:75 - [STDERR_REDIRECT] WARNING: Could not lock System prefs. Unix error code 2.
2025-09-15 21:34:00,784 [ERROR] LogOutputStream:75 - [STDERR_REDIRECT] 
2025-09-15 21:34:00,784 [ERROR] LogOutputStream:75 - [STDERR_REDIRECT] Sep 15, 2025 9:34:00 PM java.util.prefs.FileSystemPreferences syncWorld
2025-09-15 21:34:00,785 [ERROR] LogOutputStream:75 - [STDERR_REDIRECT] WARNING: Couldn't flush system prefs: java.util.prefs.BackingStoreException: Couldn't get file lock.
2025-09-15 21:34:00,785 [ERROR] LogOutputStream:75 - [STDERR_REDIRECT] 
2025-09-15 21:34:30,783 [ERROR] LogOutputStream:75 - [STDERR_REDIRECT] Sep 15, 2025 9:34:30 PM java.util.prefs.FileSystemPreferences checkLockFile0ErrorCode
2025-09-15 21:34:30,783 [ERROR] LogOutputStream:75 - [STDERR_REDIRECT] WARNING: Could not lock System prefs. Unix error code 2.
2025-09-15 21:34:30,784 [ERROR] LogOutputStream:75 - [STDERR_REDIRECT] 
2025-09-15 21:34:30,784 [ERROR] LogOutputStream:75 - [STDERR_REDIRECT] Sep 15, 2025 9:34:30 PM java.util.prefs.FileSystemPreferences syncWorld
2025-09-15 21:34:30,784 [ERROR] LogOutputStream:75 - [STDERR_REDIRECT] WARNING: Couldn't flush system prefs: java.util.prefs.BackingStoreException: Couldn't get file lock.
2025-09-15 21:34:30,785 [ERROR] LogOutputStream:75 - [STDERR_REDIRECT] 
2025-09-15 21:35:00,783 [ERROR] LogOutputStream:75 - [STDERR_REDIRECT] Sep 15, 2025 9:35:00 PM java.util.prefs.FileSystemPreferences checkLockFile0ErrorCode
2025-09-15 21:35:00,783 [ERROR] LogOutputStream:75 - [STDERR_REDIRECT] WARNING: Could not lock System prefs. Unix error code 2.
2025-09-15 21:35:00,783 [ERROR] LogOutputStream:75 - [STDERR_REDIRECT] 
2025-09-15 21:35:00,784 [ERROR] LogOutputStream:75 - [STDERR_REDIRECT] Sep 15, 2025 9:35:00 PM java.util.prefs.FileSystemPreferences syncWorld
2025-09-15 21:35:00,784 [ERROR] LogOutputStream:75 - [STDERR_REDIRECT] WARNING: Couldn't flush system prefs: java.util.prefs.BackingStoreException: Couldn't get file lock.
2025-09-15 21:35:00,785 [ERROR] LogOutputStream:75 - [STDERR_REDIRECT] 
2025-09-15 21:35:30,783 [ERROR] LogOutputStream:75 - [STDERR_REDIRECT] Sep 15, 2025 9:35:30 PM java.util.prefs.FileSystemPreferences checkLockFile0ErrorCode
2025-09-15 21:35:30,783 [ERROR] LogOutputStream:75 - [STDERR_REDIRECT] WARNING: Could not lock System prefs. Unix error code 2.
2025-09-15 21:35:30,784 [ERROR] LogOutputStream:75 - [STDERR_REDIRECT] 
2025-09-15 21:35:30,784 [ERROR] LogOutputStream:75 - [STDERR_REDIRECT] Sep 15, 2025 9:35:30 PM java.util.prefs.FileSystemPreferences syncWorld
2025-09-15 21:35:30,784 [ERROR] LogOutputStream:75 - [STDERR_REDIRECT] WARNING: Couldn't flush system prefs: java.util.prefs.BackingStoreException: Couldn't get file lock.
2025-09-15 21:35:30,785 [ERROR] LogOutputStream:75 - [STDERR_REDIRECT] 
2025-09-15 21:36:00,784 [ERROR] LogOutputStream:75 - [STDERR_REDIRECT] Sep 15, 2025 9:36:00 PM java.util.prefs.FileSystemPreferences checkLockFile0ErrorCode
2025-09-15 21:36:00,784 [ERROR] LogOutputStream:75 - [STDERR_REDIRECT] WARNING: Could not lock System prefs. Unix error code 2.
2025-09-15 21:36:00,784 [ERROR] LogOutputStream:75 - [STDERR_REDIRECT] 
2025-09-15 21:36:00,785 [ERROR] LogOutputStream:75 - [STDERR_REDIRECT] Sep 15, 2025 9:36:00 PM java.util.prefs.FileSystemPreferences syncWorld
2025-09-15 21:36:00,785 [ERROR] LogOutputStream:75 - [STDERR_REDIRECT] WARNING: Couldn't flush system prefs: java.util.prefs.BackingStoreException: Couldn't get file lock.
2025-09-15 21:36:00,785 [ERROR] LogOutputStream:75 - [STDERR_REDIRECT] 
2025-09-15 21:36:30,784 [ERROR] LogOutputStream:75 - [STDERR_REDIRECT] Sep 15, 2025 9:36:30 PM java.util.prefs.FileSystemPreferences checkLockFile0ErrorCode
2025-09-15 21:36:30,784 [ERROR] LogOutputStream:75 - [STDERR_REDIRECT] WARNING: Could not lock System prefs. Unix error code 2.
2025-09-15 21:36:30,785 [ERROR] LogOutputStream:75 - [STDERR_REDIRECT] 
2025-09-15 21:36:30,785 [ERROR] LogOutputStream:75 - [STDERR_REDIRECT] Sep 15, 2025 9:36:30 PM java.util.prefs.FileSystemPreferences syncWorld
2025-09-15 21:36:30,785 [ERROR] LogOutputStream:75 - [STDERR_REDIRECT] WARNING: Couldn't flush system prefs: java.util.prefs.BackingStoreException: Couldn't get file lock.
2025-09-15 21:36:30,786 [ERROR] LogOutputStream:75 - [STDERR_REDIRECT] 
2025-09-15 21:37:00,783 [ERROR] LogOutputStream:75 - [STDERR_REDIRECT] Sep 15, 2025 9:37:00 PM java.util.prefs.FileSystemPreferences checkLockFile0ErrorCode
2025-09-15 21:37:00,784 [ERROR] LogOutputStream:75 - [STDERR_REDIRECT] WARNING: Could not lock System prefs. Unix error code 2.
2025-09-15 21:37:00,784 [ERROR] LogOutputStream:75 - [STDERR_REDIRECT] 
2025-09-15 21:37:00,785 [ERROR] LogOutputStream:75 - [STDERR_REDIRECT] Sep 15, 2025 9:37:00 PM java.util.prefs.FileSystemPreferences syncWorld
2025-09-15 21:37:00,785 [ERROR] LogOutputStream:75 - [STDERR_REDIRECT] WARNING: Couldn't flush system prefs: java.util.prefs.BackingStoreException: Couldn't get file lock.
2025-09-15 21:37:00,785 [ERROR] LogOutputStream:75 - [STDERR_REDIRECT] 
2025-09-15 21:37:30,784 [ERROR] LogOutputStream:75 - [STDERR_REDIRECT] Sep 15, 2025 9:37:30 PM java.util.prefs.FileSystemPreferences checkLockFile0ErrorCode
2025-09-15 21:37:30,785 [ERROR] LogOutputStream:75 - [STDERR_REDIRECT] WARNING: Could not lock System prefs. Unix error code 2.
2025-09-15 21:37:30,785 [ERROR] LogOutputStream:75 - [STDERR_REDIRECT] 
2025-09-15 21:37:30,786 [ERROR] LogOutputStream:75 - [STDERR_REDIRECT] Sep 15, 2025 9:37:30 PM java.util.prefs.FileSystemPreferences syncWorld
2025-09-15 21:37:30,786 [ERROR] LogOutputStream:75 - [STDERR_REDIRECT] WARNING: Couldn't flush system prefs: java.util.prefs.BackingStoreException: Couldn't get file lock.
2025-09-15 21:37:30,786 [ERROR] LogOutputStream:75 - [STDERR_REDIRECT] 
2025-09-15 21:38:00,784 [ERROR] LogOutputStream:75 - [STDERR_REDIRECT] Sep 15, 2025 9:38:00 PM java.util.prefs.FileSystemPreferences checkLockFile0ErrorCode
2025-09-15 21:38:00,784 [ERROR] LogOutputStream:75 - [STDERR_REDIRECT] WARNING: Could not lock System prefs. Unix error code 2.
2025-09-15 21:38:00,784 [ERROR] LogOutputStream:75 - [STDERR_REDIRECT] 
2025-09-15 21:38:00,785 [ERROR] LogOutputStream:75 - [STDERR_REDIRECT] Sep 15, 2025 9:38:00 PM java.util.prefs.FileSystemPreferences syncWorld
2025-09-15 21:38:00,785 [ERROR] LogOutputStream:75 - [STDERR_REDIRECT] WARNING: Couldn't flush system prefs: java.util.prefs.BackingStoreException: Couldn't get file lock.
2025-09-15 21:38:00,785 [ERROR] LogOutputStream:75 - [STDERR_REDIRECT] 
2025-09-15 21:38:30,784 [ERROR] LogOutputStream:75 - [STDERR_REDIRECT] Sep 15, 2025 9:38:30 PM java.util.prefs.FileSystemPreferences checkLockFile0ErrorCode
2025-09-15 21:38:30,784 [ERROR] LogOutputStream:75 - [STDERR_REDIRECT] WARNING: Could not lock System prefs. Unix error code 2.
2025-09-15 21:38:30,785 [ERROR] LogOutputStream:75 - [STDERR_REDIRECT] 
2025-09-15 21:38:30,785 [ERROR] LogOutputStream:75 - [STDERR_REDIRECT] Sep 15, 2025 9:38:30 PM java.util.prefs.FileSystemPreferences syncWorld
2025-09-15 21:38:30,786 [ERROR] LogOutputStream:75 - [STDERR_REDIRECT] WARNING: Couldn't flush system prefs: java.util.prefs.BackingStoreException: Couldn't get file lock.
2025-09-15 21:38:30,786 [ERROR] LogOutputStream:75 - [STDERR_REDIRECT] 
2025-09-15 21:39:00,783 [ERROR] LogOutputStream:75 - [STDERR_REDIRECT] Sep 15, 2025 9:39:00 PM java.util.prefs.FileSystemPreferences checkLockFile0ErrorCode
2025-09-15 21:39:00,784 [ERROR] LogOutputStream:75 - [STDERR_REDIRECT] WARNING: Could not lock System prefs. Unix error code 2.
2025-09-15 21:39:00,784 [ERROR] LogOutputStream:75 - [STDERR_REDIRECT] 
2025-09-15 21:39:00,785 [ERROR] LogOutputStream:75 - [STDERR_REDIRECT] Sep 15, 2025 9:39:00 PM java.util.prefs.FileSystemPreferences syncWorld
2025-09-15 21:39:00,785 [ERROR] LogOutputStream:75 - [STDERR_REDIRECT] WARNING: Couldn't flush system prefs: java.util.prefs.BackingStoreException: Couldn't get file lock.
2025-09-15 21:39:00,785 [ERROR] LogOutputStream:75 - [STDERR_REDIRECT] 
2025-09-15 21:39:30,784 [ERROR] LogOutputStream:75 - [STDERR_REDIRECT] Sep 15, 2025 9:39:30 PM java.util.prefs.FileSystemPreferences checkLockFile0ErrorCode
2025-09-15 21:39:30,785 [ERROR] LogOutputStream:75 - [STDERR_REDIRECT] WARNING: Could not lock System prefs. Unix error code 2.
2025-09-15 21:39:30,785 [ERROR] LogOutputStream:75 - [STDERR_REDIRECT] 
2025-09-15 21:39:30,785 [ERROR] LogOutputStream:75 - [STDERR_REDIRECT] Sep 15, 2025 9:39:30 PM java.util.prefs.FileSystemPreferences syncWorld
2025-09-15 21:39:30,786 [ERROR] LogOutputStream:75 - [STDERR_REDIRECT] WARNING: Couldn't flush system prefs: java.util.prefs.BackingStoreException: Couldn't get file lock.
2025-09-15 21:39:30,786 [ERROR] LogOutputStream:75 - [STDERR_REDIRECT] 
2025-09-15 21:40:00,783 [ERROR] LogOutputStream:75 - [STDERR_REDIRECT] Sep 15, 2025 9:40:00 PM java.util.prefs.FileSystemPreferences checkLockFile0ErrorCode
2025-09-15 21:40:00,784 [ERROR] LogOutputStream:75 - [STDERR_REDIRECT] WARNING: Could not lock System prefs. Unix error code 2.
2025-09-15 21:40:00,784 [ERROR] LogOutputStream:75 - [STDERR_REDIRECT] 
2025-09-15 21:40:00,784 [ERROR] LogOutputStream:75 - [STDERR_REDIRECT] Sep 15, 2025 9:40:00 PM java.util.prefs.FileSystemPreferences syncWorld
2025-09-15 21:40:00,785 [ERROR] LogOutputStream:75 - [STDERR_REDIRECT] WARNING: Couldn't flush system prefs: java.util.prefs.BackingStoreException: Couldn't get file lock.
2025-09-15 21:40:00,785 [ERROR] LogOutputStream:75 - [STDERR_REDIRECT] 
2025-09-15 21:40:30,782 [ERROR] LogOutputStream:75 - [STDERR_REDIRECT] Sep 15, 2025 9:40:30 PM java.util.prefs.FileSystemPreferences checkLockFile0ErrorCode
2025-09-15 21:40:30,782 [ERROR] LogOutputStream:75 - [STDERR_REDIRECT] WARNING: Could not lock System prefs. Unix error code 2.
2025-09-15 21:40:30,782 [ERROR] LogOutputStream:75 - [STDERR_REDIRECT] 
2025-09-15 21:40:30,782 [ERROR] LogOutputStream:75 - [STDERR_REDIRECT] Sep 15, 2025 9:40:30 PM java.util.prefs.FileSystemPreferences syncWorld
2025-09-15 21:40:30,783 [ERROR] LogOutputStream:75 - [STDERR_REDIRECT] WARNING: Couldn't flush system prefs: java.util.prefs.BackingStoreException: Couldn't get file lock.
2025-09-15 21:40:30,783 [ERROR] LogOutputStream:75 - [STDERR_REDIRECT] 
2025-09-15 21:41:00,783 [ERROR] LogOutputStream:75 - [STDERR_REDIRECT] Sep 15, 2025 9:41:00 PM java.util.prefs.FileSystemPreferences checkLockFile0ErrorCode
2025-09-15 21:41:00,783 [ERROR] LogOutputStream:75 - [STDERR_REDIRECT] WARNING: Could not lock System prefs. Unix error code 2.
2025-09-15 21:41:00,783 [ERROR] LogOutputStream:75 - [STDERR_REDIRECT] 
2025-09-15 21:41:00,784 [ERROR] LogOutputStream:75 - [STDERR_REDIRECT] Sep 15, 2025 9:41:00 PM java.util.prefs.FileSystemPreferences syncWorld
2025-09-15 21:41:00,784 [ERROR] LogOutputStream:75 - [STDERR_REDIRECT] WARNING: Couldn't flush system prefs: java.util.prefs.BackingStoreException: Couldn't get file lock.
2025-09-15 21:41:00,784 [ERROR] LogOutputStream:75 - [STDERR_REDIRECT] 
2025-09-15 21:41:30,783 [ERROR] LogOutputStream:75 - [STDERR_REDIRECT] Sep 15, 2025 9:41:30 PM java.util.prefs.FileSystemPreferences checkLockFile0ErrorCode
2025-09-15 21:41:30,783 [ERROR] LogOutputStream:75 - [STDERR_REDIRECT] WARNING: Could not lock System prefs. Unix error code 2.
2025-09-15 21:41:30,783 [ERROR] LogOutputStream:75 - [STDERR_REDIRECT] 
2025-09-15 21:41:30,783 [ERROR] LogOutputStream:75 - [STDERR_REDIRECT] Sep 15, 2025 9:41:30 PM java.util.prefs.FileSystemPreferences syncWorld
2025-09-15 21:41:30,783 [ERROR] LogOutputStream:75 - [STDERR_REDIRECT] WARNING: Couldn't flush system prefs: java.util.prefs.BackingStoreException: Couldn't get file lock.
2025-09-15 21:41:30,783 [ERROR] LogOutputStream:75 - [STDERR_REDIRECT] 
2025-09-15 21:42:00,784 [ERROR] LogOutputStream:75 - [STDERR_REDIRECT] Sep 15, 2025 9:42:00 PM java.util.prefs.FileSystemPreferences checkLockFile0ErrorCode
2025-09-15 21:42:00,784 [ERROR] LogOutputStream:75 - [STDERR_REDIRECT] WARNING: Could not lock System prefs. Unix error code 2.
2025-09-15 21:42:00,784 [ERROR] LogOutputStream:75 - [STDERR_REDIRECT] 
2025-09-15 21:42:00,785 [ERROR] LogOutputStream:75 - [STDERR_REDIRECT] Sep 15, 2025 9:42:00 PM java.util.prefs.FileSystemPreferences syncWorld
2025-09-15 21:42:00,785 [ERROR] LogOutputStream:75 - [STDERR_REDIRECT] WARNING: Couldn't flush system prefs: java.util.prefs.BackingStoreException: Couldn't get file lock.
2025-09-15 21:42:00,785 [ERROR] LogOutputStream:75 - [STDERR_REDIRECT] 
2025-09-15 21:42:17,967 [INFO] MainUpdater:2873 - connection check result : 10
2025-09-15 21:42:17,967 [INFO] MainUpdater:2873 - connection check result : 10
2025-09-15 21:42:18,015 [INFO] MicroXplorer:468 - Change Database Path : 
2025-09-15 21:42:18,015 [INFO] MicroXplorer:498 - Change Database Version : DB.6.0.120
2025-09-15 21:42:18,037 [ERROR] ProjectManagerView:394 - 
java.lang.NullPointerException: Cannot invoke "javax.swing.JTextField.getText()" because the return value of "java.util.List.get(int)" is null
	at com.st.microxplorer.plugins.projectmanager.gui.ProjectChoiceTab$10.caretUpdate(ProjectChoiceTab.java:2622) ~[filemanager.jar:?]
	at javax.swing.text.JTextComponent.fireCaretUpdate(JTextComponent.java:412) ~[?:?]
	at javax.swing.text.JTextComponent$MutableCaretEvent.fire(JTextComponent.java:4491) ~[?:?]
	at javax.swing.text.JTextComponent$MutableCaretEvent.stateChanged(JTextComponent.java:4513) ~[?:?]
	at javax.swing.text.DefaultCaret.fireStateChanged(DefaultCaret.java:842) ~[?:?]
	at javax.swing.text.DefaultCaret.changeCaretPosition(DefaultCaret.java:1313) ~[?:?]
	at javax.swing.text.DefaultCaret.handleSetDot(DefaultCaret.java:1212) ~[?:?]
	at javax.swing.text.DefaultCaret.setDot(DefaultCaret.java:1193) ~[?:?]
	at javax.swing.text.DefaultCaret$Handler.insertUpdate(DefaultCaret.java:1789) ~[?:?]
	at javax.swing.text.AbstractDocument.fireInsertUpdate(AbstractDocument.java:226) ~[?:?]
	at javax.swing.text.AbstractDocument.handleInsertString(AbstractDocument.java:780) ~[?:?]
	at javax.swing.text.AbstractDocument.insertString(AbstractDocument.java:739) ~[?:?]
	at javax.swing.text.PlainDocument.insertString(PlainDocument.java:131) ~[?:?]
	at javax.swing.text.AbstractDocument.replace(AbstractDocument.java:698) ~[?:?]
	at javax.swing.text.JTextComponent.setText(JTextComponent.java:1729) ~[?:?]
	at com.st.microxplorer.plugins.projectmanager.gui.ProjectChoiceTab.createHeapStackFields(ProjectChoiceTab.java:972) ~[filemanager.jar:?]
	at com.st.microxplorer.plugins.projectmanager.gui.ProjectChoiceTab.buildLinkSettingsPanel(ProjectChoiceTab.java:3597) ~[filemanager.jar:?]
	at com.st.microxplorer.plugins.projectmanager.gui.ProjectChoiceTab.defineWindowsFields(ProjectChoiceTab.java:1940) ~[filemanager.jar:?]
	at com.st.microxplorer.plugins.projectmanager.gui.ProjectChoiceTab.updateSettings(ProjectChoiceTab.java:550) ~[filemanager.jar:?]
	at com.st.microxplorer.plugins.projectmanager.gui.ProjectSettingsPanel.UpdateDialog(ProjectSettingsPanel.java:245) ~[filemanager.jar:?]
	at com.st.microxplorer.plugins.projectmanager.ProjectManagerView.propertyChange(ProjectManagerView.java:391) ~[filemanager.jar:?]
	at java.beans.PropertyChangeSupport.fire(PropertyChangeSupport.java:343) ~[?:?]
	at java.beans.PropertyChangeSupport.firePropertyChange(PropertyChangeSupport.java:335) ~[?:?]
	at java.beans.PropertyChangeSupport.firePropertyChange(PropertyChangeSupport.java:268) ~[?:?]
	at com.st.microxplorer.util.MXPropertyChangeSupport.firePropertyChange(MXPropertyChangeSupport.java:54) ~[STM32CubeMX.jar:?]
	at com.st.microxplorer.mxsystem.MxSystem.closeConfig(MxSystem.java:900) ~[STM32CubeMX.jar:?]
	at com.st.microxplorer.maingui.MainPanel.closeConfig(MainPanel.java:781) ~[STM32CubeMX.jar:?]
	at com.st.microxplorer.plugins.filemanager.engine.OpenFileManager.loadConfigurationFile(OpenFileManager.java:265) ~[filemanager.jar:?]
	at com.st.microxplorer.plugins.filemanager.engine.MainFileManager.userLoadConfig(MainFileManager.java:352) ~[filemanager.jar:?]
	at com.st.microxplorer.plugins.filemanager.engine.MainFileManager.userLoadConfig(MainFileManager.java:330) ~[filemanager.jar:?]
	at com.st.microxplorer.plugins.filemanager.FileManagerView.getSpecificTask(FileManagerView.java:246) ~[filemanager.jar:?]
	at com.st.stm32cube.common.mx.editor.CubeMxEditor.getMxTabbedPaneInstance(CubeMxEditor.java:1198) ~[com.st.stm32cube.common.mx_6.12.0.202406281431/:?]
	at com.st.stm32cube.common.mx.editor.CubeMxEditor$12$1.createSwingComponent(CubeMxEditor.java:1068) ~[com.st.stm32cube.common.mx_6.12.0.202406281431/:?]
	at com.st.stm32cube.common.mx.oss.core.awtswtbridge.EmbeddedSwingComposite.doComponentCreation(EmbeddedSwingComposite.java:492) ~[com.st.stm32cube.common.mx.oss_6.12.0.202406281431/:?]
	at com.st.stm32cube.common.mx.oss.core.awtswtbridge.EmbeddedSwingComposite$4.run(EmbeddedSwingComposite.java:291) ~[com.st.stm32cube.common.mx.oss_6.12.0.202406281431/:?]
	at com.st.stm32cube.common.mx.oss.core.awtswtbridge.AwtEnvironment$2.run(AwtEnvironment.java:166) ~[com.st.stm32cube.common.mx.oss_6.12.0.202406281431/:?]
	at java.awt.event.InvocationEvent.dispatch(InvocationEvent.java:318) ~[?:?]
	at java.awt.EventQueue.dispatchEventImpl(EventQueue.java:773) ~[?:?]
	at java.awt.EventQueue$4.run(EventQueue.java:720) ~[?:?]
	at java.awt.EventQueue$4.run(EventQueue.java:714) ~[?:?]
	at java.security.AccessController.doPrivileged(AccessController.java:399) ~[?:?]
	at java.security.ProtectionDomain$JavaSecurityAccessImpl.doIntersectionPrivilege(ProtectionDomain.java:86) ~[?:?]
	at java.awt.EventQueue.dispatchEvent(EventQueue.java:742) ~[?:?]
	at java.awt.EventDispatchThread.pumpOneEventForFilters(EventDispatchThread.java:203) ~[?:?]
	at java.awt.EventDispatchThread.pumpEventsForFilter(EventDispatchThread.java:124) ~[?:?]
	at java.awt.EventDispatchThread.pumpEventsForHierarchy(EventDispatchThread.java:113) ~[?:?]
	at java.awt.EventDispatchThread.pumpEvents(EventDispatchThread.java:109) ~[?:?]
	at java.awt.EventDispatchThread.pumpEvents(EventDispatchThread.java:101) ~[?:?]
	at java.awt.EventDispatchThread.run(EventDispatchThread.java:90) ~[?:?]
2025-09-15 21:42:18,038 [WARN] ThirdParty:871 - waiting for thirdparty lock release [close project]
2025-09-15 21:42:18,038 [INFO] ThirdParty:873 - entering critical section [close project]
2025-09-15 21:42:18,038 [INFO] ThirdParty:883 - exiting critical section [close project]
2025-09-15 21:42:18,041 [INFO] PinOutPanel:1561 - setPackage(No Configuration,No Configuration)
2025-09-15 21:42:18,056 [WARN] IpParametersView:151 - Warning: This peripheral hasn't parameters
2025-09-15 21:42:18,068 [WARN] MainPanel:284 - <html><b><center>Warning: This peripheral has no parameters to be configured<br></b></html>
2025-09-15 21:42:18,076 [INFO] UtilMem:75 - Begin LoadConfig() Used Memory: 499453928 Bytes (724566016)
2025-09-15 21:42:18,078 [INFO] MicroXplorer:468 - Change Database Path : 
2025-09-15 21:42:18,078 [INFO] MicroXplorer:498 - Change Database Version : DB.6.0.120
2025-09-15 21:42:18,078 [INFO] OpenFileManager:332 - Change cursor
2025-09-15 21:42:18,109 [INFO] RulesReader:64 - Compatibility file has been processed (297 Rules)
2025-09-15 21:42:18,111 [INFO] Mcu:2032 - Initializing MCU STM32F446R(C-E)Tx STM32F446RETx STM32F446RET6
2025-09-15 21:42:19,115 [INFO] Context:742 - Trying to add GPIOservice into a context  which must be forbidden
2025-09-15 21:42:19,407 [INFO] RtosManager:555 - Registered RTOS mode: class=CMSIS, group=RTOS, mode=CMSIS_V1, owner=FREERTOS
2025-09-15 21:42:19,408 [INFO] RtosManager:555 - Registered RTOS mode: class=CMSIS, group=RTOS2, mode=CMSIS_V2, owner=FREERTOS
2025-09-15 21:42:19,408 [INFO] RtosManager:555 - Registered RTOS mode: class=RTOS, group=Core, mode=CMSIS_V1, owner=FREERTOS
2025-09-15 21:42:19,408 [INFO] RtosManager:555 - Registered RTOS mode: class=RTOS, group=Core, mode=CMSIS_V2, owner=FREERTOS
2025-09-15 21:42:19,408 [WARN] ModelIntegratedComponent:184 - Missing modes for component STMicroelectronics:FreeRTOS:0.0.1:STMicroelectronics:RTOS:FreeRTOS:Core:::10.2.0:
2025-09-15 21:42:19,417 [WARN] ModelIntegratedComponent:63 - No mode defined for component null
2025-09-15 21:42:19,417 [WARN] ModelIntegratedComponent:63 - No mode defined for component null
2025-09-15 21:42:19,419 [WARN] ModelIntegratedComponent:63 - No mode defined for component null
2025-09-15 21:42:19,419 [WARN] ModelIntegratedComponent:63 - No mode defined for component null
2025-09-15 21:42:19,419 [WARN] ModelIntegratedComponent:63 - No mode defined for component null
2025-09-15 21:42:19,419 [WARN] ModelIntegratedComponent:63 - No mode defined for component null
2025-09-15 21:42:19,419 [WARN] ModelIntegratedComponent:63 - No mode defined for component null
2025-09-15 21:42:19,419 [WARN] ModelIntegratedComponent:63 - No mode defined for component null
2025-09-15 21:42:19,419 [WARN] ModelIntegratedComponent:63 - No mode defined for component null
2025-09-15 21:42:19,420 [WARN] ModelIntegratedComponent:63 - No mode defined for component null
2025-09-15 21:42:19,420 [WARN] ModelIntegratedComponent:63 - No mode defined for component null
2025-09-15 21:42:19,420 [WARN] ModelIntegratedComponent:63 - No mode defined for component null
2025-09-15 21:42:19,420 [WARN] ModelIntegratedComponent:63 - No mode defined for component null
2025-09-15 21:42:19,420 [WARN] ModelIntegratedComponent:63 - No mode defined for component null
2025-09-15 21:42:19,420 [WARN] ModelIntegratedComponent:63 - No mode defined for component null
2025-09-15 21:42:19,420 [WARN] ModelIntegratedComponent:63 - No mode defined for component null
2025-09-15 21:42:19,420 [WARN] ModelIntegratedComponent:63 - No mode defined for component null
2025-09-15 21:42:19,420 [WARN] ModelIntegratedComponent:63 - No mode defined for component null
2025-09-15 21:42:19,420 [WARN] ModelIntegratedComponent:63 - No mode defined for component null
2025-09-15 21:42:19,420 [WARN] ModelIntegratedComponent:63 - No mode defined for component null
2025-09-15 21:42:19,420 [WARN] ModelIntegratedComponent:63 - No mode defined for component null
2025-09-15 21:42:19,420 [WARN] ModelIntegratedComponent:63 - No mode defined for component null
2025-09-15 21:42:19,420 [WARN] ModelIntegratedComponent:63 - No mode defined for component null
2025-09-15 21:42:19,420 [WARN] ModelIntegratedComponent:63 - No mode defined for component null
2025-09-15 21:42:19,420 [WARN] ModelIntegratedComponent:63 - No mode defined for component null
2025-09-15 21:42:19,420 [WARN] ModelIntegratedComponent:63 - No mode defined for component null
2025-09-15 21:42:19,420 [WARN] ModelIntegratedComponent:63 - No mode defined for component null
2025-09-15 21:42:19,420 [WARN] ModelIntegratedComponent:63 - No mode defined for component null
2025-09-15 21:42:19,420 [WARN] ModelIntegratedComponent:63 - No mode defined for component null
2025-09-15 21:42:19,420 [WARN] ModelIntegratedComponent:63 - No mode defined for component null
2025-09-15 21:42:19,420 [WARN] ModelIntegratedComponent:63 - No mode defined for component null
2025-09-15 21:42:19,420 [WARN] ModelIntegratedComponent:63 - No mode defined for component null
2025-09-15 21:42:19,420 [WARN] ModelIntegratedComponent:63 - No mode defined for component null
2025-09-15 21:42:19,420 [WARN] ModelIntegratedComponent:63 - No mode defined for component null
2025-09-15 21:42:19,420 [WARN] ModelIntegratedComponent:63 - No mode defined for component null
2025-09-15 21:42:19,420 [WARN] ModelPack:524 - Component already loaded: STMicroelectronics:HAL Drivers:0.0.0:STMicroelectronics:Device:STMicro_Driver:XSPI:HAL::0.0.1:HAL_XSPI
2025-09-15 21:42:19,544 [INFO] ThirdPartyModel:298 - Start build external matchings
2025-09-15 21:42:19,839 [INFO] ThirdPartyModel:316 - End build external matchings
2025-09-15 21:42:19,850 [INFO] ImportTextPane:205 - (OptionalMessage_ERROR) IP (RCC) : Parameter (FLatency) has Id (AdvancedSettings) currently not set
2025-09-15 21:42:19,850 [INFO] ImportTextPane:205 - (OptionalMessage_ERROR) IP (RCC) : Invalid parameter (FamilyName)
2025-09-15 21:42:19,851 [INFO] ImportTextPane:205 - (OptionalMessage_ERROR) IP (RCC) : Invalid parameter (VcooutputI2S)
2025-09-15 21:42:19,853 [WARN] IP:2191 - DEVICE_SERIAL0_CDC_FS not found: check if there is a RefParameter without a condition.
2025-09-15 21:42:19,853 [WARN] IP:2191 - DEVICE_SERIAL1_CDC_FS not found: check if there is a RefParameter without a condition.
2025-09-15 21:42:19,853 [WARN] IP:2191 - DEVICE_SERIAL2_CDC_FS not found: check if there is a RefParameter without a condition.
2025-09-15 21:42:20,096 [INFO] UtilMem:75 - End LoadConfig() Used Memory: 516555952 Bytes (724566016)
2025-09-15 21:42:20,109 [WARN] ThirdParty:833 - waiting for thirdparty lock release [change project]
2025-09-15 21:42:20,109 [INFO] ThirdParty:835 - entering critical section [change project]
2025-09-15 21:42:20,109 [INFO] ThirdParty:1030 - CMSIS Pack Vendor :STMicroelectronics X-CUBE-PM33A1 1.0.0
2025-09-15 21:42:20,109 [INFO] ThirdParty:1030 - CMSIS Pack Vendor :STMicroelectronics USBPD 4.1
2025-09-15 21:42:20,109 [INFO] ThirdParty:1030 - CMSIS Pack Vendor :STMicroelectronics X-CUBE-NFC9 1.0.0
2025-09-15 21:42:20,109 [INFO] ThirdParty:1030 - CMSIS Pack Vendor :STMicroelectronics USB_HOST 2.0.0
2025-09-15 21:42:20,109 [INFO] ThirdParty:1030 - CMSIS Pack Vendor :STMicroelectronics FP-SNS-MOTENVWB1 1.4.0
2025-09-15 21:42:20,109 [INFO] ThirdParty:1030 - CMSIS Pack Vendor :STMicroelectronics X-CUBE-AZRTOS-F4 1.1.0
2025-09-15 21:42:20,109 [INFO] ThirdParty:1030 - CMSIS Pack Vendor :STMicroelectronics LIBJPEG 8.0.0
2025-09-15 21:42:20,109 [INFO] ThirdParty:1030 - CMSIS Pack Vendor :STMicroelectronics FP-ATR-ASTRA1 2.0.2
2025-09-15 21:42:20,109 [INFO] ThirdParty:1030 - CMSIS Pack Vendor :wolfSSL I-CUBE-wolfSSL 5.8.2
2025-09-15 21:42:20,109 [INFO] ThirdParty:1030 - CMSIS Pack Vendor :STMicroelectronics X-CUBE-BLE1 7.1.0
2025-09-15 21:42:20,109 [INFO] ThirdParty:1030 - CMSIS Pack Vendor :STMicroelectronics X-CUBE-SMBUS 2.1.0
2025-09-15 21:42:20,109 [INFO] ThirdParty:1030 - CMSIS Pack Vendor :wolfSSL I-CUBE-wolfMQTT 1.19.2
2025-09-15 21:42:20,109 [INFO] ThirdParty:1030 - CMSIS Pack Vendor :STMicroelectronics USB_DEVICE 3.0.0
2025-09-15 21:42:20,109 [INFO] ThirdParty:1030 - CMSIS Pack Vendor :STMicroelectronics X-CUBE-ISPU 2.1.0
2025-09-15 21:42:20,109 [INFO] ThirdParty:1030 - CMSIS Pack Vendor :STMicroelectronics X-CUBE-EEPRMA1 5.2.0
2025-09-15 21:42:20,109 [INFO] ThirdParty:1030 - CMSIS Pack Vendor :STMicroelectronics X-CUBE-AZRTOS-WB 2.0.0
2025-09-15 21:42:20,109 [INFO] ThirdParty:1030 - CMSIS Pack Vendor :STMicroelectronics X-CUBE-GNSS1 7.0.1
2025-09-15 21:42:20,110 [INFO] ThirdParty:1030 - CMSIS Pack Vendor :STMicroelectronics X-CUBE-NFC12 1.0.0
2025-09-15 21:42:20,110 [INFO] ThirdParty:1030 - CMSIS Pack Vendor :STMicroelectronics X-CUBE-AZRTOS-F7 1.1.0
2025-09-15 21:42:20,110 [INFO] ThirdParty:1030 - CMSIS Pack Vendor :STMicroelectronics X-CUBE-AZRTOS-L5 2.0.0
2025-09-15 21:42:20,110 [INFO] ThirdParty:1030 - CMSIS Pack Vendor :STMicroelectronics X-CUBE-TOUCHGFX 4.25.0
2025-09-15 21:42:20,110 [INFO] ThirdParty:1030 - CMSIS Pack Vendor :STMicroelectronics USB_DEVICE 2.0.0
2025-09-15 21:42:20,110 [INFO] ThirdParty:1030 - CMSIS Pack Vendor :STMicroelectronics X-CUBE-NFC6 3.1.0
2025-09-15 21:42:20,110 [INFO] ThirdParty:1030 - CMSIS Pack Vendor :quantropi X-CUBE-qispace-sdk-base 2.1.0
2025-09-15 21:42:20,110 [INFO] ThirdParty:1030 - CMSIS Pack Vendor :STMicroelectronics FreeRTOS 0.0.1
2025-09-15 21:42:20,110 [INFO] ThirdParty:1030 - CMSIS Pack Vendor :STMicroelectronics X-CUBE-AZRTOS-G0 1.1.0
2025-09-15 21:42:20,110 [INFO] ThirdParty:1030 - CMSIS Pack Vendor :STMicroelectronics X-CUBE-SAFEA1 1.2.2
2025-09-15 21:42:20,110 [INFO] ThirdParty:1030 - CMSIS Pack Vendor :STMicroelectronics X-CUBE-NFC4 3.0.0
2025-09-15 21:42:20,110 [INFO] ThirdParty:1030 - CMSIS Pack Vendor :STMicroelectronics X-CUBE-SUBG2 5.0.0
2025-09-15 21:42:20,110 [INFO] ThirdParty:1030 - CMSIS Pack Vendor :STMicroelectronics X-CUBE-AZRTOS-H7RS 1.1.0
2025-09-15 21:42:20,111 [INFO] ThirdParty:1030 - CMSIS Pack Vendor :STMicroelectronics STM32_WPAN 1.0.0
2025-09-15 21:42:20,111 [INFO] ThirdParty:1030 - CMSIS Pack Vendor :EmbeddedOffice I-CUBE-FS-RTOS 1.0.1
2025-09-15 21:42:20,111 [INFO] ThirdParty:1030 - CMSIS Pack Vendor :STMicroelectronics lwIP 2.0.3
2025-09-15 21:42:20,111 [INFO] ThirdParty:1030 - CMSIS Pack Vendor :Cesanta I-CUBE-Mongoose 7.13.0
2025-09-15 21:42:20,111 [INFO] ThirdParty:1030 - CMSIS Pack Vendor :STMicroelectronics USB_HOST 1.0.0
2025-09-15 21:42:20,111 [INFO] ThirdParty:1030 - CMSIS Pack Vendor :Infineon AIROC-Wi-Fi-Bluetooth-STM32 1.7.1
2025-09-15 21:42:20,111 [INFO] ThirdParty:1030 - CMSIS Pack Vendor :STMicroelectronics X-CUBE-AZRTOS-G4 2.0.0
2025-09-15 21:42:20,111 [INFO] ThirdParty:1030 - CMSIS Pack Vendor :STMicroelectronics X-CUBE-WB05N 2.0.0
2025-09-15 21:42:20,111 [INFO] ThirdParty:1030 - CMSIS Pack Vendor :STMicroelectronics PDM2PCM 3.1.0
2025-09-15 21:42:20,111 [INFO] ThirdParty:1030 - CMSIS Pack Vendor :STMicroelectronics PDM2PCM 3.3.0
2025-09-15 21:42:20,111 [INFO] ThirdParty:1030 - CMSIS Pack Vendor :wolfSSL I-CUBE-wolfTPM 3.8.0
2025-09-15 21:42:20,111 [INFO] ThirdParty:1030 - CMSIS Pack Vendor :STMicroelectronics X-CUBE-AZRTOS-H7 3.4.0
2025-09-15 21:42:20,111 [INFO] ThirdParty:1030 - CMSIS Pack Vendor :STMicroelectronics X-CUBE-DISPLAY 3.0.0
2025-09-15 21:42:20,111 [INFO] ThirdParty:1030 - CMSIS Pack Vendor :wolfSSL I-CUBE-wolfSSH 1.4.20
2025-09-15 21:42:20,111 [INFO] ThirdParty:1030 - CMSIS Pack Vendor :STMicroelectronics X-CUBE-NFC7 2.0.0
2025-09-15 21:42:20,111 [INFO] ThirdParty:1030 - CMSIS Pack Vendor :RealThread X-CUBE-RT-Thread_Nano 4.1.1
2025-09-15 21:42:20,111 [INFO] ThirdParty:1030 - CMSIS Pack Vendor :STMicroelectronics FP-ATR-SIGFOX1 3.2.0
2025-09-15 21:42:20,111 [INFO] ThirdParty:1030 - CMSIS Pack Vendor :STMicroelectronics X-CUBE-NFC10 1.0.0
2025-09-15 21:42:20,112 [INFO] ThirdParty:1030 - CMSIS Pack Vendor :STMicroelectronics X-CUBE-FREERTOS 1.3.1
2025-09-15 21:42:20,112 [INFO] ThirdParty:1030 - CMSIS Pack Vendor :STMicroelectronics HAL Drivers 0.0.0
2025-09-15 21:42:20,112 [INFO] ThirdParty:1030 - CMSIS Pack Vendor :STMicroelectronics MBEDTLS 2.16.2
2025-09-15 21:42:20,112 [INFO] ThirdParty:1030 - CMSIS Pack Vendor :STMicroelectronics X-CUBE-ALS 1.0.2
2025-09-15 21:42:20,112 [INFO] ThirdParty:1030 - CMSIS Pack Vendor :emotas I-CUBE-CANOPEN 1.3.0
2025-09-15 21:42:20,112 [INFO] ThirdParty:1030 - CMSIS Pack Vendor :STMicroelectronics MBEDTLS 2.14.1
2025-09-15 21:42:20,112 [INFO] ThirdParty:1030 - CMSIS Pack Vendor :ITTIA_DB I-CUBE-ITTIADB 8.9.0
2025-09-15 21:42:20,112 [INFO] ThirdParty:1030 - CMSIS Pack Vendor :STMicroelectronics X-CUBE-STSE01 1.0.0
2025-09-15 21:42:20,112 [INFO] ThirdParty:1030 - CMSIS Pack Vendor :portGmbH I-Cube-SoM-uGOAL 1.1.0
2025-09-15 21:42:20,112 [INFO] ThirdParty:1030 - CMSIS Pack Vendor :STMicroelectronics X-CUBE-AI 10.2.0
2025-09-15 21:42:20,112 [INFO] ThirdParty:1030 - CMSIS Pack Vendor :STMicroelectronics ThreadX 1.0.0
2025-09-15 21:42:20,112 [INFO] ThirdParty:1030 - CMSIS Pack Vendor :STMicroelectronics FP-SNS-SMARTAG2 1.2.0
2025-09-15 21:42:20,112 [INFO] ThirdParty:1030 - CMSIS Pack Vendor :STMicroelectronics X-CUBE-AZRTOS-WL 2.0.0
2025-09-15 21:42:20,112 [INFO] ThirdParty:1030 - CMSIS Pack Vendor :SEGGER I-CUBE-embOS 1.3.1
2025-09-15 21:42:20,112 [INFO] ThirdParty:1030 - CMSIS Pack Vendor :STMicroelectronics X-CUBE-ALGOBUILD 1.4.0
2025-09-15 21:42:20,112 [INFO] ThirdParty:1030 - CMSIS Pack Vendor :STMicroelectronics X-CUBE-DPower 1.3.0
2025-09-15 21:42:20,112 [INFO] ThirdParty:1030 - CMSIS Pack Vendor :STMicroelectronics X-CUBE-MEMS1 11.3.0
2025-09-15 21:42:20,112 [INFO] ThirdParty:1030 - CMSIS Pack Vendor :STMicroelectronics FP-SNS-MOTENV1 5.0.0
2025-09-15 21:42:20,112 [INFO] ThirdParty:1030 - CMSIS Pack Vendor :STMicroelectronics USB_DEVICE 1.0.0
2025-09-15 21:42:20,112 [INFO] ThirdParty:1030 - CMSIS Pack Vendor :STMicroelectronics X-CUBE-AZRTOS-L4 2.0.0
2025-09-15 21:42:20,112 [INFO] ThirdParty:1030 - CMSIS Pack Vendor :STMicroelectronics ThreadX 0.0.2
2025-09-15 21:42:20,112 [INFO] ThirdParty:1030 - CMSIS Pack Vendor :WES I-CUBE-Cesium 1.3.0
2025-09-15 21:42:20,112 [INFO] ThirdParty:1030 - CMSIS Pack Vendor :STMicroelectronics lwIP 2.1.2
2025-09-15 21:42:20,112 [INFO] ThirdParty:1030 - CMSIS Pack Vendor :STMicroelectronics X-CUBE-SFXS2LP1 4.0.0
2025-09-15 21:42:20,112 [INFO] ThirdParty:1030 - CMSIS Pack Vendor :STMicroelectronics X-CUBE-BLE2 3.3.0
2025-09-15 21:42:20,112 [INFO] ThirdParty:1030 - CMSIS Pack Vendor :STMicroelectronics PDM2PCM 3.2.0
2025-09-15 21:42:20,112 [INFO] ThirdParty:841 - exiting critical section [change project]
2025-09-15 21:42:20,405 [INFO] PinOutPanel:1561 - setPackage(No Configuration,No Configuration)
2025-09-15 21:42:20,405 [INFO] PinOutPanel:1561 - setPackage(STM32F446RETx,LQFP64)
2025-09-15 21:42:20,756 [INFO] UtilMem:75 - Before build in PCC Used Memory: 310356984 Bytes (724566016)
2025-09-15 21:42:20,963 [INFO] UtilMem:75 - After build in PCC Used Memory: 359646216 Bytes (724566016)
2025-09-15 21:42:20,969 [INFO] ApiDbMcu:508 - Load IP Config File for USB_DEVICE
2025-09-15 21:42:20,993 [INFO] IPUIPlugin:80 - create IPUIPlugin
2025-09-15 21:42:20,993 [INFO] IPUIPlugin:80 - create IPUIPlugin
2025-09-15 21:42:20,993 [INFO] IPUIPlugin:80 - create IPUIPlugin
2025-09-15 21:42:20,994 [INFO] IPUIPlugin:80 - create IPUIPlugin
2025-09-15 21:42:20,994 [INFO] IPUIPlugin:80 - create IPUIPlugin
2025-09-15 21:42:20,994 [INFO] IPUIPlugin:80 - create IPUIPlugin
2025-09-15 21:42:20,994 [INFO] IPUIPlugin:80 - create IPUIPlugin
2025-09-15 21:42:20,994 [INFO] IPUIPlugin:80 - create IPUIPlugin
2025-09-15 21:42:20,994 [INFO] IPUIPlugin:80 - create IPUIPlugin
2025-09-15 21:42:20,994 [INFO] IPUIPlugin:80 - create IPUIPlugin
2025-09-15 21:42:20,994 [INFO] IPUIPlugin:80 - create IPUIPlugin
2025-09-15 21:42:20,994 [INFO] IPUIPlugin:80 - create IPUIPlugin
2025-09-15 21:42:20,994 [INFO] IPUIPlugin:80 - create IPUIPlugin
2025-09-15 21:42:20,995 [INFO] IPUIPlugin:80 - create IPUIPlugin
2025-09-15 21:42:20,995 [INFO] IPUIPlugin:80 - create IPUIPlugin
2025-09-15 21:42:20,995 [INFO] IPUIPlugin:80 - create IPUIPlugin
2025-09-15 21:42:20,995 [INFO] IPUIPlugin:80 - create IPUIPlugin
2025-09-15 21:42:20,995 [INFO] IPUIPlugin:80 - create IPUIPlugin
2025-09-15 21:42:20,995 [INFO] IPUIPlugin:80 - create IPUIPlugin
2025-09-15 21:42:20,995 [INFO] IPUIPlugin:80 - create IPUIPlugin
2025-09-15 21:42:20,995 [INFO] IPUIPlugin:80 - create IPUIPlugin
2025-09-15 21:42:20,995 [INFO] IPUIPlugin:80 - create IPUIPlugin
2025-09-15 21:42:20,995 [INFO] IPUIPlugin:80 - create IPUIPlugin
2025-09-15 21:42:20,996 [INFO] IPUIPlugin:80 - create IPUIPlugin
2025-09-15 21:42:20,996 [INFO] IPUIPlugin:80 - create IPUIPlugin
2025-09-15 21:42:20,996 [INFO] IPUIPlugin:80 - create IPUIPlugin
2025-09-15 21:42:20,996 [INFO] IPUIPlugin:80 - create IPUIPlugin
2025-09-15 21:42:20,996 [INFO] IPUIPlugin:80 - create IPUIPlugin
2025-09-15 21:42:20,996 [INFO] IPUIPlugin:80 - create IPUIPlugin
2025-09-15 21:42:20,996 [INFO] IPUIPlugin:80 - create IPUIPlugin
2025-09-15 21:42:20,997 [INFO] IPUIPlugin:80 - create IPUIPlugin
2025-09-15 21:42:20,997 [INFO] IPUIPlugin:80 - create IPUIPlugin
2025-09-15 21:42:20,997 [INFO] IPUIPlugin:80 - create IPUIPlugin
2025-09-15 21:42:20,997 [INFO] IPUIPlugin:80 - create IPUIPlugin
2025-09-15 21:42:20,997 [INFO] IPUIPlugin:80 - create IPUIPlugin
2025-09-15 21:42:20,997 [INFO] IPUIPlugin:80 - create IPUIPlugin
2025-09-15 21:42:20,998 [INFO] IPUIPlugin:80 - create IPUIPlugin
2025-09-15 21:42:20,998 [INFO] IPUIPlugin:80 - create IPUIPlugin
2025-09-15 21:42:20,998 [INFO] IPUIPlugin:80 - create IPUIPlugin
2025-09-15 21:42:20,998 [INFO] IPUIPlugin:80 - create IPUIPlugin
2025-09-15 21:42:20,998 [INFO] IPUIPlugin:80 - create IPUIPlugin
2025-09-15 21:42:20,998 [INFO] IPUIPlugin:80 - create IPUIPlugin
2025-09-15 21:42:20,998 [INFO] IPUIPlugin:80 - create IPUIPlugin
2025-09-15 21:42:20,998 [INFO] IPUIPlugin:80 - create IPUIPlugin
2025-09-15 21:42:20,999 [INFO] IPUIPlugin:80 - create IPUIPlugin
2025-09-15 21:42:20,999 [INFO] IPUIPlugin:80 - create IPUIPlugin
2025-09-15 21:42:20,999 [INFO] IPUIPlugin:80 - create IPUIPlugin
2025-09-15 21:42:20,999 [INFO] IPUIPlugin:80 - create IPUIPlugin
2025-09-15 21:42:20,999 [INFO] IPUIPlugin:80 - create IPUIPlugin
2025-09-15 21:42:20,999 [INFO] IPUIPlugin:80 - create IPUIPlugin
2025-09-15 21:42:20,999 [INFO] IPUIPlugin:80 - create IPUIPlugin
2025-09-15 21:42:21,000 [INFO] IPUIPlugin:80 - create IPUIPlugin
2025-09-15 21:42:21,000 [INFO] IPUIPlugin:80 - create IPUIPlugin
2025-09-15 21:42:21,000 [INFO] IPUIPlugin:80 - create IPUIPlugin
2025-09-15 21:42:21,000 [INFO] IPUIPlugin:80 - create IPUIPlugin
2025-09-15 21:42:21,000 [INFO] IPUIPlugin:80 - create IPUIPlugin
2025-09-15 21:42:21,001 [INFO] IPUIPlugin:80 - create IPUIPlugin
2025-09-15 21:42:21,001 [INFO] IPUIPlugin:80 - create IPUIPlugin
2025-09-15 21:42:21,002 [INFO] IPUIPlugin:80 - create IPUIPlugin
2025-09-15 21:42:21,003 [INFO] IPUIPlugin:80 - create IPUIPlugin
2025-09-15 21:42:21,005 [INFO] ApiDbMcu:508 - Load IP Config File for PDM2PCM
2025-09-15 21:42:21,075 [INFO] CADModel:165 - CPN selected for project levelSTM32F446RET6
2025-09-15 21:42:21,075 [INFO] CADModel:114 - Register for checkConnection events
2025-09-15 21:42:21,112 [INFO] OpenFileManager:363 - Restore cursor
2025-09-15 21:42:21,297 [WARN] IP:2191 - DEVICE_SERIAL0_CDC_FS not found: check if there is a RefParameter without a condition.
2025-09-15 21:42:21,297 [WARN] IP:2191 - DEVICE_SERIAL1_CDC_FS not found: check if there is a RefParameter without a condition.
2025-09-15 21:42:21,297 [WARN] IP:2191 - DEVICE_SERIAL2_CDC_FS not found: check if there is a RefParameter without a condition.
2025-09-15 21:42:21,298 [WARN] IP:2191 - DEVICE_SERIAL0_CDC_FS not found: check if there is a RefParameter without a condition.
2025-09-15 21:42:21,298 [WARN] IP:2191 - DEVICE_SERIAL1_CDC_FS not found: check if there is a RefParameter without a condition.
2025-09-15 21:42:21,298 [WARN] IP:2191 - DEVICE_SERIAL2_CDC_FS not found: check if there is a RefParameter without a condition.
2025-09-15 21:42:30,789 [ERROR] LogOutputStream:75 - [STDERR_REDIRECT] Sep 15, 2025 9:42:30 PM java.util.prefs.FileSystemPreferences checkLockFile0ErrorCode
2025-09-15 21:42:30,789 [ERROR] LogOutputStream:75 - [STDERR_REDIRECT] WARNING: Could not lock System prefs. Unix error code 2.
2025-09-15 21:42:30,789 [ERROR] LogOutputStream:75 - [STDERR_REDIRECT] 
2025-09-15 21:42:30,790 [ERROR] LogOutputStream:75 - [STDERR_REDIRECT] Sep 15, 2025 9:42:30 PM java.util.prefs.FileSystemPreferences syncWorld
2025-09-15 21:42:30,790 [ERROR] LogOutputStream:75 - [STDERR_REDIRECT] WARNING: Couldn't flush system prefs: java.util.prefs.BackingStoreException: Couldn't get file lock.
2025-09-15 21:42:30,790 [ERROR] LogOutputStream:75 - [STDERR_REDIRECT] 
2025-09-15 21:43:00,784 [ERROR] LogOutputStream:75 - [STDERR_REDIRECT] Sep 15, 2025 9:43:00 PM java.util.prefs.FileSystemPreferences checkLockFile0ErrorCode
2025-09-15 21:43:00,784 [ERROR] LogOutputStream:75 - [STDERR_REDIRECT] WARNING: Could not lock System prefs. Unix error code 2.
2025-09-15 21:43:00,784 [ERROR] LogOutputStream:75 - [STDERR_REDIRECT] 
2025-09-15 21:43:00,785 [ERROR] LogOutputStream:75 - [STDERR_REDIRECT] Sep 15, 2025 9:43:00 PM java.util.prefs.FileSystemPreferences syncWorld
2025-09-15 21:43:00,785 [ERROR] LogOutputStream:75 - [STDERR_REDIRECT] WARNING: Couldn't flush system prefs: java.util.prefs.BackingStoreException: Couldn't get file lock.
2025-09-15 21:43:00,785 [ERROR] LogOutputStream:75 - [STDERR_REDIRECT] 
2025-09-15 21:43:30,784 [ERROR] LogOutputStream:75 - [STDERR_REDIRECT] Sep 15, 2025 9:43:30 PM java.util.prefs.FileSystemPreferences checkLockFile0ErrorCode
2025-09-15 21:43:30,784 [ERROR] LogOutputStream:75 - [STDERR_REDIRECT] WARNING: Could not lock System prefs. Unix error code 2.
2025-09-15 21:43:30,784 [ERROR] LogOutputStream:75 - [STDERR_REDIRECT] 
2025-09-15 21:43:30,784 [ERROR] LogOutputStream:75 - [STDERR_REDIRECT] Sep 15, 2025 9:43:30 PM java.util.prefs.FileSystemPreferences syncWorld
2025-09-15 21:43:30,785 [ERROR] LogOutputStream:75 - [STDERR_REDIRECT] WARNING: Couldn't flush system prefs: java.util.prefs.BackingStoreException: Couldn't get file lock.
2025-09-15 21:43:30,785 [ERROR] LogOutputStream:75 - [STDERR_REDIRECT] 
2025-09-15 21:44:00,784 [ERROR] LogOutputStream:75 - [STDERR_REDIRECT] Sep 15, 2025 9:44:00 PM java.util.prefs.FileSystemPreferences checkLockFile0ErrorCode
2025-09-15 21:44:00,784 [ERROR] LogOutputStream:75 - [STDERR_REDIRECT] WARNING: Could not lock System prefs. Unix error code 2.
2025-09-15 21:44:00,784 [ERROR] LogOutputStream:75 - [STDERR_REDIRECT] 
2025-09-15 21:44:00,784 [ERROR] LogOutputStream:75 - [STDERR_REDIRECT] Sep 15, 2025 9:44:00 PM java.util.prefs.FileSystemPreferences syncWorld
2025-09-15 21:44:00,785 [ERROR] LogOutputStream:75 - [STDERR_REDIRECT] WARNING: Couldn't flush system prefs: java.util.prefs.BackingStoreException: Couldn't get file lock.
2025-09-15 21:44:00,785 [ERROR] LogOutputStream:75 - [STDERR_REDIRECT] 
2025-09-15 21:44:30,786 [ERROR] LogOutputStream:75 - [STDERR_REDIRECT] Sep 15, 2025 9:44:30 PM java.util.prefs.FileSystemPreferences checkLockFile0ErrorCode
2025-09-15 21:44:30,786 [ERROR] LogOutputStream:75 - [STDERR_REDIRECT] WARNING: Could not lock System prefs. Unix error code 2.
2025-09-15 21:44:30,787 [ERROR] LogOutputStream:75 - [STDERR_REDIRECT] 
2025-09-15 21:44:30,787 [ERROR] LogOutputStream:75 - [STDERR_REDIRECT] Sep 15, 2025 9:44:30 PM java.util.prefs.FileSystemPreferences syncWorld
2025-09-15 21:44:30,787 [ERROR] LogOutputStream:75 - [STDERR_REDIRECT] WARNING: Couldn't flush system prefs: java.util.prefs.BackingStoreException: Couldn't get file lock.
2025-09-15 21:44:30,787 [ERROR] LogOutputStream:75 - [STDERR_REDIRECT] 
2025-09-15 21:45:00,784 [ERROR] LogOutputStream:75 - [STDERR_REDIRECT] Sep 15, 2025 9:45:00 PM java.util.prefs.FileSystemPreferences checkLockFile0ErrorCode
2025-09-15 21:45:00,784 [ERROR] LogOutputStream:75 - [STDERR_REDIRECT] WARNING: Could not lock System prefs. Unix error code 2.
2025-09-15 21:45:00,784 [ERROR] LogOutputStream:75 - [STDERR_REDIRECT] 
2025-09-15 21:45:00,784 [ERROR] LogOutputStream:75 - [STDERR_REDIRECT] Sep 15, 2025 9:45:00 PM java.util.prefs.FileSystemPreferences syncWorld
2025-09-15 21:45:00,785 [ERROR] LogOutputStream:75 - [STDERR_REDIRECT] WARNING: Couldn't flush system prefs: java.util.prefs.BackingStoreException: Couldn't get file lock.
2025-09-15 21:45:00,785 [ERROR] LogOutputStream:75 - [STDERR_REDIRECT] 
2025-09-15 21:45:30,785 [ERROR] LogOutputStream:75 - [STDERR_REDIRECT] Sep 15, 2025 9:45:30 PM java.util.prefs.FileSystemPreferences checkLockFile0ErrorCode
2025-09-15 21:45:30,785 [ERROR] LogOutputStream:75 - [STDERR_REDIRECT] WARNING: Could not lock System prefs. Unix error code 2.
2025-09-15 21:45:30,785 [ERROR] LogOutputStream:75 - [STDERR_REDIRECT] 
2025-09-15 21:45:30,786 [ERROR] LogOutputStream:75 - [STDERR_REDIRECT] Sep 15, 2025 9:45:30 PM java.util.prefs.FileSystemPreferences syncWorld
2025-09-15 21:45:30,786 [ERROR] LogOutputStream:75 - [STDERR_REDIRECT] WARNING: Couldn't flush system prefs: java.util.prefs.BackingStoreException: Couldn't get file lock.
2025-09-15 21:45:30,786 [ERROR] LogOutputStream:75 - [STDERR_REDIRECT] 
2025-09-15 21:46:00,786 [ERROR] LogOutputStream:75 - [STDERR_REDIRECT] Sep 15, 2025 9:46:00 PM java.util.prefs.FileSystemPreferences checkLockFile0ErrorCode
2025-09-15 21:46:00,787 [ERROR] LogOutputStream:75 - [STDERR_REDIRECT] WARNING: Could not lock System prefs. Unix error code 2.
2025-09-15 21:46:00,787 [ERROR] LogOutputStream:75 - [STDERR_REDIRECT] 
2025-09-15 21:46:00,787 [ERROR] LogOutputStream:75 - [STDERR_REDIRECT] Sep 15, 2025 9:46:00 PM java.util.prefs.FileSystemPreferences syncWorld
2025-09-15 21:46:00,788 [ERROR] LogOutputStream:75 - [STDERR_REDIRECT] WARNING: Couldn't flush system prefs: java.util.prefs.BackingStoreException: Couldn't get file lock.
2025-09-15 21:46:00,788 [ERROR] LogOutputStream:75 - [STDERR_REDIRECT] 
2025-09-15 21:46:30,787 [ERROR] LogOutputStream:75 - [STDERR_REDIRECT] Sep 15, 2025 9:46:30 PM java.util.prefs.FileSystemPreferences checkLockFile0ErrorCode
2025-09-15 21:46:30,787 [ERROR] LogOutputStream:75 - [STDERR_REDIRECT] WARNING: Could not lock System prefs. Unix error code 2.
2025-09-15 21:46:30,788 [ERROR] LogOutputStream:75 - [STDERR_REDIRECT] 
2025-09-15 21:46:30,788 [ERROR] LogOutputStream:75 - [STDERR_REDIRECT] Sep 15, 2025 9:46:30 PM java.util.prefs.FileSystemPreferences syncWorld
2025-09-15 21:46:30,789 [ERROR] LogOutputStream:75 - [STDERR_REDIRECT] WARNING: Couldn't flush system prefs: java.util.prefs.BackingStoreException: Couldn't get file lock.
2025-09-15 21:46:30,790 [ERROR] LogOutputStream:75 - [STDERR_REDIRECT] 
2025-09-15 21:47:00,787 [ERROR] LogOutputStream:75 - [STDERR_REDIRECT] Sep 15, 2025 9:47:00 PM java.util.prefs.FileSystemPreferences checkLockFile0ErrorCode
2025-09-15 21:47:00,787 [ERROR] LogOutputStream:75 - [STDERR_REDIRECT] WARNING: Could not lock System prefs. Unix error code 2.
2025-09-15 21:47:00,787 [ERROR] LogOutputStream:75 - [STDERR_REDIRECT] 
2025-09-15 21:47:00,788 [ERROR] LogOutputStream:75 - [STDERR_REDIRECT] Sep 15, 2025 9:47:00 PM java.util.prefs.FileSystemPreferences syncWorld
2025-09-15 21:47:00,788 [ERROR] LogOutputStream:75 - [STDERR_REDIRECT] WARNING: Couldn't flush system prefs: java.util.prefs.BackingStoreException: Couldn't get file lock.
2025-09-15 21:47:00,788 [ERROR] LogOutputStream:75 - [STDERR_REDIRECT] 
2025-09-15 21:47:30,786 [ERROR] LogOutputStream:75 - [STDERR_REDIRECT] Sep 15, 2025 9:47:30 PM java.util.prefs.FileSystemPreferences checkLockFile0ErrorCode
2025-09-15 21:47:30,786 [ERROR] LogOutputStream:75 - [STDERR_REDIRECT] WARNING: Could not lock System prefs. Unix error code 2.
2025-09-15 21:47:30,787 [ERROR] LogOutputStream:75 - [STDERR_REDIRECT] 
2025-09-15 21:47:30,787 [ERROR] LogOutputStream:75 - [STDERR_REDIRECT] Sep 15, 2025 9:47:30 PM java.util.prefs.FileSystemPreferences syncWorld
2025-09-15 21:47:30,788 [ERROR] LogOutputStream:75 - [STDERR_REDIRECT] WARNING: Couldn't flush system prefs: java.util.prefs.BackingStoreException: Couldn't get file lock.
2025-09-15 21:47:30,788 [ERROR] LogOutputStream:75 - [STDERR_REDIRECT] 
2025-09-15 21:48:00,787 [ERROR] LogOutputStream:75 - [STDERR_REDIRECT] Sep 15, 2025 9:48:00 PM java.util.prefs.FileSystemPreferences checkLockFile0ErrorCode
2025-09-15 21:48:00,787 [ERROR] LogOutputStream:75 - [STDERR_REDIRECT] WARNING: Could not lock System prefs. Unix error code 2.
2025-09-15 21:48:00,788 [ERROR] LogOutputStream:75 - [STDERR_REDIRECT] 
2025-09-15 21:48:00,788 [ERROR] LogOutputStream:75 - [STDERR_REDIRECT] Sep 15, 2025 9:48:00 PM java.util.prefs.FileSystemPreferences syncWorld
2025-09-15 21:48:00,788 [ERROR] LogOutputStream:75 - [STDERR_REDIRECT] WARNING: Couldn't flush system prefs: java.util.prefs.BackingStoreException: Couldn't get file lock.
2025-09-15 21:48:00,789 [ERROR] LogOutputStream:75 - [STDERR_REDIRECT] 
2025-09-15 21:48:30,787 [ERROR] LogOutputStream:75 - [STDERR_REDIRECT] Sep 15, 2025 9:48:30 PM java.util.prefs.FileSystemPreferences checkLockFile0ErrorCode
2025-09-15 21:48:30,787 [ERROR] LogOutputStream:75 - [STDERR_REDIRECT] WARNING: Could not lock System prefs. Unix error code 2.
2025-09-15 21:48:30,787 [ERROR] LogOutputStream:75 - [STDERR_REDIRECT] 
2025-09-15 21:48:30,788 [ERROR] LogOutputStream:75 - [STDERR_REDIRECT] Sep 15, 2025 9:48:30 PM java.util.prefs.FileSystemPreferences syncWorld
2025-09-15 21:48:30,788 [ERROR] LogOutputStream:75 - [STDERR_REDIRECT] WARNING: Couldn't flush system prefs: java.util.prefs.BackingStoreException: Couldn't get file lock.
2025-09-15 21:48:30,788 [ERROR] LogOutputStream:75 - [STDERR_REDIRECT] 
2025-09-15 21:49:00,787 [ERROR] LogOutputStream:75 - [STDERR_REDIRECT] Sep 15, 2025 9:49:00 PM java.util.prefs.FileSystemPreferences checkLockFile0ErrorCode
2025-09-15 21:49:00,788 [ERROR] LogOutputStream:75 - [STDERR_REDIRECT] WARNING: Could not lock System prefs. Unix error code 2.
2025-09-15 21:49:00,788 [ERROR] LogOutputStream:75 - [STDERR_REDIRECT] 
2025-09-15 21:49:00,789 [ERROR] LogOutputStream:75 - [STDERR_REDIRECT] Sep 15, 2025 9:49:00 PM java.util.prefs.FileSystemPreferences syncWorld
2025-09-15 21:49:00,789 [ERROR] LogOutputStream:75 - [STDERR_REDIRECT] WARNING: Couldn't flush system prefs: java.util.prefs.BackingStoreException: Couldn't get file lock.
2025-09-15 21:49:00,789 [ERROR] LogOutputStream:75 - [STDERR_REDIRECT] 
2025-09-15 21:49:30,787 [ERROR] LogOutputStream:75 - [STDERR_REDIRECT] Sep 15, 2025 9:49:30 PM java.util.prefs.FileSystemPreferences checkLockFile0ErrorCode
2025-09-15 21:49:30,788 [ERROR] LogOutputStream:75 - [STDERR_REDIRECT] WARNING: Could not lock System prefs. Unix error code 2.
2025-09-15 21:49:30,788 [ERROR] LogOutputStream:75 - [STDERR_REDIRECT] 
2025-09-15 21:49:30,788 [ERROR] LogOutputStream:75 - [STDERR_REDIRECT] Sep 15, 2025 9:49:30 PM java.util.prefs.FileSystemPreferences syncWorld
2025-09-15 21:49:30,789 [ERROR] LogOutputStream:75 - [STDERR_REDIRECT] WARNING: Couldn't flush system prefs: java.util.prefs.BackingStoreException: Couldn't get file lock.
2025-09-15 21:49:30,789 [ERROR] LogOutputStream:75 - [STDERR_REDIRECT] 
2025-09-15 21:50:00,786 [ERROR] LogOutputStream:75 - [STDERR_REDIRECT] Sep 15, 2025 9:50:00 PM java.util.prefs.FileSystemPreferences checkLockFile0ErrorCode
2025-09-15 21:50:00,786 [ERROR] LogOutputStream:75 - [STDERR_REDIRECT] WARNING: Could not lock System prefs. Unix error code 2.
2025-09-15 21:50:00,786 [ERROR] LogOutputStream:75 - [STDERR_REDIRECT] 
2025-09-15 21:50:00,786 [ERROR] LogOutputStream:75 - [STDERR_REDIRECT] Sep 15, 2025 9:50:00 PM java.util.prefs.FileSystemPreferences syncWorld
2025-09-15 21:50:00,786 [ERROR] LogOutputStream:75 - [STDERR_REDIRECT] WARNING: Couldn't flush system prefs: java.util.prefs.BackingStoreException: Couldn't get file lock.
2025-09-15 21:50:00,787 [ERROR] LogOutputStream:75 - [STDERR_REDIRECT] 
2025-09-15 21:50:30,786 [ERROR] LogOutputStream:75 - [STDERR_REDIRECT] Sep 15, 2025 9:50:30 PM java.util.prefs.FileSystemPreferences checkLockFile0ErrorCode
2025-09-15 21:50:30,786 [ERROR] LogOutputStream:75 - [STDERR_REDIRECT] WARNING: Could not lock System prefs. Unix error code 2.
2025-09-15 21:50:30,786 [ERROR] LogOutputStream:75 - [STDERR_REDIRECT] 
2025-09-15 21:50:30,787 [ERROR] LogOutputStream:75 - [STDERR_REDIRECT] Sep 15, 2025 9:50:30 PM java.util.prefs.FileSystemPreferences syncWorld
2025-09-15 21:50:30,787 [ERROR] LogOutputStream:75 - [STDERR_REDIRECT] WARNING: Couldn't flush system prefs: java.util.prefs.BackingStoreException: Couldn't get file lock.
2025-09-15 21:50:30,787 [ERROR] LogOutputStream:75 - [STDERR_REDIRECT] 
2025-09-15 21:51:00,787 [ERROR] LogOutputStream:75 - [STDERR_REDIRECT] Sep 15, 2025 9:51:00 PM java.util.prefs.FileSystemPreferences checkLockFile0ErrorCode
2025-09-15 21:51:00,787 [ERROR] LogOutputStream:75 - [STDERR_REDIRECT] WARNING: Could not lock System prefs. Unix error code 2.
2025-09-15 21:51:00,787 [ERROR] LogOutputStream:75 - [STDERR_REDIRECT] 
2025-09-15 21:51:00,787 [ERROR] LogOutputStream:75 - [STDERR_REDIRECT] Sep 15, 2025 9:51:00 PM java.util.prefs.FileSystemPreferences syncWorld
2025-09-15 21:51:00,787 [ERROR] LogOutputStream:75 - [STDERR_REDIRECT] WARNING: Couldn't flush system prefs: java.util.prefs.BackingStoreException: Couldn't get file lock.
2025-09-15 21:51:00,787 [ERROR] LogOutputStream:75 - [STDERR_REDIRECT] 
2025-09-15 21:51:30,787 [ERROR] LogOutputStream:75 - [STDERR_REDIRECT] Sep 15, 2025 9:51:30 PM java.util.prefs.FileSystemPreferences checkLockFile0ErrorCode
2025-09-15 21:51:30,788 [ERROR] LogOutputStream:75 - [STDERR_REDIRECT] WARNING: Could not lock System prefs. Unix error code 2.
2025-09-15 21:51:30,788 [ERROR] LogOutputStream:75 - [STDERR_REDIRECT] 
2025-09-15 21:51:30,788 [ERROR] LogOutputStream:75 - [STDERR_REDIRECT] Sep 15, 2025 9:51:30 PM java.util.prefs.FileSystemPreferences syncWorld
2025-09-15 21:51:30,788 [ERROR] LogOutputStream:75 - [STDERR_REDIRECT] WARNING: Couldn't flush system prefs: java.util.prefs.BackingStoreException: Couldn't get file lock.
2025-09-15 21:51:30,788 [ERROR] LogOutputStream:75 - [STDERR_REDIRECT] 
2025-09-15 21:52:00,787 [ERROR] LogOutputStream:75 - [STDERR_REDIRECT] Sep 15, 2025 9:52:00 PM java.util.prefs.FileSystemPreferences checkLockFile0ErrorCode
2025-09-15 21:52:00,787 [ERROR] LogOutputStream:75 - [STDERR_REDIRECT] WARNING: Could not lock System prefs. Unix error code 2.
2025-09-15 21:52:00,788 [ERROR] LogOutputStream:75 - [STDERR_REDIRECT] 
2025-09-15 21:52:00,788 [ERROR] LogOutputStream:75 - [STDERR_REDIRECT] Sep 15, 2025 9:52:00 PM java.util.prefs.FileSystemPreferences syncWorld
2025-09-15 21:52:00,788 [ERROR] LogOutputStream:75 - [STDERR_REDIRECT] WARNING: Couldn't flush system prefs: java.util.prefs.BackingStoreException: Couldn't get file lock.
2025-09-15 21:52:00,788 [ERROR] LogOutputStream:75 - [STDERR_REDIRECT] 
2025-09-15 21:52:30,789 [ERROR] LogOutputStream:75 - [STDERR_REDIRECT] Sep 15, 2025 9:52:30 PM java.util.prefs.FileSystemPreferences checkLockFile0ErrorCode
2025-09-15 21:52:30,789 [ERROR] LogOutputStream:75 - [STDERR_REDIRECT] WARNING: Could not lock System prefs. Unix error code 2.
2025-09-15 21:52:30,789 [ERROR] LogOutputStream:75 - [STDERR_REDIRECT] 
2025-09-15 21:52:30,790 [ERROR] LogOutputStream:75 - [STDERR_REDIRECT] Sep 15, 2025 9:52:30 PM java.util.prefs.FileSystemPreferences syncWorld
2025-09-15 21:52:30,790 [ERROR] LogOutputStream:75 - [STDERR_REDIRECT] WARNING: Couldn't flush system prefs: java.util.prefs.BackingStoreException: Couldn't get file lock.
2025-09-15 21:52:30,790 [ERROR] LogOutputStream:75 - [STDERR_REDIRECT] 
2025-09-15 21:53:00,786 [ERROR] LogOutputStream:75 - [STDERR_REDIRECT] Sep 15, 2025 9:53:00 PM java.util.prefs.FileSystemPreferences checkLockFile0ErrorCode
2025-09-15 21:53:00,786 [ERROR] LogOutputStream:75 - [STDERR_REDIRECT] WARNING: Could not lock System prefs. Unix error code 2.
2025-09-15 21:53:00,786 [ERROR] LogOutputStream:75 - [STDERR_REDIRECT] 
2025-09-15 21:53:00,786 [ERROR] LogOutputStream:75 - [STDERR_REDIRECT] Sep 15, 2025 9:53:00 PM java.util.prefs.FileSystemPreferences syncWorld
2025-09-15 21:53:00,786 [ERROR] LogOutputStream:75 - [STDERR_REDIRECT] WARNING: Couldn't flush system prefs: java.util.prefs.BackingStoreException: Couldn't get file lock.
2025-09-15 21:53:00,787 [ERROR] LogOutputStream:75 - [STDERR_REDIRECT] 
2025-09-15 21:53:30,786 [ERROR] LogOutputStream:75 - [STDERR_REDIRECT] Sep 15, 2025 9:53:30 PM java.util.prefs.FileSystemPreferences checkLockFile0ErrorCode
2025-09-15 21:53:30,786 [ERROR] LogOutputStream:75 - [STDERR_REDIRECT] WARNING: Could not lock System prefs. Unix error code 2.
2025-09-15 21:53:30,786 [ERROR] LogOutputStream:75 - [STDERR_REDIRECT] 
2025-09-15 21:53:30,786 [ERROR] LogOutputStream:75 - [STDERR_REDIRECT] Sep 15, 2025 9:53:30 PM java.util.prefs.FileSystemPreferences syncWorld
2025-09-15 21:53:30,786 [ERROR] LogOutputStream:75 - [STDERR_REDIRECT] WARNING: Couldn't flush system prefs: java.util.prefs.BackingStoreException: Couldn't get file lock.
2025-09-15 21:53:30,786 [ERROR] LogOutputStream:75 - [STDERR_REDIRECT] 
2025-09-15 21:53:35,433 [ERROR] ConfigurationRetriever:142 - IOException on connection: Read timed out
2025-09-15 21:54:00,788 [ERROR] LogOutputStream:75 - [STDERR_REDIRECT] Sep 15, 2025 9:54:00 PM java.util.prefs.FileSystemPreferences checkLockFile0ErrorCode
2025-09-15 21:54:00,788 [ERROR] LogOutputStream:75 - [STDERR_REDIRECT] WARNING: Could not lock System prefs. Unix error code 2.
2025-09-15 21:54:00,788 [ERROR] LogOutputStream:75 - [STDERR_REDIRECT] 
2025-09-15 21:54:00,789 [ERROR] LogOutputStream:75 - [STDERR_REDIRECT] Sep 15, 2025 9:54:00 PM java.util.prefs.FileSystemPreferences syncWorld
2025-09-15 21:54:00,789 [ERROR] LogOutputStream:75 - [STDERR_REDIRECT] WARNING: Couldn't flush system prefs: java.util.prefs.BackingStoreException: Couldn't get file lock.
2025-09-15 21:54:00,789 [ERROR] LogOutputStream:75 - [STDERR_REDIRECT] 
2025-09-15 21:54:30,787 [ERROR] LogOutputStream:75 - [STDERR_REDIRECT] Sep 15, 2025 9:54:30 PM java.util.prefs.FileSystemPreferences checkLockFile0ErrorCode
2025-09-15 21:54:30,787 [ERROR] LogOutputStream:75 - [STDERR_REDIRECT] WARNING: Could not lock System prefs. Unix error code 2.
2025-09-15 21:54:30,787 [ERROR] LogOutputStream:75 - [STDERR_REDIRECT] 
2025-09-15 21:54:30,788 [ERROR] LogOutputStream:75 - [STDERR_REDIRECT] Sep 15, 2025 9:54:30 PM java.util.prefs.FileSystemPreferences syncWorld
2025-09-15 21:54:30,788 [ERROR] LogOutputStream:75 - [STDERR_REDIRECT] WARNING: Couldn't flush system prefs: java.util.prefs.BackingStoreException: Couldn't get file lock.
2025-09-15 21:54:30,788 [ERROR] LogOutputStream:75 - [STDERR_REDIRECT] 
2025-09-15 21:55:00,787 [ERROR] LogOutputStream:75 - [STDERR_REDIRECT] Sep 15, 2025 9:55:00 PM java.util.prefs.FileSystemPreferences checkLockFile0ErrorCode
2025-09-15 21:55:00,788 [ERROR] LogOutputStream:75 - [STDERR_REDIRECT] WARNING: Could not lock System prefs. Unix error code 2.
2025-09-15 21:55:00,788 [ERROR] LogOutputStream:75 - [STDERR_REDIRECT] 
2025-09-15 21:55:00,788 [ERROR] LogOutputStream:75 - [STDERR_REDIRECT] Sep 15, 2025 9:55:00 PM java.util.prefs.FileSystemPreferences syncWorld
2025-09-15 21:55:00,789 [ERROR] LogOutputStream:75 - [STDERR_REDIRECT] WARNING: Couldn't flush system prefs: java.util.prefs.BackingStoreException: Couldn't get file lock.
2025-09-15 21:55:00,789 [ERROR] LogOutputStream:75 - [STDERR_REDIRECT] 
2025-09-15 21:55:30,787 [ERROR] LogOutputStream:75 - [STDERR_REDIRECT] Sep 15, 2025 9:55:30 PM java.util.prefs.FileSystemPreferences checkLockFile0ErrorCode
2025-09-15 21:55:30,787 [ERROR] LogOutputStream:75 - [STDERR_REDIRECT] WARNING: Could not lock System prefs. Unix error code 2.
2025-09-15 21:55:30,787 [ERROR] LogOutputStream:75 - [STDERR_REDIRECT] 
2025-09-15 21:55:30,788 [ERROR] LogOutputStream:75 - [STDERR_REDIRECT] Sep 15, 2025 9:55:30 PM java.util.prefs.FileSystemPreferences syncWorld
2025-09-15 21:55:30,788 [ERROR] LogOutputStream:75 - [STDERR_REDIRECT] WARNING: Couldn't flush system prefs: java.util.prefs.BackingStoreException: Couldn't get file lock.
2025-09-15 21:55:30,788 [ERROR] LogOutputStream:75 - [STDERR_REDIRECT] 
2025-09-15 21:56:00,788 [ERROR] LogOutputStream:75 - [STDERR_REDIRECT] Sep 15, 2025 9:56:00 PM java.util.prefs.FileSystemPreferences checkLockFile0ErrorCode
2025-09-15 21:56:00,788 [ERROR] LogOutputStream:75 - [STDERR_REDIRECT] WARNING: Could not lock System prefs. Unix error code 2.
2025-09-15 21:56:00,788 [ERROR] LogOutputStream:75 - [STDERR_REDIRECT] 
2025-09-15 21:56:00,789 [ERROR] LogOutputStream:75 - [STDERR_REDIRECT] Sep 15, 2025 9:56:00 PM java.util.prefs.FileSystemPreferences syncWorld
2025-09-15 21:56:00,789 [ERROR] LogOutputStream:75 - [STDERR_REDIRECT] WARNING: Couldn't flush system prefs: java.util.prefs.BackingStoreException: Couldn't get file lock.
2025-09-15 21:56:00,789 [ERROR] LogOutputStream:75 - [STDERR_REDIRECT] 
2025-09-15 21:56:30,787 [ERROR] LogOutputStream:75 - [STDERR_REDIRECT] Sep 15, 2025 9:56:30 PM java.util.prefs.FileSystemPreferences checkLockFile0ErrorCode
2025-09-15 21:56:30,787 [ERROR] LogOutputStream:75 - [STDERR_REDIRECT] WARNING: Could not lock System prefs. Unix error code 2.
2025-09-15 21:56:30,788 [ERROR] LogOutputStream:75 - [STDERR_REDIRECT] 
2025-09-15 21:56:30,788 [ERROR] LogOutputStream:75 - [STDERR_REDIRECT] Sep 15, 2025 9:56:30 PM java.util.prefs.FileSystemPreferences syncWorld
2025-09-15 21:56:30,788 [ERROR] LogOutputStream:75 - [STDERR_REDIRECT] WARNING: Couldn't flush system prefs: java.util.prefs.BackingStoreException: Couldn't get file lock.
2025-09-15 21:56:30,789 [ERROR] LogOutputStream:75 - [STDERR_REDIRECT] 
2025-09-15 21:57:00,788 [ERROR] LogOutputStream:75 - [STDERR_REDIRECT] Sep 15, 2025 9:57:00 PM java.util.prefs.FileSystemPreferences checkLockFile0ErrorCode
2025-09-15 21:57:00,789 [ERROR] LogOutputStream:75 - [STDERR_REDIRECT] WARNING: Could not lock System prefs. Unix error code 2.
2025-09-15 21:57:00,789 [ERROR] LogOutputStream:75 - [STDERR_REDIRECT] 
2025-09-15 21:57:00,789 [ERROR] LogOutputStream:75 - [STDERR_REDIRECT] Sep 15, 2025 9:57:00 PM java.util.prefs.FileSystemPreferences syncWorld
2025-09-15 21:57:00,789 [ERROR] LogOutputStream:75 - [STDERR_REDIRECT] WARNING: Couldn't flush system prefs: java.util.prefs.BackingStoreException: Couldn't get file lock.
2025-09-15 21:57:00,789 [ERROR] LogOutputStream:75 - [STDERR_REDIRECT] 
2025-09-15 21:57:30,788 [ERROR] LogOutputStream:75 - [STDERR_REDIRECT] Sep 15, 2025 9:57:30 PM java.util.prefs.FileSystemPreferences checkLockFile0ErrorCode
2025-09-15 21:57:30,788 [ERROR] LogOutputStream:75 - [STDERR_REDIRECT] WARNING: Could not lock System prefs. Unix error code 2.
2025-09-15 21:57:30,788 [ERROR] LogOutputStream:75 - [STDERR_REDIRECT] 
2025-09-15 21:57:30,788 [ERROR] LogOutputStream:75 - [STDERR_REDIRECT] Sep 15, 2025 9:57:30 PM java.util.prefs.FileSystemPreferences syncWorld
2025-09-15 21:57:30,788 [ERROR] LogOutputStream:75 - [STDERR_REDIRECT] WARNING: Couldn't flush system prefs: java.util.prefs.BackingStoreException: Couldn't get file lock.
2025-09-15 21:57:30,788 [ERROR] LogOutputStream:75 - [STDERR_REDIRECT] 
2025-09-15 21:58:00,789 [ERROR] LogOutputStream:75 - [STDERR_REDIRECT] Sep 15, 2025 9:58:00 PM java.util.prefs.FileSystemPreferences checkLockFile0ErrorCode
2025-09-15 21:58:00,789 [ERROR] LogOutputStream:75 - [STDERR_REDIRECT] WARNING: Could not lock System prefs. Unix error code 2.
2025-09-15 21:58:00,789 [ERROR] LogOutputStream:75 - [STDERR_REDIRECT] 
2025-09-15 21:58:00,790 [ERROR] LogOutputStream:75 - [STDERR_REDIRECT] Sep 15, 2025 9:58:00 PM java.util.prefs.FileSystemPreferences syncWorld
2025-09-15 21:58:00,790 [ERROR] LogOutputStream:75 - [STDERR_REDIRECT] WARNING: Couldn't flush system prefs: java.util.prefs.BackingStoreException: Couldn't get file lock.
2025-09-15 21:58:00,790 [ERROR] LogOutputStream:75 - [STDERR_REDIRECT] 
2025-09-15 21:58:30,788 [ERROR] LogOutputStream:75 - [STDERR_REDIRECT] Sep 15, 2025 9:58:30 PM java.util.prefs.FileSystemPreferences checkLockFile0ErrorCode
2025-09-15 21:58:30,788 [ERROR] LogOutputStream:75 - [STDERR_REDIRECT] WARNING: Could not lock System prefs. Unix error code 2.
2025-09-15 21:58:30,788 [ERROR] LogOutputStream:75 - [STDERR_REDIRECT] 
2025-09-15 21:58:30,788 [ERROR] LogOutputStream:75 - [STDERR_REDIRECT] Sep 15, 2025 9:58:30 PM java.util.prefs.FileSystemPreferences syncWorld
2025-09-15 21:58:30,788 [ERROR] LogOutputStream:75 - [STDERR_REDIRECT] WARNING: Couldn't flush system prefs: java.util.prefs.BackingStoreException: Couldn't get file lock.
2025-09-15 21:58:30,788 [ERROR] LogOutputStream:75 - [STDERR_REDIRECT] 
2025-09-15 21:59:00,788 [ERROR] LogOutputStream:75 - [STDERR_REDIRECT] Sep 15, 2025 9:59:00 PM java.util.prefs.FileSystemPreferences checkLockFile0ErrorCode
2025-09-15 21:59:00,788 [ERROR] LogOutputStream:75 - [STDERR_REDIRECT] WARNING: Could not lock System prefs. Unix error code 2.
2025-09-15 21:59:00,789 [ERROR] LogOutputStream:75 - [STDERR_REDIRECT] 
2025-09-15 21:59:00,789 [ERROR] LogOutputStream:75 - [STDERR_REDIRECT] Sep 15, 2025 9:59:00 PM java.util.prefs.FileSystemPreferences syncWorld
2025-09-15 21:59:00,789 [ERROR] LogOutputStream:75 - [STDERR_REDIRECT] WARNING: Couldn't flush system prefs: java.util.prefs.BackingStoreException: Couldn't get file lock.
2025-09-15 21:59:00,790 [ERROR] LogOutputStream:75 - [STDERR_REDIRECT] 
2025-09-15 21:59:30,788 [ERROR] LogOutputStream:75 - [STDERR_REDIRECT] Sep 15, 2025 9:59:30 PM java.util.prefs.FileSystemPreferences checkLockFile0ErrorCode
2025-09-15 21:59:30,788 [ERROR] LogOutputStream:75 - [STDERR_REDIRECT] WARNING: Could not lock System prefs. Unix error code 2.
2025-09-15 21:59:30,789 [ERROR] LogOutputStream:75 - [STDERR_REDIRECT] 
2025-09-15 21:59:30,789 [ERROR] LogOutputStream:75 - [STDERR_REDIRECT] Sep 15, 2025 9:59:30 PM java.util.prefs.FileSystemPreferences syncWorld
2025-09-15 21:59:30,789 [ERROR] LogOutputStream:75 - [STDERR_REDIRECT] WARNING: Couldn't flush system prefs: java.util.prefs.BackingStoreException: Couldn't get file lock.
2025-09-15 21:59:30,790 [ERROR] LogOutputStream:75 - [STDERR_REDIRECT] 
2025-09-15 22:00:00,788 [ERROR] LogOutputStream:75 - [STDERR_REDIRECT] Sep 15, 2025 10:00:00 PM java.util.prefs.FileSystemPreferences checkLockFile0ErrorCode
2025-09-15 22:00:00,788 [ERROR] LogOutputStream:75 - [STDERR_REDIRECT] WARNING: Could not lock System prefs. Unix error code 2.
2025-09-15 22:00:00,789 [ERROR] LogOutputStream:75 - [STDERR_REDIRECT] 
2025-09-15 22:00:00,789 [ERROR] LogOutputStream:75 - [STDERR_REDIRECT] Sep 15, 2025 10:00:00 PM java.util.prefs.FileSystemPreferences syncWorld
2025-09-15 22:00:00,789 [ERROR] LogOutputStream:75 - [STDERR_REDIRECT] WARNING: Couldn't flush system prefs: java.util.prefs.BackingStoreException: Couldn't get file lock.
2025-09-15 22:00:00,789 [ERROR] LogOutputStream:75 - [STDERR_REDIRECT] 
2025-09-15 22:00:30,789 [ERROR] LogOutputStream:75 - [STDERR_REDIRECT] Sep 15, 2025 10:00:30 PM java.util.prefs.FileSystemPreferences checkLockFile0ErrorCode
2025-09-15 22:00:30,789 [ERROR] LogOutputStream:75 - [STDERR_REDIRECT] WARNING: Could not lock System prefs. Unix error code 2.
2025-09-15 22:00:30,789 [ERROR] LogOutputStream:75 - [STDERR_REDIRECT] 
2025-09-15 22:00:30,790 [ERROR] LogOutputStream:75 - [STDERR_REDIRECT] Sep 15, 2025 10:00:30 PM java.util.prefs.FileSystemPreferences syncWorld
2025-09-15 22:00:30,790 [ERROR] LogOutputStream:75 - [STDERR_REDIRECT] WARNING: Couldn't flush system prefs: java.util.prefs.BackingStoreException: Couldn't get file lock.
2025-09-15 22:00:30,790 [ERROR] LogOutputStream:75 - [STDERR_REDIRECT] 
2025-09-15 22:01:00,790 [ERROR] LogOutputStream:75 - [STDERR_REDIRECT] Sep 15, 2025 10:01:00 PM java.util.prefs.FileSystemPreferences checkLockFile0ErrorCode
2025-09-15 22:01:00,790 [ERROR] LogOutputStream:75 - [STDERR_REDIRECT] WARNING: Could not lock System prefs. Unix error code 2.
2025-09-15 22:01:00,791 [ERROR] LogOutputStream:75 - [STDERR_REDIRECT] 
2025-09-15 22:01:00,791 [ERROR] LogOutputStream:75 - [STDERR_REDIRECT] Sep 15, 2025 10:01:00 PM java.util.prefs.FileSystemPreferences syncWorld
2025-09-15 22:01:00,791 [ERROR] LogOutputStream:75 - [STDERR_REDIRECT] WARNING: Couldn't flush system prefs: java.util.prefs.BackingStoreException: Couldn't get file lock.
2025-09-15 22:01:00,791 [ERROR] LogOutputStream:75 - [STDERR_REDIRECT] 
2025-09-15 22:01:30,790 [ERROR] LogOutputStream:75 - [STDERR_REDIRECT] Sep 15, 2025 10:01:30 PM java.util.prefs.FileSystemPreferences checkLockFile0ErrorCode
2025-09-15 22:01:30,790 [ERROR] LogOutputStream:75 - [STDERR_REDIRECT] WARNING: Could not lock System prefs. Unix error code 2.
2025-09-15 22:01:30,790 [ERROR] LogOutputStream:75 - [STDERR_REDIRECT] 
2025-09-15 22:01:30,791 [ERROR] LogOutputStream:75 - [STDERR_REDIRECT] Sep 15, 2025 10:01:30 PM java.util.prefs.FileSystemPreferences syncWorld
2025-09-15 22:01:30,791 [ERROR] LogOutputStream:75 - [STDERR_REDIRECT] WARNING: Couldn't flush system prefs: java.util.prefs.BackingStoreException: Couldn't get file lock.
2025-09-15 22:01:30,791 [ERROR] LogOutputStream:75 - [STDERR_REDIRECT] 
2025-09-15 22:02:00,791 [ERROR] LogOutputStream:75 - [STDERR_REDIRECT] Sep 15, 2025 10:02:00 PM java.util.prefs.FileSystemPreferences checkLockFile0ErrorCode
2025-09-15 22:02:00,791 [ERROR] LogOutputStream:75 - [STDERR_REDIRECT] WARNING: Could not lock System prefs. Unix error code 2.
2025-09-15 22:02:00,792 [ERROR] LogOutputStream:75 - [STDERR_REDIRECT] 
2025-09-15 22:02:00,792 [ERROR] LogOutputStream:75 - [STDERR_REDIRECT] Sep 15, 2025 10:02:00 PM java.util.prefs.FileSystemPreferences syncWorld
2025-09-15 22:02:00,792 [ERROR] LogOutputStream:75 - [STDERR_REDIRECT] WARNING: Couldn't flush system prefs: java.util.prefs.BackingStoreException: Couldn't get file lock.
2025-09-15 22:02:00,792 [ERROR] LogOutputStream:75 - [STDERR_REDIRECT] 
2025-09-15 22:02:30,791 [ERROR] LogOutputStream:75 - [STDERR_REDIRECT] Sep 15, 2025 10:02:30 PM java.util.prefs.FileSystemPreferences checkLockFile0ErrorCode
2025-09-15 22:02:30,792 [ERROR] LogOutputStream:75 - [STDERR_REDIRECT] WARNING: Could not lock System prefs. Unix error code 2.
2025-09-15 22:02:30,792 [ERROR] LogOutputStream:75 - [STDERR_REDIRECT] 
2025-09-15 22:02:30,793 [ERROR] LogOutputStream:75 - [STDERR_REDIRECT] Sep 15, 2025 10:02:30 PM java.util.prefs.FileSystemPreferences syncWorld
2025-09-15 22:02:30,793 [ERROR] LogOutputStream:75 - [STDERR_REDIRECT] WARNING: Couldn't flush system prefs: java.util.prefs.BackingStoreException: Couldn't get file lock.
2025-09-15 22:02:30,793 [ERROR] LogOutputStream:75 - [STDERR_REDIRECT] 
2025-09-15 22:03:00,792 [ERROR] LogOutputStream:75 - [STDERR_REDIRECT] Sep 15, 2025 10:03:00 PM java.util.prefs.FileSystemPreferences checkLockFile0ErrorCode
2025-09-15 22:03:00,792 [ERROR] LogOutputStream:75 - [STDERR_REDIRECT] WARNING: Could not lock System prefs. Unix error code 2.
2025-09-15 22:03:00,792 [ERROR] LogOutputStream:75 - [STDERR_REDIRECT] 
2025-09-15 22:03:00,793 [ERROR] LogOutputStream:75 - [STDERR_REDIRECT] Sep 15, 2025 10:03:00 PM java.util.prefs.FileSystemPreferences syncWorld
2025-09-15 22:03:00,793 [ERROR] LogOutputStream:75 - [STDERR_REDIRECT] WARNING: Couldn't flush system prefs: java.util.prefs.BackingStoreException: Couldn't get file lock.
2025-09-15 22:03:00,793 [ERROR] LogOutputStream:75 - [STDERR_REDIRECT] 
2025-09-15 22:03:30,792 [ERROR] LogOutputStream:75 - [STDERR_REDIRECT] Sep 15, 2025 10:03:30 PM java.util.prefs.FileSystemPreferences checkLockFile0ErrorCode
2025-09-15 22:03:30,792 [ERROR] LogOutputStream:75 - [STDERR_REDIRECT] WARNING: Could not lock System prefs. Unix error code 2.
2025-09-15 22:03:30,792 [ERROR] LogOutputStream:75 - [STDERR_REDIRECT] 
2025-09-15 22:03:30,793 [ERROR] LogOutputStream:75 - [STDERR_REDIRECT] Sep 15, 2025 10:03:30 PM java.util.prefs.FileSystemPreferences syncWorld
2025-09-15 22:03:30,793 [ERROR] LogOutputStream:75 - [STDERR_REDIRECT] WARNING: Couldn't flush system prefs: java.util.prefs.BackingStoreException: Couldn't get file lock.
2025-09-15 22:03:30,793 [ERROR] LogOutputStream:75 - [STDERR_REDIRECT] 
2025-09-15 22:04:00,792 [ERROR] LogOutputStream:75 - [STDERR_REDIRECT] Sep 15, 2025 10:04:00 PM java.util.prefs.FileSystemPreferences checkLockFile0ErrorCode
2025-09-15 22:04:00,792 [ERROR] LogOutputStream:75 - [STDERR_REDIRECT] WARNING: Could not lock System prefs. Unix error code 2.
2025-09-15 22:04:00,792 [ERROR] LogOutputStream:75 - [STDERR_REDIRECT] 
2025-09-15 22:04:00,793 [ERROR] LogOutputStream:75 - [STDERR_REDIRECT] Sep 15, 2025 10:04:00 PM java.util.prefs.FileSystemPreferences syncWorld
2025-09-15 22:04:00,793 [ERROR] LogOutputStream:75 - [STDERR_REDIRECT] WARNING: Couldn't flush system prefs: java.util.prefs.BackingStoreException: Couldn't get file lock.
2025-09-15 22:04:00,793 [ERROR] LogOutputStream:75 - [STDERR_REDIRECT] 
2025-09-15 22:04:30,791 [ERROR] LogOutputStream:75 - [STDERR_REDIRECT] Sep 15, 2025 10:04:30 PM java.util.prefs.FileSystemPreferences checkLockFile0ErrorCode
2025-09-15 22:04:30,792 [ERROR] LogOutputStream:75 - [STDERR_REDIRECT] WARNING: Could not lock System prefs. Unix error code 2.
2025-09-15 22:04:30,792 [ERROR] LogOutputStream:75 - [STDERR_REDIRECT] 
2025-09-15 22:04:30,793 [ERROR] LogOutputStream:75 - [STDERR_REDIRECT] Sep 15, 2025 10:04:30 PM java.util.prefs.FileSystemPreferences syncWorld
2025-09-15 22:04:30,793 [ERROR] LogOutputStream:75 - [STDERR_REDIRECT] WARNING: Couldn't flush system prefs: java.util.prefs.BackingStoreException: Couldn't get file lock.
2025-09-15 22:04:30,793 [ERROR] LogOutputStream:75 - [STDERR_REDIRECT] 
2025-09-15 22:05:00,792 [ERROR] LogOutputStream:75 - [STDERR_REDIRECT] Sep 15, 2025 10:05:00 PM java.util.prefs.FileSystemPreferences checkLockFile0ErrorCode
2025-09-15 22:05:00,792 [ERROR] LogOutputStream:75 - [STDERR_REDIRECT] WARNING: Could not lock System prefs. Unix error code 2.
2025-09-15 22:05:00,792 [ERROR] LogOutputStream:75 - [STDERR_REDIRECT] 
2025-09-15 22:05:00,793 [ERROR] LogOutputStream:75 - [STDERR_REDIRECT] Sep 15, 2025 10:05:00 PM java.util.prefs.FileSystemPreferences syncWorld
2025-09-15 22:05:00,793 [ERROR] LogOutputStream:75 - [STDERR_REDIRECT] WARNING: Couldn't flush system prefs: java.util.prefs.BackingStoreException: Couldn't get file lock.
2025-09-15 22:05:00,793 [ERROR] LogOutputStream:75 - [STDERR_REDIRECT] 
2025-09-15 22:05:30,792 [ERROR] LogOutputStream:75 - [STDERR_REDIRECT] Sep 15, 2025 10:05:30 PM java.util.prefs.FileSystemPreferences checkLockFile0ErrorCode
2025-09-15 22:05:30,792 [ERROR] LogOutputStream:75 - [STDERR_REDIRECT] WARNING: Could not lock System prefs. Unix error code 2.
2025-09-15 22:05:30,792 [ERROR] LogOutputStream:75 - [STDERR_REDIRECT] 
2025-09-15 22:05:30,793 [ERROR] LogOutputStream:75 - [STDERR_REDIRECT] Sep 15, 2025 10:05:30 PM java.util.prefs.FileSystemPreferences syncWorld
2025-09-15 22:05:30,793 [ERROR] LogOutputStream:75 - [STDERR_REDIRECT] WARNING: Couldn't flush system prefs: java.util.prefs.BackingStoreException: Couldn't get file lock.
2025-09-15 22:05:30,793 [ERROR] LogOutputStream:75 - [STDERR_REDIRECT] 
2025-09-15 22:06:00,792 [ERROR] LogOutputStream:75 - [STDERR_REDIRECT] Sep 15, 2025 10:06:00 PM java.util.prefs.FileSystemPreferences checkLockFile0ErrorCode
2025-09-15 22:06:00,792 [ERROR] LogOutputStream:75 - [STDERR_REDIRECT] WARNING: Could not lock System prefs. Unix error code 2.
2025-09-15 22:06:00,792 [ERROR] LogOutputStream:75 - [STDERR_REDIRECT] 
2025-09-15 22:06:00,793 [ERROR] LogOutputStream:75 - [STDERR_REDIRECT] Sep 15, 2025 10:06:00 PM java.util.prefs.FileSystemPreferences syncWorld
2025-09-15 22:06:00,793 [ERROR] LogOutputStream:75 - [STDERR_REDIRECT] WARNING: Couldn't flush system prefs: java.util.prefs.BackingStoreException: Couldn't get file lock.
2025-09-15 22:06:00,793 [ERROR] LogOutputStream:75 - [STDERR_REDIRECT] 
2025-09-15 22:06:30,792 [ERROR] LogOutputStream:75 - [STDERR_REDIRECT] Sep 15, 2025 10:06:30 PM java.util.prefs.FileSystemPreferences checkLockFile0ErrorCode
2025-09-15 22:06:30,792 [ERROR] LogOutputStream:75 - [STDERR_REDIRECT] WARNING: Could not lock System prefs. Unix error code 2.
2025-09-15 22:06:30,792 [ERROR] LogOutputStream:75 - [STDERR_REDIRECT] 
2025-09-15 22:06:30,793 [ERROR] LogOutputStream:75 - [STDERR_REDIRECT] Sep 15, 2025 10:06:30 PM java.util.prefs.FileSystemPreferences syncWorld
2025-09-15 22:06:30,793 [ERROR] LogOutputStream:75 - [STDERR_REDIRECT] WARNING: Couldn't flush system prefs: java.util.prefs.BackingStoreException: Couldn't get file lock.
2025-09-15 22:06:30,793 [ERROR] LogOutputStream:75 - [STDERR_REDIRECT] 
2025-09-15 22:07:00,792 [ERROR] LogOutputStream:75 - [STDERR_REDIRECT] Sep 15, 2025 10:07:00 PM java.util.prefs.FileSystemPreferences checkLockFile0ErrorCode
2025-09-15 22:07:00,792 [ERROR] LogOutputStream:75 - [STDERR_REDIRECT] WARNING: Could not lock System prefs. Unix error code 2.
2025-09-15 22:07:00,793 [ERROR] LogOutputStream:75 - [STDERR_REDIRECT] 
2025-09-15 22:07:00,793 [ERROR] LogOutputStream:75 - [STDERR_REDIRECT] Sep 15, 2025 10:07:00 PM java.util.prefs.FileSystemPreferences syncWorld
2025-09-15 22:07:00,793 [ERROR] LogOutputStream:75 - [STDERR_REDIRECT] WARNING: Couldn't flush system prefs: java.util.prefs.BackingStoreException: Couldn't get file lock.
2025-09-15 22:07:00,794 [ERROR] LogOutputStream:75 - [STDERR_REDIRECT] 
2025-09-15 22:07:30,791 [ERROR] LogOutputStream:75 - [STDERR_REDIRECT] Sep 15, 2025 10:07:30 PM java.util.prefs.FileSystemPreferences checkLockFile0ErrorCode
2025-09-15 22:07:30,792 [ERROR] LogOutputStream:75 - [STDERR_REDIRECT] WARNING: Could not lock System prefs. Unix error code 2.
2025-09-15 22:07:30,792 [ERROR] LogOutputStream:75 - [STDERR_REDIRECT] 
2025-09-15 22:07:30,792 [ERROR] LogOutputStream:75 - [STDERR_REDIRECT] Sep 15, 2025 10:07:30 PM java.util.prefs.FileSystemPreferences syncWorld
2025-09-15 22:07:30,793 [ERROR] LogOutputStream:75 - [STDERR_REDIRECT] WARNING: Couldn't flush system prefs: java.util.prefs.BackingStoreException: Couldn't get file lock.
2025-09-15 22:07:30,793 [ERROR] LogOutputStream:75 - [STDERR_REDIRECT] 
2025-09-15 22:08:00,791 [ERROR] LogOutputStream:75 - [STDERR_REDIRECT] Sep 15, 2025 10:08:00 PM java.util.prefs.FileSystemPreferences checkLockFile0ErrorCode
2025-09-15 22:08:00,792 [ERROR] LogOutputStream:75 - [STDERR_REDIRECT] WARNING: Could not lock System prefs. Unix error code 2.
2025-09-15 22:08:00,792 [ERROR] LogOutputStream:75 - [STDERR_REDIRECT] 
2025-09-15 22:08:00,793 [ERROR] LogOutputStream:75 - [STDERR_REDIRECT] Sep 15, 2025 10:08:00 PM java.util.prefs.FileSystemPreferences syncWorld
2025-09-15 22:08:00,793 [ERROR] LogOutputStream:75 - [STDERR_REDIRECT] WARNING: Couldn't flush system prefs: java.util.prefs.BackingStoreException: Couldn't get file lock.
2025-09-15 22:08:00,793 [ERROR] LogOutputStream:75 - [STDERR_REDIRECT] 
2025-09-15 22:08:30,791 [ERROR] LogOutputStream:75 - [STDERR_REDIRECT] Sep 15, 2025 10:08:30 PM java.util.prefs.FileSystemPreferences checkLockFile0ErrorCode
2025-09-15 22:08:30,792 [ERROR] LogOutputStream:75 - [STDERR_REDIRECT] WARNING: Could not lock System prefs. Unix error code 2.
2025-09-15 22:08:30,792 [ERROR] LogOutputStream:75 - [STDERR_REDIRECT] 
2025-09-15 22:08:30,793 [ERROR] LogOutputStream:75 - [STDERR_REDIRECT] Sep 15, 2025 10:08:30 PM java.util.prefs.FileSystemPreferences syncWorld
2025-09-15 22:08:30,793 [ERROR] LogOutputStream:75 - [STDERR_REDIRECT] WARNING: Couldn't flush system prefs: java.util.prefs.BackingStoreException: Couldn't get file lock.
2025-09-15 22:08:30,793 [ERROR] LogOutputStream:75 - [STDERR_REDIRECT] 
2025-09-15 22:09:00,792 [ERROR] LogOutputStream:75 - [STDERR_REDIRECT] Sep 15, 2025 10:09:00 PM java.util.prefs.FileSystemPreferences checkLockFile0ErrorCode
2025-09-15 22:09:00,792 [ERROR] LogOutputStream:75 - [STDERR_REDIRECT] WARNING: Could not lock System prefs. Unix error code 2.
2025-09-15 22:09:00,792 [ERROR] LogOutputStream:75 - [STDERR_REDIRECT] 
2025-09-15 22:09:00,793 [ERROR] LogOutputStream:75 - [STDERR_REDIRECT] Sep 15, 2025 10:09:00 PM java.util.prefs.FileSystemPreferences syncWorld
2025-09-15 22:09:00,793 [ERROR] LogOutputStream:75 - [STDERR_REDIRECT] WARNING: Couldn't flush system prefs: java.util.prefs.BackingStoreException: Couldn't get file lock.
2025-09-15 22:09:00,793 [ERROR] LogOutputStream:75 - [STDERR_REDIRECT] 
2025-09-15 22:09:30,792 [ERROR] LogOutputStream:75 - [STDERR_REDIRECT] Sep 15, 2025 10:09:30 PM java.util.prefs.FileSystemPreferences checkLockFile0ErrorCode
2025-09-15 22:09:30,792 [ERROR] LogOutputStream:75 - [STDERR_REDIRECT] WARNING: Could not lock System prefs. Unix error code 2.
2025-09-15 22:09:30,793 [ERROR] LogOutputStream:75 - [STDERR_REDIRECT] 
2025-09-15 22:09:30,794 [ERROR] LogOutputStream:75 - [STDERR_REDIRECT] Sep 15, 2025 10:09:30 PM java.util.prefs.FileSystemPreferences syncWorld
2025-09-15 22:09:30,794 [ERROR] LogOutputStream:75 - [STDERR_REDIRECT] WARNING: Couldn't flush system prefs: java.util.prefs.BackingStoreException: Couldn't get file lock.
2025-09-15 22:09:30,794 [ERROR] LogOutputStream:75 - [STDERR_REDIRECT] 
2025-09-15 22:10:00,792 [ERROR] LogOutputStream:75 - [STDERR_REDIRECT] Sep 15, 2025 10:10:00 PM java.util.prefs.FileSystemPreferences checkLockFile0ErrorCode
2025-09-15 22:10:00,792 [ERROR] LogOutputStream:75 - [STDERR_REDIRECT] WARNING: Could not lock System prefs. Unix error code 2.
2025-09-15 22:10:00,792 [ERROR] LogOutputStream:75 - [STDERR_REDIRECT] 
2025-09-15 22:10:00,793 [ERROR] LogOutputStream:75 - [STDERR_REDIRECT] Sep 15, 2025 10:10:00 PM java.util.prefs.FileSystemPreferences syncWorld
2025-09-15 22:10:00,793 [ERROR] LogOutputStream:75 - [STDERR_REDIRECT] WARNING: Couldn't flush system prefs: java.util.prefs.BackingStoreException: Couldn't get file lock.
2025-09-15 22:10:00,793 [ERROR] LogOutputStream:75 - [STDERR_REDIRECT] 
2025-09-15 22:10:30,793 [ERROR] LogOutputStream:75 - [STDERR_REDIRECT] Sep 15, 2025 10:10:30 PM java.util.prefs.FileSystemPreferences checkLockFile0ErrorCode
2025-09-15 22:10:30,793 [ERROR] LogOutputStream:75 - [STDERR_REDIRECT] WARNING: Could not lock System prefs. Unix error code 2.
2025-09-15 22:10:30,793 [ERROR] LogOutputStream:75 - [STDERR_REDIRECT] 
2025-09-15 22:10:30,794 [ERROR] LogOutputStream:75 - [STDERR_REDIRECT] Sep 15, 2025 10:10:30 PM java.util.prefs.FileSystemPreferences syncWorld
2025-09-15 22:10:30,794 [ERROR] LogOutputStream:75 - [STDERR_REDIRECT] WARNING: Couldn't flush system prefs: java.util.prefs.BackingStoreException: Couldn't get file lock.
2025-09-15 22:10:30,794 [ERROR] LogOutputStream:75 - [STDERR_REDIRECT] 
2025-09-15 22:11:00,794 [ERROR] LogOutputStream:75 - [STDERR_REDIRECT] Sep 15, 2025 10:11:00 PM java.util.prefs.FileSystemPreferences checkLockFile0ErrorCode
2025-09-15 22:11:00,794 [ERROR] LogOutputStream:75 - [STDERR_REDIRECT] WARNING: Could not lock System prefs. Unix error code 2.
2025-09-15 22:11:00,794 [ERROR] LogOutputStream:75 - [STDERR_REDIRECT] 
2025-09-15 22:11:00,795 [ERROR] LogOutputStream:75 - [STDERR_REDIRECT] Sep 15, 2025 10:11:00 PM java.util.prefs.FileSystemPreferences syncWorld
2025-09-15 22:11:00,795 [ERROR] LogOutputStream:75 - [STDERR_REDIRECT] WARNING: Couldn't flush system prefs: java.util.prefs.BackingStoreException: Couldn't get file lock.
2025-09-15 22:11:00,795 [ERROR] LogOutputStream:75 - [STDERR_REDIRECT] 
2025-09-15 22:11:30,794 [ERROR] LogOutputStream:75 - [STDERR_REDIRECT] Sep 15, 2025 10:11:30 PM java.util.prefs.FileSystemPreferences checkLockFile0ErrorCode
2025-09-15 22:11:30,794 [ERROR] LogOutputStream:75 - [STDERR_REDIRECT] WARNING: Could not lock System prefs. Unix error code 2.
2025-09-15 22:11:30,794 [ERROR] LogOutputStream:75 - [STDERR_REDIRECT] 
2025-09-15 22:11:30,795 [ERROR] LogOutputStream:75 - [STDERR_REDIRECT] Sep 15, 2025 10:11:30 PM java.util.prefs.FileSystemPreferences syncWorld
2025-09-15 22:11:30,795 [ERROR] LogOutputStream:75 - [STDERR_REDIRECT] WARNING: Couldn't flush system prefs: java.util.prefs.BackingStoreException: Couldn't get file lock.
2025-09-15 22:11:30,795 [ERROR] LogOutputStream:75 - [STDERR_REDIRECT] 
2025-09-15 22:12:00,794 [ERROR] LogOutputStream:75 - [STDERR_REDIRECT] Sep 15, 2025 10:12:00 PM java.util.prefs.FileSystemPreferences checkLockFile0ErrorCode
2025-09-15 22:12:00,794 [ERROR] LogOutputStream:75 - [STDERR_REDIRECT] WARNING: Could not lock System prefs. Unix error code 2.
2025-09-15 22:12:00,794 [ERROR] LogOutputStream:75 - [STDERR_REDIRECT] 
2025-09-15 22:12:00,795 [ERROR] LogOutputStream:75 - [STDERR_REDIRECT] Sep 15, 2025 10:12:00 PM java.util.prefs.FileSystemPreferences syncWorld
2025-09-15 22:12:00,795 [ERROR] LogOutputStream:75 - [STDERR_REDIRECT] WARNING: Couldn't flush system prefs: java.util.prefs.BackingStoreException: Couldn't get file lock.
2025-09-15 22:12:00,795 [ERROR] LogOutputStream:75 - [STDERR_REDIRECT] 
2025-09-15 22:12:30,794 [ERROR] LogOutputStream:75 - [STDERR_REDIRECT] Sep 15, 2025 10:12:30 PM java.util.prefs.FileSystemPreferences checkLockFile0ErrorCode
2025-09-15 22:12:30,794 [ERROR] LogOutputStream:75 - [STDERR_REDIRECT] WARNING: Could not lock System prefs. Unix error code 2.
2025-09-15 22:12:30,794 [ERROR] LogOutputStream:75 - [STDERR_REDIRECT] 
2025-09-15 22:12:30,795 [ERROR] LogOutputStream:75 - [STDERR_REDIRECT] Sep 15, 2025 10:12:30 PM java.util.prefs.FileSystemPreferences syncWorld
2025-09-15 22:12:30,795 [ERROR] LogOutputStream:75 - [STDERR_REDIRECT] WARNING: Couldn't flush system prefs: java.util.prefs.BackingStoreException: Couldn't get file lock.
2025-09-15 22:12:30,795 [ERROR] LogOutputStream:75 - [STDERR_REDIRECT] 
2025-09-15 22:13:00,794 [ERROR] LogOutputStream:75 - [STDERR_REDIRECT] Sep 15, 2025 10:13:00 PM java.util.prefs.FileSystemPreferences checkLockFile0ErrorCode
2025-09-15 22:13:00,794 [ERROR] LogOutputStream:75 - [STDERR_REDIRECT] WARNING: Could not lock System prefs. Unix error code 2.
2025-09-15 22:13:00,794 [ERROR] LogOutputStream:75 - [STDERR_REDIRECT] 
2025-09-15 22:13:00,795 [ERROR] LogOutputStream:75 - [STDERR_REDIRECT] Sep 15, 2025 10:13:00 PM java.util.prefs.FileSystemPreferences syncWorld
2025-09-15 22:13:00,795 [ERROR] LogOutputStream:75 - [STDERR_REDIRECT] WARNING: Couldn't flush system prefs: java.util.prefs.BackingStoreException: Couldn't get file lock.
2025-09-15 22:13:00,795 [ERROR] LogOutputStream:75 - [STDERR_REDIRECT] 
2025-09-15 22:13:30,795 [ERROR] LogOutputStream:75 - [STDERR_REDIRECT] Sep 15, 2025 10:13:30 PM java.util.prefs.FileSystemPreferences checkLockFile0ErrorCode
2025-09-15 22:13:30,795 [ERROR] LogOutputStream:75 - [STDERR_REDIRECT] WARNING: Could not lock System prefs. Unix error code 2.
2025-09-15 22:13:30,795 [ERROR] LogOutputStream:75 - [STDERR_REDIRECT] 
2025-09-15 22:13:30,796 [ERROR] LogOutputStream:75 - [STDERR_REDIRECT] Sep 15, 2025 10:13:30 PM java.util.prefs.FileSystemPreferences syncWorld
2025-09-15 22:13:30,796 [ERROR] LogOutputStream:75 - [STDERR_REDIRECT] WARNING: Couldn't flush system prefs: java.util.prefs.BackingStoreException: Couldn't get file lock.
2025-09-15 22:13:30,796 [ERROR] LogOutputStream:75 - [STDERR_REDIRECT] 
2025-09-15 22:14:00,793 [ERROR] LogOutputStream:75 - [STDERR_REDIRECT] Sep 15, 2025 10:14:00 PM java.util.prefs.FileSystemPreferences checkLockFile0ErrorCode
2025-09-15 22:14:00,794 [ERROR] LogOutputStream:75 - [STDERR_REDIRECT] WARNING: Could not lock System prefs. Unix error code 2.
2025-09-15 22:14:00,794 [ERROR] LogOutputStream:75 - [STDERR_REDIRECT] 
2025-09-15 22:14:00,794 [ERROR] LogOutputStream:75 - [STDERR_REDIRECT] Sep 15, 2025 10:14:00 PM java.util.prefs.FileSystemPreferences syncWorld
2025-09-15 22:14:00,795 [ERROR] LogOutputStream:75 - [STDERR_REDIRECT] WARNING: Couldn't flush system prefs: java.util.prefs.BackingStoreException: Couldn't get file lock.
2025-09-15 22:14:00,795 [ERROR] LogOutputStream:75 - [STDERR_REDIRECT] 
2025-09-15 22:14:30,794 [ERROR] LogOutputStream:75 - [STDERR_REDIRECT] Sep 15, 2025 10:14:30 PM java.util.prefs.FileSystemPreferences checkLockFile0ErrorCode
2025-09-15 22:14:30,794 [ERROR] LogOutputStream:75 - [STDERR_REDIRECT] WARNING: Could not lock System prefs. Unix error code 2.
2025-09-15 22:14:30,794 [ERROR] LogOutputStream:75 - [STDERR_REDIRECT] 
2025-09-15 22:14:30,795 [ERROR] LogOutputStream:75 - [STDERR_REDIRECT] Sep 15, 2025 10:14:30 PM java.util.prefs.FileSystemPreferences syncWorld
2025-09-15 22:14:30,795 [ERROR] LogOutputStream:75 - [STDERR_REDIRECT] WARNING: Couldn't flush system prefs: java.util.prefs.BackingStoreException: Couldn't get file lock.
2025-09-15 22:14:30,795 [ERROR] LogOutputStream:75 - [STDERR_REDIRECT] 
2025-09-15 22:15:00,794 [ERROR] LogOutputStream:75 - [STDERR_REDIRECT] Sep 15, 2025 10:15:00 PM java.util.prefs.FileSystemPreferences checkLockFile0ErrorCode
2025-09-15 22:15:00,794 [ERROR] LogOutputStream:75 - [STDERR_REDIRECT] WARNING: Could not lock System prefs. Unix error code 2.
2025-09-15 22:15:00,794 [ERROR] LogOutputStream:75 - [STDERR_REDIRECT] 
2025-09-15 22:15:00,795 [ERROR] LogOutputStream:75 - [STDERR_REDIRECT] Sep 15, 2025 10:15:00 PM java.util.prefs.FileSystemPreferences syncWorld
2025-09-15 22:15:00,795 [ERROR] LogOutputStream:75 - [STDERR_REDIRECT] WARNING: Couldn't flush system prefs: java.util.prefs.BackingStoreException: Couldn't get file lock.
2025-09-15 22:15:00,795 [ERROR] LogOutputStream:75 - [STDERR_REDIRECT] 
2025-09-15 22:15:30,795 [ERROR] LogOutputStream:75 - [STDERR_REDIRECT] Sep 15, 2025 10:15:30 PM java.util.prefs.FileSystemPreferences checkLockFile0ErrorCode
2025-09-15 22:15:30,795 [ERROR] LogOutputStream:75 - [STDERR_REDIRECT] WARNING: Could not lock System prefs. Unix error code 2.
2025-09-15 22:15:30,795 [ERROR] LogOutputStream:75 - [STDERR_REDIRECT] 
2025-09-15 22:15:30,796 [ERROR] LogOutputStream:75 - [STDERR_REDIRECT] Sep 15, 2025 10:15:30 PM java.util.prefs.FileSystemPreferences syncWorld
2025-09-15 22:15:30,796 [ERROR] LogOutputStream:75 - [STDERR_REDIRECT] WARNING: Couldn't flush system prefs: java.util.prefs.BackingStoreException: Couldn't get file lock.
2025-09-15 22:15:30,796 [ERROR] LogOutputStream:75 - [STDERR_REDIRECT] 
2025-09-15 22:16:00,793 [ERROR] LogOutputStream:75 - [STDERR_REDIRECT] Sep 15, 2025 10:16:00 PM java.util.prefs.FileSystemPreferences checkLockFile0ErrorCode
2025-09-15 22:16:00,794 [ERROR] LogOutputStream:75 - [STDERR_REDIRECT] WARNING: Could not lock System prefs. Unix error code 2.
2025-09-15 22:16:00,794 [ERROR] LogOutputStream:75 - [STDERR_REDIRECT] 
2025-09-15 22:16:00,794 [ERROR] LogOutputStream:75 - [STDERR_REDIRECT] Sep 15, 2025 10:16:00 PM java.util.prefs.FileSystemPreferences syncWorld
2025-09-15 22:16:00,795 [ERROR] LogOutputStream:75 - [STDERR_REDIRECT] WARNING: Couldn't flush system prefs: java.util.prefs.BackingStoreException: Couldn't get file lock.
2025-09-15 22:16:00,795 [ERROR] LogOutputStream:75 - [STDERR_REDIRECT] 
2025-09-15 22:16:30,793 [ERROR] LogOutputStream:75 - [STDERR_REDIRECT] Sep 15, 2025 10:16:30 PM java.util.prefs.FileSystemPreferences checkLockFile0ErrorCode
2025-09-15 22:16:30,794 [ERROR] LogOutputStream:75 - [STDERR_REDIRECT] WARNING: Could not lock System prefs. Unix error code 2.
2025-09-15 22:16:30,794 [ERROR] LogOutputStream:75 - [STDERR_REDIRECT] 
2025-09-15 22:16:30,794 [ERROR] LogOutputStream:75 - [STDERR_REDIRECT] Sep 15, 2025 10:16:30 PM java.util.prefs.FileSystemPreferences syncWorld
2025-09-15 22:16:30,795 [ERROR] LogOutputStream:75 - [STDERR_REDIRECT] WARNING: Couldn't flush system prefs: java.util.prefs.BackingStoreException: Couldn't get file lock.
2025-09-15 22:16:30,795 [ERROR] LogOutputStream:75 - [STDERR_REDIRECT] 
2025-09-15 22:17:00,793 [ERROR] LogOutputStream:75 - [STDERR_REDIRECT] Sep 15, 2025 10:17:00 PM java.util.prefs.FileSystemPreferences checkLockFile0ErrorCode
2025-09-15 22:17:00,793 [ERROR] LogOutputStream:75 - [STDERR_REDIRECT] WARNING: Could not lock System prefs. Unix error code 2.
2025-09-15 22:17:00,794 [ERROR] LogOutputStream:75 - [STDERR_REDIRECT] 
2025-09-15 22:17:00,794 [ERROR] LogOutputStream:75 - [STDERR_REDIRECT] Sep 15, 2025 10:17:00 PM java.util.prefs.FileSystemPreferences syncWorld
2025-09-15 22:17:00,794 [ERROR] LogOutputStream:75 - [STDERR_REDIRECT] WARNING: Couldn't flush system prefs: java.util.prefs.BackingStoreException: Couldn't get file lock.
2025-09-15 22:17:00,794 [ERROR] LogOutputStream:75 - [STDERR_REDIRECT] 
2025-09-15 22:17:30,793 [ERROR] LogOutputStream:75 - [STDERR_REDIRECT] Sep 15, 2025 10:17:30 PM java.util.prefs.FileSystemPreferences checkLockFile0ErrorCode
2025-09-15 22:17:30,793 [ERROR] LogOutputStream:75 - [STDERR_REDIRECT] WARNING: Could not lock System prefs. Unix error code 2.
2025-09-15 22:17:30,794 [ERROR] LogOutputStream:75 - [STDERR_REDIRECT] 
2025-09-15 22:17:30,794 [ERROR] LogOutputStream:75 - [STDERR_REDIRECT] Sep 15, 2025 10:17:30 PM java.util.prefs.FileSystemPreferences syncWorld
2025-09-15 22:17:30,794 [ERROR] LogOutputStream:75 - [STDERR_REDIRECT] WARNING: Couldn't flush system prefs: java.util.prefs.BackingStoreException: Couldn't get file lock.
2025-09-15 22:17:30,794 [ERROR] LogOutputStream:75 - [STDERR_REDIRECT] 
2025-09-15 22:18:00,794 [ERROR] LogOutputStream:75 - [STDERR_REDIRECT] Sep 15, 2025 10:18:00 PM java.util.prefs.FileSystemPreferences checkLockFile0ErrorCode
2025-09-15 22:18:00,794 [ERROR] LogOutputStream:75 - [STDERR_REDIRECT] WARNING: Could not lock System prefs. Unix error code 2.
2025-09-15 22:18:00,794 [ERROR] LogOutputStream:75 - [STDERR_REDIRECT] 
2025-09-15 22:18:00,795 [ERROR] LogOutputStream:75 - [STDERR_REDIRECT] Sep 15, 2025 10:18:00 PM java.util.prefs.FileSystemPreferences syncWorld
2025-09-15 22:18:00,795 [ERROR] LogOutputStream:75 - [STDERR_REDIRECT] WARNING: Couldn't flush system prefs: java.util.prefs.BackingStoreException: Couldn't get file lock.
2025-09-15 22:18:00,795 [ERROR] LogOutputStream:75 - [STDERR_REDIRECT] 
2025-09-15 22:18:30,794 [ERROR] LogOutputStream:75 - [STDERR_REDIRECT] Sep 15, 2025 10:18:30 PM java.util.prefs.FileSystemPreferences checkLockFile0ErrorCode
2025-09-15 22:18:30,794 [ERROR] LogOutputStream:75 - [STDERR_REDIRECT] WARNING: Could not lock System prefs. Unix error code 2.
2025-09-15 22:18:30,794 [ERROR] LogOutputStream:75 - [STDERR_REDIRECT] 
2025-09-15 22:18:30,795 [ERROR] LogOutputStream:75 - [STDERR_REDIRECT] Sep 15, 2025 10:18:30 PM java.util.prefs.FileSystemPreferences syncWorld
2025-09-15 22:18:30,795 [ERROR] LogOutputStream:75 - [STDERR_REDIRECT] WARNING: Couldn't flush system prefs: java.util.prefs.BackingStoreException: Couldn't get file lock.
2025-09-15 22:18:30,795 [ERROR] LogOutputStream:75 - [STDERR_REDIRECT] 
2025-09-15 22:19:00,794 [ERROR] LogOutputStream:75 - [STDERR_REDIRECT] Sep 15, 2025 10:19:00 PM java.util.prefs.FileSystemPreferences checkLockFile0ErrorCode
2025-09-15 22:19:00,794 [ERROR] LogOutputStream:75 - [STDERR_REDIRECT] WARNING: Could not lock System prefs. Unix error code 2.
2025-09-15 22:19:00,795 [ERROR] LogOutputStream:75 - [STDERR_REDIRECT] 
2025-09-15 22:19:00,795 [ERROR] LogOutputStream:75 - [STDERR_REDIRECT] Sep 15, 2025 10:19:00 PM java.util.prefs.FileSystemPreferences syncWorld
2025-09-15 22:19:00,795 [ERROR] LogOutputStream:75 - [STDERR_REDIRECT] WARNING: Couldn't flush system prefs: java.util.prefs.BackingStoreException: Couldn't get file lock.
2025-09-15 22:19:00,795 [ERROR] LogOutputStream:75 - [STDERR_REDIRECT] 
2025-09-15 22:19:30,794 [ERROR] LogOutputStream:75 - [STDERR_REDIRECT] Sep 15, 2025 10:19:30 PM java.util.prefs.FileSystemPreferences checkLockFile0ErrorCode
2025-09-15 22:19:30,794 [ERROR] LogOutputStream:75 - [STDERR_REDIRECT] WARNING: Could not lock System prefs. Unix error code 2.
2025-09-15 22:19:30,795 [ERROR] LogOutputStream:75 - [STDERR_REDIRECT] 
2025-09-15 22:19:30,795 [ERROR] LogOutputStream:75 - [STDERR_REDIRECT] Sep 15, 2025 10:19:30 PM java.util.prefs.FileSystemPreferences syncWorld
2025-09-15 22:19:30,795 [ERROR] LogOutputStream:75 - [STDERR_REDIRECT] WARNING: Couldn't flush system prefs: java.util.prefs.BackingStoreException: Couldn't get file lock.
2025-09-15 22:19:30,795 [ERROR] LogOutputStream:75 - [STDERR_REDIRECT] 
